repetition,order,circuit,qubits,layers,precision,steps,policy,variant,baseline_variant,joint_variant,directional_variant,median_ms,forward_mean_ms,hamiltonian_mean_ms,backward_mean_ms,baseline_over_policy,baseline_over_policy_forward,baseline_over_policy_hamiltonian,baseline_over_policy_backward,joint_over_policy,joint_over_policy_forward,joint_over_policy_backward,energy_abs_error,gradient_max_abs_error,correct
0,baseline-directional-joint,su2-hea,22,8,float64,3,baseline,f128r2_b128r2,f128r2_b128r2,f128r3_b64r4,f128r2_b64r4,32.067322,5.6691683333333325,0.5076573333333334,25.733934333333334,1.0,1.0,1.0,1.0,0.9165560816085611,1.0760927602255594,0.8730335093339724,0.0,0.0,1
0,baseline-directional-joint,su2-hea,22,8,float64,3,directional,f128r2_b64r4,f128r2_b128r2,f128r3_b64r4,f128r2_b64r4,28.453334,5.120665,0.37443033333333336,22.507257666666668,1.127014570594785,1.1071156448104558,1.3558125187507066,1.1433616087065723,1.0329720587401112,1.1913591301129836,0.998192997686835,6.245004513516506e-17,3.191891195797325e-16,1
0,baseline-directional-joint,su2-hea,22,8,float64,3,joint,f128r3_b64r4,f128r2_b128r2,f128r3_b64r4,f128r2_b64r4,29.391499000000003,6.100551,0.3685786666666666,22.466587,1.0910407121460526,0.9292879173263746,1.3773378093866895,1.1454314059066173,1.0,1.0,1.0,7.28583859910259e-17,3.0531133177191805e-16,1
0,directional-joint-baseline,rzz-hea,24,8,float64,3,directional,f128r2_b64r4,f128r2_b128r2,f64r3_b64r4,f128r2_b64r4,136.692069,30.143020333333336,1.6958229999999999,104.15310366666668,1.0277816118212388,0.9905430622573864,1.0637004372901337,1.0406336042903197,0.9740903695005158,0.9523622610656102,0.9852221526533417,8.881784197001252e-16,1.1435297153639112e-14,1
0,directional-joint-baseline,rzz-hea,24,8,float64,3,joint,f64r3_b64r4,f128r2_b128r2,f64r3_b64r4,f128r2_b64r4,133.150428,28.707075,1.7384363333333333,102.613945,1.0551193646932926,1.0400906280652649,1.0376265337298327,1.0562425961370714,1.0,1.0,1.0,8.881784197001252e-16,1.1546319456101628e-14,1
0,directional-joint-baseline,rzz-hea,24,8,float64,3,baseline,f128r2_b128r2,f128r2_b128r2,f64r3_b64r4,f128r2_b64r4,140.489595,29.857959666666666,1.8038476666666665,108.38521966666666,1.0,1.0,1.0,1.0,0.9477600672135186,0.9614546780987345,0.9467521984601228,0.0,0.0,1
0,baseline-directional-joint,rzz-hea,26,8,float64,2,baseline,f128r2_b128r2,f128r2_b128r2,f64r4_b128r3,f128r2_b128r3,611.589374,133.02937,12.022034000000001,466.53797,1.0,1.0,1.0,1.0,0.9637183469116322,1.1044402638304611,0.923846399897526,0.0,0.0,1
0,baseline-directional-joint,rzz-hea,26,8,float64,2,directional,f128r2_b128r3,f128r2_b128r2,f64r4_b128r3,f128r2_b128r3,579.102607,133.919978,11.0230215,434.15960750000005,1.0560984644298104,0.9933497002217251,1.0906296426982385,1.0745770954751932,1.01778146631621,1.0970954049887913,0.9927441810670974,3.552713678800501e-15,1.84297022087776e-14,1
0,baseline-directional-joint,rzz-hea,26,8,float64,2,joint,f64r4_b128r3,f128r2_b128r2,f64r4_b128r3,f128r2_b128r3,589.3999005,146.92299250000002,11.467484,431.00942399999997,1.0376475691312066,0.9054360228879764,1.048358471657776,1.082431018956096,1.0,1.0,1.0,1.3322676295501878e-15,1.865174681370263e-14,1
0,baseline-directional-joint,su2-hea,24,8,float64,3,baseline,f128r2_b128r2,f128r2_b128r2,f128r3_b64r4,f128r2_b64r4,128.94871799999999,24.15753633333333,1.806254,102.94621500000001,1.0,1.0,1.0,1.0,0.9112219556924948,1.0405587992561438,0.8756025691020629,0.0,0.0,1
0,baseline-directional-joint,su2-hea,24,8,float64,3,directional,f128r2_b64r4,f128r2_b128r2,f128r3_b64r4,f128r2_b64r4,118.509896,23.476901000000005,1.741673,93.04855466666667,1.0880839689539512,1.028991702666946,1.0370798651641266,1.1063709196643656,0.9914860021478712,1.0707263705716523,0.9687412196379307,5.551115123125783e-17,2.040034807748725e-15,1
0,baseline-directional-joint,su2-hea,24,8,float64,3,joint,f128r3_b64r4,f128r2_b128r2,f128r3_b64r4,f128r2_b64r4,117.500903,25.137337,1.7599529999999999,90.13997033333334,1.0974274640255317,0.9610220976602785,1.0263080889091925,1.1420706554407527,1.0,1.0,1.0,8.326672684688674e-17,2.0539125955565396e-15,1
0,joint-baseline-directional,ra-hea,22,8,float64,3,joint,f64r4_b64r4,f128r2_b128r2,f64r4_b64r4,f128r2_b64r4,11.410323,3.080119666666667,0.210599,8.520010333333333,1.16253632784979,1.0626803568995533,1.010057027811148,1.1927964406615938,1.0,1.0,1.0,2.220446049250313e-16,2.4980018054066022e-15,1
0,joint-baseline-directional,ra-hea,22,8,float64,3,baseline,f128r2_b128r2,f128r2_b128r2,f64r4_b64r4,f128r2_b64r4,13.264914999999998,3.273182666666667,0.212717,10.162638,1.0,1.0,1.0,1.0,0.8601881730866727,0.9410167351898479,0.8383660161203552,0.0,0.0,1
0,joint-baseline-directional,ra-hea,22,8,float64,3,directional,f128r2_b64r4,f128r2_b128r2,f64r4_b64r4,f128r2_b64r4,11.235197000000001,3.0775823333333334,0.3227966666666667,7.8133273333333335,1.1806570903919171,1.0635564908255366,0.6589814021210462,1.3006799237303168,1.0155872656260498,1.0008244566866178,1.090445845905513,3.885780586188048e-16,2.0539125955565396e-15,1
0,joint-directional-baseline,qaoa,18,8,float64,5,joint,f32r2_b32r2,f128r2_b128r2,f32r2_b32r2,f128r2_b32r2,1.404712,0.778023,0.046646400000000005,0.973122,1.0146998103525848,0.49475863824077176,0.40493157028195104,1.0524692690125184,1.0,1.0,1.0,7.105427357601002e-15,5.062616992290714e-14,1
0,joint-directional-baseline,qaoa,18,8,float64,5,directional,f128r2_b32r2,f128r2_b128r2,f32r2_b32r2,f128r2_b32r2,1.353469,0.38614200000000004,0.0522056,0.9601455999999999,1.0531168427204465,0.9968705812887486,0.3618117596579678,1.0666934264969814,1.0378604903400077,2.014862408129652,1.0135150335532446,1.7763568394002505e-15,4.440892098500626e-14,1
0,joint-directional-baseline,qaoa,18,8,float64,5,baseline,f128r2_b128r2,f128r2_b128r2,f32r2_b32r2,f128r2_b32r2,1.425361,0.3849336,0.018888600000000002,1.024181,1.0,1.0,1.0,1.0,0.9855131436878095,2.0211875502684102,0.9501465073068139,0.0,0.0,1
0,joint-baseline-directional,qaoa,26,8,float64,2,joint,f64r4_b128r3,f128r2_b128r2,f64r4_b128r3,f128r2_b128r3,414.7050555,111.23248550000001,2.9514385000000005,300.5211315,1.0973859131071044,1.0239834701886616,1.0010167923200837,1.1255009533331268,1.0,1.0,1.0,1.7763568394002505e-15,1.1901590823981678e-12,1
0,joint-baseline-directional,qaoa,26,8,float64,2,baseline,f128r2_b128r2,f128r2_b128r2,f64r4_b128r3,f128r2_b128r3,455.091486,113.9002265,2.9544395,338.23681999999997,1.0,1.0,1.0,1.0,0.9112564577839631,0.9765782643110021,0.8884932500843641,0.0,0.0,1
0,joint-baseline-directional,qaoa,26,8,float64,2,directional,f128r2_b128r3,f128r2_b128r2,f64r4_b128r3,f128r2_b128r3,420.34317050000004,113.85829799999999,2.9148235000000002,303.570049,1.0826665399574986,1.0003682515963834,1.013591217444212,1.114196941082287,0.9865868761628898,0.976937890815828,0.9899564614162579,7.105427357601002e-15,1.212363542890671e-12,1
1,baseline-directional-joint,su2-hea,22,8,float64,3,baseline,f128r2_b128r2,f128r2_b128r2,f128r3_b64r4,f128r2_b64r4,30.839182,5.791585333333332,0.46328633333333336,24.888997666666665,1.0,1.0,1.0,1.0,0.9298569592410071,0.9398908968851134,0.912188937352814,0.0,0.0,1
1,baseline-directional-joint,su2-hea,22,8,float64,3,directional,f128r2_b64r4,f128r2_b128r2,f128r3_b64r4,f128r2_b64r4,27.561131999999997,5.224427666666666,0.37675833333333336,22.769622666666667,1.1189374224542012,1.1085588131089064,1.2296644621884054,1.0930790567338928,1.0404517492242338,1.0419243371028266,0.997094623204706,3.122502256758253e-17,3.7470027081099033e-16,1
1,baseline-directional-joint,su2-hea,22,8,float64,3,joint,f128r3_b64r4,f128r2_b128r2,f128r3_b64r4,f128r2_b64r4,28.676028,5.443458333333334,0.5296506666666666,22.703468333333333,1.075434226804354,1.0639532772517468,0.8747016901706284,1.0962641170611156,1.0,1.0,1.0,2.7755575615628914e-17,3.122502256758253e-16,1
1,baseline-joint-directional,qaoa,26,8,float64,2,baseline,f128r2_b128r2,f128r2_b128r2,f64r4_b128r3,f128r2_b128r3,455.5204185,112.758637,2.7911075,339.97067400000003,1.0,1.0,1.0,1.0,0.9225818315321028,0.9899192023756017,0.8996507489937204,0.0,0.0,1
1,baseline-joint-directional,qaoa,26,8,float64,2,joint,f64r4_b128r3,f128r2_b128r2,f64r4_b128r3,f128r2_b128r3,420.254862,111.62194000000001,2.7780505,305.8548715,1.083914690081563,1.0101834549730992,1.0047000585482517,1.1115424525778725,1.0,1.0,1.0,0.0,1.2114753644709708e-12,1
1,baseline-joint-directional,qaoa,26,8,float64,2,directional,f128r2_b128r3,f128r2_b128r2,f64r4_b128r3,f128r2_b128r3,417.99927449999996,113.405347,2.9195065,301.674421,1.089763658190273,0.9942973588361754,0.9560203068566554,1.1269456418381592,1.0053961517103065,0.9842740483832743,1.013857490754909,3.552713678800501e-15,1.2310152897043736e-12,1
1,joint-baseline-directional,qaoa,18,8,float64,5,joint,f32r2_b32r2,f128r2_b128r2,f32r2_b32r2,f128r2_b32r2,1.383408,0.46439439999999993,0.08166219999999999,0.9577393999999999,1.0382345627609497,0.9051263322727408,0.6731021206874171,1.0754395193515063,1.0,1.0,1.0,8.881784197001252e-15,5.595524044110789e-14,1
1,joint-baseline-directional,qaoa,18,8,float64,5,baseline,f128r2_b128r2,f128r2_b128r2,f32r2_b32r2,f128r2_b32r2,1.436302,0.42033560000000003,0.05496699999999999,1.0299908,1.0,1.0,1.0,1.0,0.963173483014018,1.1048181500686591,0.9298523831474999,0.0,0.0,1
1,joint-baseline-directional,qaoa,18,8,float64,5,directional,f128r2_b32r2,f128r2_b128r2,f32r2_b32r2,f128r2_b32r2,1.364971,0.5749028,0.0192478,0.9573282000000001,1.0522582531057436,0.7311420295743907,2.855754943422105,1.0759014515607082,1.0135072466741053,0.8077789845518232,1.000429528765579,7.105427357601002e-15,5.240252676230739e-14,1
1,directional-joint-baseline,rzz-hea,24,8,float64,3,directional,f128r2_b64r4,f128r2_b128r2,f64r3_b64r4,f128r2_b64r4,136.265464,31.180556999999997,1.7581740000000001,103.40480333333333,1.0384021588918522,0.9552611798008184,0.9722054434506101,1.0618366374405366,1.005605088608512,0.9214105550883307,1.030017035636739,1.7763568394002505e-15,1.1435297153639112e-14,1
1,directional-joint-baseline,rzz-hea,24,8,float64,3,joint,f64r3_b64r4,f128r2_b128r2,f64r3_b64r4,f128r2_b64r4,137.029244,28.730094333333334,1.7638626666666666,106.508709,1.0326142644412457,1.036737830411811,0.969069965386572,1.030892306343387,1.0,1.0,1.0,4.440892098500626e-15,1.1435297153639112e-14,1
1,directional-joint-baseline,rzz-hea,24,8,float64,3,baseline,f128r2_b128r2,f128r2_b128r2,f64r3_b64r4,f128r2_b64r4,141.49835199999998,29.785575666666663,1.7093063333333331,109.79900866666665,1.0,1.0,1.0,1.0,0.9684158300303033,0.9645640109445819,0.9700334301136041,0.0,0.0,1
1,baseline-joint-directional,rzz-hea,26,8,float64,2,baseline,f128r2_b128r2,f128r2_b128r2,f64r4_b128r3,f128r2_b128r3,622.5493855,136.288005,10.802753,475.45862750000003,1.0,1.0,1.0,1.0,0.9544575255226879,1.0836288160502459,0.914643790957395,0.0,0.0,1
1,baseline-joint-directional,rzz-hea,26,8,float64,2,joint,f64r4_b128r3,f128r2_b128r2,f64r4_b128r3,f128r2_b128r3,594.1969459999999,147.6856095,11.636054999999999,434.87528149999997,1.0477155591102618,0.9228252194740748,0.928386209931115,1.0933218044953426,1.0,1.0,1.0,4.884981308350689e-15,1.865174681370263e-14,1
1,baseline-joint-directional,rzz-hea,26,8,float64,2,directional,f128r2_b128r3,f128r2_b128r2,f64r4_b128r3,f128r2_b128r3,584.1574545,133.82721949999998,11.3931925,438.93704249999996,1.0657218883440611,1.0183877802228418,0.9481761148159306,1.0832046090072247,1.017186276444239,1.1035543445629161,0.9907463699648908,6.217248937900877e-15,1.9095836023552692e-14,1
1,joint-directional-baseline,ra-hea,22,8,float64,3,joint,f64r4_b64r4,f128r2_b128r2,f64r4_b64r4,f128r2_b64r4,11.316866,3.182644666666667,0.2750516666666667,8.063941999999999,1.1957123995282792,0.9720679887397627,1.0179893474559323,1.3379222800296264,1.0,1.0,1.0,1.6653345369377348e-16,2.1649348980190553e-15,1
1,joint-directional-baseline,ra-hea,22,8,float64,3,directional,f128r2_b64r4,f128r2_b128r2,f64r4_b64r4,f128r2_b64r4,11.067364,3.0296436666666664,0.21634333333333333,8.175260333333334,1.2226684692036875,1.0211587039223864,1.2942375545044142,1.319704477504712,1.0225439409058923,1.0505013185819105,0.9863835121091554,1.1102230246251565e-16,2.220446049250313e-15,1
1,joint-directional-baseline,ra-hea,22,8,float64,3,baseline,f128r2_b128r2,f128r2_b128r2,f64r4_b64r4,f128r2_b64r4,13.531716999999999,3.0937469999999996,0.27999966666666665,10.788927666666664,1.0,1.0,1.0,1.0,0.8363215104188183,1.0287346271904805,0.7474275710378755,0.0,0.0,1
1,joint-baseline-directional,su2-hea,24,8,float64,3,joint,f128r3_b64r4,f128r2_b128r2,f128r3_b64r4,f128r2_b64r4,117.670492,25.387798666666665,1.7354686666666668,90.86496033333334,1.1206359534895123,0.972052559210989,1.0077856010460957,1.1642236524610305,1.0,1.0,1.0,1.1796119636642288e-16,2.0539125955565396e-15,1
1,joint-baseline-directional,su2-hea,24,8,float64,3,baseline,f128r2_b128r2,f128r2_b128r2,f128r3_b64r4,f128r2_b64r4,131.86578400000002,24.678274666666667,1.7489803333333331,105.787136,1.0,1.0,1.0,1.0,0.8923504523356869,1.0287509564417954,0.8589414910838813,0.0,0.0,1
1,joint-baseline-directional,su2-hea,24,8,float64,3,directional,f128r2_b64r4,f128r2_b128r2,f128r3_b64r4,f128r2_b64r4,119.109549,25.439925666666667,1.834647,91.546923,1.1070966610745878,0.9700608008852017,0.9533061855132531,1.155550973570133,0.9879182062892371,0.9979509767173455,0.9925506762617607,5.551115123125783e-17,2.123301534595612e-15,1
2,directional-joint-baseline,ra-hea,22,8,float64,3,directional,f128r2_b64r4,f128r2_b128r2,f64r4_b64r4,f128r2_b64r4,11.006013,2.997375666666666,0.215076,7.83643,1.2221100411202495,1.057221166916348,0.9956077541582201,1.3032160052472874,1.1302171821894087,1.3650904841535267,0.9904909080623021,2.7755575615628914e-16,2.0539125955565396e-15,1
2,directional-joint-baseline,ra-hea,22,8,float64,3,joint,f64r4_b64r4,f128r2_b128r2,f64r4_b64r4,f128r2_b64r4,12.439185,4.091689,0.21409433333333333,7.7619126666666665,1.0813054874575785,0.7744696627725127,1.0001728210150356,1.315727377848192,1.0,1.0,1.0,1.1102230246251565e-16,2.3314683517128287e-15,1
2,directional-joint-baseline,ra-hea,22,8,float64,3,baseline,f128r2_b128r2,f128r2_b128r2,f64r4_b64r4,f128r2_b64r4,13.450558999999998,3.1688889999999996,0.21413133333333334,10.212561,1.0,1.0,1.0,1.0,0.92480803214201,1.2912061608973997,0.7600358682476086,0.0,0.0,1
2,joint-baseline-directional,su2-hea,24,8,float64,3,joint,f128r3_b64r4,f128r2_b128r2,f128r3_b64r4,f128r2_b64r4,119.17007900000002,25.526149666666665,1.6940323333333331,91.40109633333333,1.0919939140092372,0.9430040428214993,1.045400156667612,1.1400794940865937,1.0,1.0,1.0,6.938893903907228e-18,2.1788126858268697e-15,1
2,joint-baseline-directional,su2-hea,24,8,float64,3,baseline,f128r2_b128r2,f128r2_b128r2,f128r3_b64r4,f128r2_b64r4,130.133001,24.071262333333333,1.7709416666666669,104.20451566666667,1.0,1.0,1.0,1.0,0.9157560194896298,1.0604408407497032,0.8771318186028578,0.0,0.0,1
2,joint-baseline-directional,su2-hea,24,8,float64,3,directional,f128r2_b64r4,f128r2_b128r2,f128r3_b64r4,f128r2_b64r4,120.01610100000002,24.265809,1.73974,93.52728400000001,1.0842961895587657,0.9919826836736962,1.0179346722307165,1.1141616778550594,0.9929507624981084,1.0519389510840815,0.9772666587146198,3.469446951953614e-17,2.248201624865942e-15,1
2,directional-baseline-joint,qaoa,18,8,float64,5,directional,f128r2_b32r2,f128r2_b128r2,f32r2_b32r2,f128r2_b32r2,1.363493,0.3870916,0.0187026,0.9576994000000001,1.0519628630289997,1.5835300998523345,2.7148845615048174,1.074976135518097,1.014633738493707,1.1550000051667357,1.0005356586837164,0.0,4.3520742565306136e-14,1
2,directional-baseline-joint,qaoa,18,8,float64,5,baseline,f128r2_b128r2,f128r2_b128r2,f32r2_b32r2,f128r2_b32r2,1.4343439999999998,0.6129711999999999,0.0507754,1.0295040000000002,1.0,1.0,1.0,1.0,0.9645147886420553,0.7293830444236206,0.9307515075220688,0.0,0.0,1
2,directional-baseline-joint,qaoa,18,8,float64,5,joint,f32r2_b32r2,f128r2_b128r2,f32r2_b32r2,f128r2_b32r2,1.383446,0.44709079999999995,0.0517456,0.9582124000000001,1.0367907384892507,1.3710217253408032,0.9812505797594384,1.074400623494332,1.0,1.0,1.0,1.7763568394002505e-15,4.884981308350689e-14,1
2,directional-joint-baseline,su2-hea,22,8,float64,3,directional,f128r2_b64r4,f128r2_b128r2,f128r3_b64r4,f128r2_b64r4,29.532269,5.865146666666667,0.4655956666666667,23.19137466666667,1.0497595697777236,0.9776893331454057,0.9480250030963918,1.0937422510702397,0.9956624734794336,1.041447045370846,1.011163661938453,3.469446951953614e-17,3.3306690738754696e-16,1
2,directional-joint-baseline,su2-hea,22,8,float64,3,joint,f128r3_b64r4,f128r2_b128r2,f128r3_b64r4,f128r2_b64r4,29.404172,6.108239666666667,0.43889766666666663,23.450275333333337,1.0543327661122375,0.9387796887908622,1.005693050695948,1.0816668876069768,1.0,1.0,1.0,5.204170427930421e-17,2.914335439641036e-16,1
2,directional-joint-baseline,su2-hea,22,8,float64,3,baseline,f128r2_b128r2,f128r2_b128r2,f128r3_b64r4,f128r2_b64r4,31.001782,5.734291333333333,0.4413963333333333,25.365386333333333,1.0,1.0,1.0,1.0,0.9484671558557505,1.0652126499327963,0.9244990407465903,0.0,0.0,1
2,joint-baseline-directional,rzz-hea,26,8,float64,2,joint,f64r4_b128r3,f128r2_b128r2,f64r4_b128r3,f128r2_b128r3,599.140888,147.94007000000002,11.4992485,439.7015695,1.0421811113315302,0.9145350242162248,1.0523409421059124,1.0848626525086806,1.0,1.0,1.0,1.7763568394002505e-15,1.865174681370263e-14,1
2,joint-baseline-directional,rzz-hea,26,8,float64,2,baseline,f128r2_b128r2,f128r2_b128r2,f64r4_b128r3,f128r2_b128r3,624.4133165,135.2963755,12.10113,477.015811,1.0,1.0,1.0,1.0,0.9595261218295944,1.0934518345615254,0.921775671498654,0.0,0.0,1
2,joint-baseline-directional,rzz-hea,26,8,float64,2,directional,f128r2_b128r3,f128r2_b128r2,f64r4_b128r3,f128r2_b128r3,591.794299,135.7271515,11.105561,444.96158649999995,1.0551188437521597,0.9968261619341509,1.0896459890679993,1.0720381836826267,1.0124140922148357,1.0899813955058213,0.9881787166362507,1.3322676295501878e-15,1.8540724511240114e-14,1
2,directional-baseline-joint,qaoa,26,8,float64,2,directional,f128r2_b128r3,f128r2_b128r2,f64r4_b128r3,f128r2_b128r3,424.0152535,114.99789050000001,3.174959,305.84240399999993,1.0970072283024603,1.0152919587685827,0.9107240439955288,1.1296662872163405,0.9954628802050869,0.9903661667602502,0.9980490164470458,1.5987211554602254e-14,1.2372325386422744e-12,1
2,directional-baseline-joint,qaoa,26,8,float64,2,baseline,f128r2_b128r2,f128r2_b128r2,f64r4_b128r3,f128r2_b128r3,465.147798,116.7564335,2.8915115,345.499853,1.0,1.0,1.0,1.0,0.9074351148492377,0.9754496312188228,0.8834901313257577,0.0,0.0,1
2,directional-baseline-joint,qaoa,26,8,float64,2,joint,f64r4_b128r3,f128r2_b128r2,f64r4_b128r3,f128r2_b128r3,422.0914455,113.89002,2.955715,305.2457105,1.1020071668332354,1.0251682588167075,0.9782781831130538,1.1318745558588283,1.0,1.0,1.0,5.329070518200751e-15,1.2159162565694714e-12,1
2,directional-joint-baseline,rzz-hea,24,8,float64,3,directional,f128r2_b64r4,f128r2_b128r2,f64r3_b64r4,f128r2_b64r4,137.341869,31.395739666666664,1.7842556666666665,105.11417833333333,1.0417086067177375,0.9772741352518329,0.996622307677506,1.0562489230956427,0.9913091979256522,0.953188362000581,0.9979353942848211,1.7763568394002505e-15,1.1657341758564144e-14,1
2,directional-joint-baseline,rzz-hea,24,8,float64,3,joint,f64r3_b64r4,f128r2_b128r2,f64r3_b64r4,f128r2_b64r4,136.148258,29.926053666666665,1.7758273333333332,104.897159,1.0508412601210073,1.0252686396639379,1.0013524212751916,1.05843417233699,1.0,1.0,1.0,1.7763568394002505e-15,1.1657341758564144e-14,1
2,directional-joint-baseline,rzz-hea,24,8,float64,3,baseline,f128r2_b128r2,f128r2_b128r2,f64r3_b64r4,f128r2_b64r4,143.070207,30.682244333333333,1.778229,111.02673766666666,1.0,1.0,1.0,1.0,0.9516185155166511,0.9753541279949609,0.9447918690985105,0.0,0.0,1
3,baseline-directional-joint,ra-hea,22,8,float64,3,baseline,f128r2_b128r2,f128r2_b128r2,f64r4_b64r4,f128r2_b64r4,13.690650999999999,2.977130333333333,0.21557466666666666,10.683561333333332,1.0,1.0,1.0,1.0,0.8619485662150033,1.0619304428615879,0.7971876668841141,0.0,0.0,1
3,baseline-directional-joint,ra-hea,22,8,float64,3,directional,f128r2_b64r4,f128r2_b128r2,f64r4_b64r4,f128r2_b64r4,11.739465,3.175542,1.0215303333333334,8.024151666666667,1.1662074038297316,0.9375188025645176,0.2110310968086769,1.3314256481110878,1.0052107996403585,0.9955797571984037,1.0613961060473476,1.1102230246251565e-16,1.8318679906315083e-15,1
3,baseline-directional-joint,ra-hea,22,8,float64,3,joint,f64r4_b64r4,f128r2_b128r2,f64r4_b64r4,f128r2_b64r4,11.800637,3.1615053333333334,0.26780366666666666,8.516803333333334,1.160162031930988,0.9416812623859773,0.804972797235786,1.2544097726807513,1.0,1.0,1.0,0.0,2.0539125955565396e-15,1
3,joint-baseline-directional,qaoa,18,8,float64,5,joint,f32r2_b32r2,f128r2_b128r2,f32r2_b32r2,f128r2_b32r2,1.4152549999999997,0.450611,0.05527420000000001,0.9805410000000001,1.1099568628974992,1.4040460619026167,0.895593242416896,1.0649753554415369,1.0,1.0,1.0,7.105427357601002e-15,4.884981308350689e-14,1
3,joint-baseline-directional,qaoa,18,8,float64,5,baseline,f128r2_b128r2,f128r2_b128r2,f32r2_b32r2,f128r2_b32r2,1.5708719999999998,0.6326786,0.0495032,1.0442520000000002,1.0,1.0,1.0,1.0,0.9009359133016566,0.7122273457645003,0.9389888647567828,0.0,0.0,1
3,joint-baseline-directional,qaoa,18,8,float64,5,directional,f128r2_b32r2,f128r2_b128r2,f32r2_b32r2,f128r2_b32r2,1.493883,0.45380699999999996,0.24495799999999998,0.9640421999999998,1.0515361644787442,1.3941578688737724,0.20208852129752855,1.083201544496704,0.9473666947143783,0.9929573585246592,1.0171141885697537,7.105427357601002e-15,4.263256414560601e-14,1
3,directional-joint-baseline,su2-hea,24,8,float64,3,directional,f128r2_b64r4,f128r2_b128r2,f128r3_b64r4,f128r2_b64r4,120.15230199999999,24.061651,1.7760383333333332,93.83425233333332,1.0922138387327778,1.0277699841406007,0.9677891712172129,1.1231197604220977,1.0133427988753807,1.1055068221766384,0.9931345539184188,1.3877787807814457e-17,2.0816681711721685e-15,1
3,directional-joint-baseline,su2-hea,24,8,float64,3,joint,f128r3_b64r4,f128r2_b128r2,f128r3_b64r4,f128r2_b64r4,121.75547,26.600319333333335,1.7097783333333334,93.19003833333333,1.0778325359838044,0.9296821724872025,1.005294448500634,1.1308837820523128,1.0,1.0,1.0,0.0,2.0261570199409107e-15,1
3,directional-joint-baseline,su2-hea,24,8,float64,3,baseline,f128r2_b128r2,f128r2_b128r2,f128r3_b64r4,f128r2_b64r4,131.232007,24.72984266666667,1.7188306666666666,105.387103,1.0,1.0,1.0,1.0,0.9277879138128245,1.0756364159642584,0.8842641621274411,0.0,0.0,1
3,baseline-joint-directional,su2-hea,22,8,float64,3,baseline,f128r2_b128r2,f128r2_b128r2,f128r3_b64r4,f128r2_b64r4,31.583980999999998,6.165217,0.44707233333333335,24.965539999999997,1.0,1.0,1.0,1.0,0.9082291114600151,0.9585122470141764,0.8938234328865576,0.0,0.0,1
3,baseline-joint-directional,su2-hea,22,8,float64,3,joint,f128r3_b64r4,f128r2_b128r2,f128r3_b64r4,f128r2_b64r4,28.685490999999995,5.9094359999999995,0.4272756666666667,22.314784666666668,1.101043764598626,1.043283487628938,1.0463323053735019,1.1187891961732872,1.0,1.0,1.0,1.734723475976807e-17,3.677613769070831e-16,1
3,baseline-joint-directional,su2-hea,22,8,float64,3,directional,f128r2_b64r4,f128r2_b128r2,f128r3_b64r4,f128r2_b64r4,28.398721,5.257444,0.44229100000000005,23.135586333333332,1.112162093497098,1.1726643212937695,1.0108103789887954,1.0790969219582778,1.0100979899763796,1.1240131135966451,0.9645221152020657,5.204170427930421e-17,3.400058012914542e-16,1
3,joint-baseline-directional,rzz-hea,24,8,float64,3,joint,f64r3_b64r4,f128r2_b128r2,f64r3_b64r4,f128r2_b64r4,136.534115,29.628459666666664,1.7147873333333332,105.334753,1.0488399840581968,0.9928300018836619,1.006263556102778,1.062697186622412,1.0,1.0,1.0,1.7763568394002505e-15,1.1435297153639112e-14,1
3,joint-baseline-directional,rzz-hea,24,8,float64,3,baseline,f128r2_b128r2,f128r2_b128r2,f64r3_b64r4,f128r2_b64r4,143.20243900000003,29.416023666666664,1.7255279999999997,111.93894566666667,1.0,1.0,1.0,1.0,0.9534342847330972,1.0072217782528075,0.9410018324959687,0.0,0.0,1
3,joint-baseline-directional,rzz-hea,24,8,float64,3,directional,f128r2_b64r4,f128r2_b128r2,f64r3_b64r4,f128r2_b64r4,139.54840499999997,31.385327999999998,1.8233240000000002,106.43491966666667,1.0261847063031646,0.9372539827102226,0.9463638936360184,1.0517125959904656,0.9783996814582011,0.9440226231399164,0.9896634800861205,1.7763568394002505e-15,1.1324274851176597e-14,1
4,directional-baseline-joint,qaoa,18,8,float64,5,directional,f128r2_b32r2,f128r2_b128r2,f32r2_b32r2,f128r2_b32r2,1.4329049999999999,0.438926,0.055086800000000005,1.0034059999999998,1.0095393623443285,1.3871914627978295,1.1819927822999337,1.0521396124798938,0.9697293260893082,1.0095642545668289,0.9584305854260391,1.2434497875801753e-14,4.707345624410664e-14,1
4,directional-baseline-joint,qaoa,18,8,float64,5,baseline,f128r2_b128r2,f128r2_b128r2,f32r2_b32r2,f128r2_b32r2,1.446574,0.6088744,0.0651122,1.0557232,1.0,1.0,1.0,1.0,0.9605661376466049,0.7277757120351913,0.9109347980607037,0.0,0.0,1
4,directional-baseline-joint,qaoa,18,8,float64,5,joint,f32r2_b32r2,f128r2_b128r2,f32r2_b32r2,f128r2_b32r2,1.38953,0.4431239999999999,0.047069200000000005,0.961695,1.0410527300598045,1.374049701663643,1.3833292259056875,1.0977734104887726,1.0,1.0,1.0,1.2434497875801753e-14,4.973799150320701e-14,1
4,joint-directional-baseline,su2-hea,24,8,float64,3,joint,f128r3_b64r4,f128r2_b128r2,f128r3_b64r4,f128r2_b64r4,119.589396,25.806249666666666,1.7146533333333331,92.02930033333332,1.0964720567699833,0.9648855085478069,1.0155483324131604,1.1356442454173319,1.0,1.0,1.0,6.938893903907228e-18,1.9290125052862095e-15,1
4,joint-directional-baseline,su2-hea,24,8,float64,3,directional,f128r2_b64r4,f128r2_b128r2,f128r3_b64r4,f128r2_b64r4,120.114583,23.91366466666667,1.7337243333333332,94.19913166666667,1.0916778606307944,1.041248870903573,1.0043772818170056,1.1094852307467307,0.9956276166733227,1.0791424077564356,0.9769654847667649,4.85722573273506e-17,2.067790383364354e-15,1
4,joint-directional-baseline,su2-hea,24,8,float64,3,baseline,f128r2_b128r2,f128r2_b128r2,f128r3_b64r4,f128r2_b64r4,131.126431,24.900076333333338,1.7413133333333333,104.51254533333334,1.0,1.0,1.0,1.0,0.9120159458927086,1.0363923917823596,0.8805574492498883,0.0,0.0,1
4,directional-joint-baseline,su2-hea,22,8,float64,3,directional,f128r2_b64r4,f128r2_b128r2,f128r3_b64r4,f128r2_b64r4,28.948221999999998,5.425523000000001,0.37686166666666665,23.30935266666667,1.1099624356894873,1.1696304669614337,1.0213340881048307,1.0896069786465399,1.0168617955189097,1.0396488350831183,1.004308742565109,3.469446951953614e-18,3.7470027081099033e-16,1
4,directional-joint-baseline,su2-hea,22,8,float64,3,joint,f128r3_b64r4,f128r2_b128r2,f128r3_b64r4,f128r2_b64r4,29.436341,5.640638666666666,0.49763133333333337,23.40978666666667,1.091556827664145,1.1250245539571289,0.7734675067352405,1.0849322847310583,1.0,1.0,1.0,1.0408340855860843e-17,3.2612801348363973e-16,1
4,directional-joint-baseline,su2-hea,22,8,float64,3,baseline,f128r2_b128r2,f128r2_b128r2,f128r3_b64r4,f128r2_b64r4,32.131439,6.345857,0.3849016666666667,25.398033333333334,1.0,1.0,1.0,1.0,0.9161227108440427,0.8888694886548288,0.9217165108584524,0.0,0.0,1
4,joint-directional-baseline,rzz-hea,24,8,float64,3,joint,f64r3_b64r4,f128r2_b128r2,f64r3_b64r4,f128r2_b64r4,137.583021,29.627346,1.7216333333333333,106.486929,1.0450370761956158,1.0187618110196799,1.0503661251911944,1.0441830251923845,1.0,1.0,1.0,2.6645352591003757e-15,1.1879386363489175e-14,1
4,joint-directional-baseline,rzz-hea,24,8,float64,3,directional,f128r2_b64r4,f128r2_b128r2,f64r3_b64r4,f128r2_b64r4,137.619682,30.89605,1.776477,104.83753033333333,1.0447586850258817,0.9769277518215651,1.0179390632883698,1.0606110551548635,0.9997336064183028,0.9589363688885796,1.0157329027250295,0.0,1.1657341758564144e-14,1
4,joint-directional-baseline,rzz-hea,24,8,float64,3,baseline,f128r2_b128r2,f128r2_b128r2,f64r3_b64r4,f128r2_b64r4,143.779358,30.183208666666665,1.8083453333333335,111.19184366666667,1.0,1.0,1.0,1.0,0.9569038484648124,0.9815837118973855,0.9576865126836897,0.0,0.0,1
4,directional-baseline-joint,ra-hea,22,8,float64,3,directional,f128r2_b64r4,f128r2_b128r2,f64r4_b64r4,f128r2_b64r4,11.254814999999999,3.144640666666667,0.329529,7.651212999999999,1.3046355715309403,1.1105305937445737,0.8081210859539929,1.4107603156083444,1.1012168569629976,1.0251630233957838,1.138277246583864,5.551115123125783e-17,2.1094237467877974e-15,1
4,directional-baseline-joint,ra-hea,22,8,float64,3,baseline,f128r2_b128r2,f128r2_b128r2,f64r4_b64r4,f128r2_b64r4,14.683432,3.4922196666666663,0.26629933333333333,10.794027666666667,1.0,1.0,1.0,1.0,0.8440800488605116,0.9231290242433204,0.8068537468698352,0.0,0.0,1
4,directional-baseline-joint,ra-hea,22,8,float64,3,joint,f64r4_b64r4,f128r2_b128r2,f64r4_b64r4,f128r2_b64r4,12.393991999999999,3.2237693333333333,0.217516,8.709201666666665,1.184721758736007,1.083272190276641,1.22427468937151,1.2393819869827336,1.0,1.0,1.0,5.551115123125783e-17,2.3869795029440866e-15,1
