circuit,qubits,layers,variant,execution_mode,shape,forward_ms,hamiltonian_ms,backward_ms,total_ms,samples,correct,energy_abs_error,gradient_max_abs_error,library,compile_flags,forward_relative,backward_relative,total_relative,forward_near_tie,backward_near_tie,total_near_tie
qaoa,20,8,fused-backward,optimized,f128r2_b128r2,1.393064,0.036168000000000006,3.80905,5.519480000000001,9,1,8.881784197001252e-15,7.105427357601002e-15,libsad_fusion_f128r2_b128r2_fused_backward_ce82b75948.so,"[""-DSAD_QAOA_FUSE_COST_RX=0"", ""-DSAD_QAOA_FUSED_BACKWARD=2""]",1.0,1.0,1.0,1,1,1
qaoa,20,8,fused-both,optimized,f128r2_b128r2,1.4301540000000001,0.182871,4.091349999999999,5.5703439999999995,9,1,7.105427357601002e-15,1.0658141036401503e-14,libsad_fusion_f128r2_b128r2_fused_both_0013ed2463.so,"[""-DSAD_QAOA_FUSE_COST_RX=1"", ""-DSAD_QAOA_FUSED_BACKWARD=2""]",1.0266247638299462,1.07411296780037,1.009215360867328,0,0,1
qaoa,20,8,auto,optimized,f128r2_b128r2,1.437707,0.183391,4.102049,5.592962,9,1,5.329070518200751e-15,6.217248937900877e-15,libsad_fusion_f128r2_b128r2_auto_05d6356191.so,"[""-DSAD_QAOA_FUSE_COST_RX=-1"", ""-DSAD_QAOA_FUSED_BACKWARD=1""]",1.0320466252806761,1.0769218046494533,1.0133132106647726,0,0,1
qaoa,20,8,split-both,optimized,f128r2_b128r2,1.4075330000000001,0.20102499999999998,4.09757,5.763542,9,1,3.552713678800501e-15,7.105427357601002e-15,libsad_fusion_f128r2_b128r2_split_both_4da203f407.so,"[""-DSAD_QAOA_FUSE_COST_RX=0"", ""-DSAD_QAOA_FUSED_BACKWARD=0""]",1.010386457477905,1.0757459208989117,1.0442182959264277,1,0,0
qaoa,20,8,fused-forward,optimized,f128r2_b128r2,1.4625409999999999,0.03641,4.073713,5.822628,9,1,7.105427357601002e-15,7.105427357601002e-15,libsad_fusion_f128r2_b128r2_fused_forward_cd039849db.so,"[""-DSAD_QAOA_FUSE_COST_RX=1"", ""-DSAD_QAOA_FUSED_BACKWARD=0""]",1.04987351622036,1.0694826794082513,1.054923289875133,0,0,0
qaoa,22,8,fused-both,optimized,f128r2_b128r2,5.715999,0.135327,17.154541,23.336461999999997,9,1,0.0,4.085620730620576e-14,libsad_fusion_f128r2_b128r2_fused_both_0013ed2463.so,"[""-DSAD_QAOA_FUSE_COST_RX=1"", ""-DSAD_QAOA_FUSED_BACKWARD=2""]",1.0,1.0,1.0,1,1,1
qaoa,22,8,fused-backward,optimized,f128r2_b128r2,6.236867999999999,0.13725099999999998,17.405531,23.822248999999996,9,1,7.105427357601002e-15,4.440892098500626e-14,libsad_fusion_f128r2_b128r2_fused_backward_ce82b75948.so,"[""-DSAD_QAOA_FUSE_COST_RX=0"", ""-DSAD_QAOA_FUSED_BACKWARD=2""]",1.0911247535207755,1.0146311113774482,1.0208166516415385,0,1,0
qaoa,22,8,auto,optimized,f128r2_b128r2,5.879126,0.146403,19.634379,25.464026,9,1,7.105427357601002e-15,2.3092638912203256e-14,libsad_fusion_f128r2_b128r2_auto_05d6356191.so,"[""-DSAD_QAOA_FUSE_COST_RX=-1"", ""-DSAD_QAOA_FUSED_BACKWARD=1""]",1.028538668393749,1.1445586914858288,1.091169089813186,0,0,0
qaoa,22,8,split-both,optimized,f128r2_b128r2,6.11864,0.135691,19.207444,25.640916,9,1,1.7763568394002505e-15,1.9539925233402755e-14,libsad_fusion_f128r2_b128r2_split_both_4da203f407.so,"[""-DSAD_QAOA_FUSE_COST_RX=0"", ""-DSAD_QAOA_FUSED_BACKWARD=0""]",1.0704410550106813,1.1196711121562506,1.0987490734456664,0,0,0
qaoa,22,8,fused-forward,optimized,f128r2_b128r2,5.770511,0.279028,19.934204,25.878235999999998,9,1,5.329070518200751e-15,2.1316282072803006e-14,libsad_fusion_f128r2_b128r2_fused_forward_cd039849db.so,"[""-DSAD_QAOA_FUSE_COST_RX=1"", ""-DSAD_QAOA_FUSED_BACKWARD=0""]",1.0095367406467355,1.1620365709580922,1.1089185670047157,1,0,0
qaoa,24,8,fused-both,optimized,f64r3_b64r4,25.905336000000002,0.7144,78.99959,106.04197699999999,9,1,1.0658141036401503e-14,6.039613253960852e-14,libsad_fusion_f64r3_b64r4_fused_both_aaa9c0f863.so,"[""-DSAD_FORWARD_BLOCK_THREADS=64"", ""-DSAD_FORWARD_REGISTER_BITS=3"", ""-DSAD_BLOCK_THREADS=64"", ""-DSAD_REGISTER_BITS=4"", ""-DSAD_QAOA_FUSE_COST_RX=1"", ""-DSAD_QAOA_FUSED_BACKWARD=2""]",1.0,1.001836845685864,1.0,1,1,1
qaoa,24,8,fused-backward,optimized,f64r3_b64r4,29.722566,0.71157,78.854746,109.150022,9,1,8.881784197001252e-15,5.861977570020827e-14,libsad_fusion_f64r3_b64r4_fused_backward_a3f9814287.so,"[""-DSAD_FORWARD_BLOCK_THREADS=64"", ""-DSAD_FORWARD_REGISTER_BITS=3"", ""-DSAD_BLOCK_THREADS=64"", ""-DSAD_REGISTER_BITS=4"", ""-DSAD_QAOA_FUSE_COST_RX=0"", ""-DSAD_QAOA_FUSED_BACKWARD=2""]",1.1473530395436677,1.0,1.029309572378116,0,1,0
qaoa,24,8,auto,optimized,f64r3_b64r4,30.011481,0.707189,79.06466400000001,109.563432,9,1,1.0658141036401503e-14,6.039613253960852e-14,libsad_fusion_f64r3_b64r4_auto_4869956e87.so,"[""-DSAD_FORWARD_BLOCK_THREADS=64"", ""-DSAD_FORWARD_REGISTER_BITS=3"", ""-DSAD_BLOCK_THREADS=64"", ""-DSAD_REGISTER_BITS=4"", ""-DSAD_QAOA_FUSE_COST_RX=-1"", ""-DSAD_QAOA_FUSED_BACKWARD=1""]",1.158505761129676,1.002662084537055,1.033208122854971,0,1,0
qaoa,24,8,fused-forward,optimized,f64r3_b64r4,26.396809,0.703183,82.11552900000001,109.621864,9,1,1.0658141036401503e-14,2.353672812205332e-14,libsad_fusion_f64r3_b64r4_fused_forward_f3f77f428b.so,"[""-DSAD_FORWARD_BLOCK_THREADS=64"", ""-DSAD_FORWARD_REGISTER_BITS=3"", ""-DSAD_BLOCK_THREADS=64"", ""-DSAD_REGISTER_BITS=4"", ""-DSAD_QAOA_FUSE_COST_RX=1"", ""-DSAD_QAOA_FUSED_BACKWARD=0""]",1.0189718828584196,1.0413517659419003,1.0337591499260714,1,0,0
qaoa,24,8,split-both,optimized,f64r3_b64r4,29.761699,0.709201,82.29988200000001,112.326358,9,1,1.0658141036401503e-14,2.3092638912203256e-14,libsad_fusion_f64r3_b64r4_split_both_00cc3cdfca.so,"[""-DSAD_FORWARD_BLOCK_THREADS=64"", ""-DSAD_FORWARD_REGISTER_BITS=3"", ""-DSAD_BLOCK_THREADS=64"", ""-DSAD_REGISTER_BITS=4"", ""-DSAD_QAOA_FUSE_COST_RX=0"", ""-DSAD_QAOA_FUSED_BACKWARD=0""]",1.148863654962823,1.0436896467842278,1.0592631444432614,0,0,0
qaoa,26,8,fused-both,optimized,f64r4_b128r3,119.732889,3.021339,318.051563,441.058408,9,1,7.105427357601002e-15,8.171241461241152e-14,libsad_fusion_f64r4_b128r3_fused_both_f60ba618ce.so,"[""-DSAD_FORWARD_BLOCK_THREADS=64"", ""-DSAD_FORWARD_REGISTER_BITS=4"", ""-DSAD_BLOCK_THREADS=128"", ""-DSAD_REGISTER_BITS=3"", ""-DSAD_QAOA_FUSE_COST_RX=1"", ""-DSAD_QAOA_FUSED_BACKWARD=2""]",1.0,1.000311625182758,1.0,1,1,1
qaoa,26,8,auto,optimized,f64r4_b128r3,120.34178399999999,3.077399,318.0879,441.576461,9,1,3.552713678800501e-15,8.08242361927114e-14,libsad_fusion_f64r4_b128r3_auto_ab3f60d452.so,"[""-DSAD_FORWARD_BLOCK_THREADS=64"", ""-DSAD_FORWARD_REGISTER_BITS=4"", ""-DSAD_BLOCK_THREADS=128"", ""-DSAD_REGISTER_BITS=3"", ""-DSAD_QAOA_FUSE_COST_RX=-1"", ""-DSAD_QAOA_FUSED_BACKWARD=1""]",1.005085444818758,1.0004259095559627,1.0011745677910306,1,1,1
qaoa,26,8,fused-backward,optimized,f64r4_b128r3,137.72133,3.3102829999999996,317.95248100000003,458.984094,9,1,5.329070518200751e-15,8.171241461241152e-14,libsad_fusion_f64r4_b128r3_fused_backward_341a4da1d1.so,"[""-DSAD_FORWARD_BLOCK_THREADS=64"", ""-DSAD_FORWARD_REGISTER_BITS=4"", ""-DSAD_BLOCK_THREADS=128"", ""-DSAD_REGISTER_BITS=3"", ""-DSAD_QAOA_FUSE_COST_RX=0"", ""-DSAD_QAOA_FUSED_BACKWARD=2""]",1.1502380937287833,1.0,1.0406424311947367,0,1,0
qaoa,26,8,fused-forward,optimized,f64r4_b128r3,120.30534800000001,3.172669,351.425068,475.114121,9,1,3.552713678800501e-15,1.0658141036401503e-14,libsad_fusion_f64r4_b128r3_fused_forward_ee1f10dcea.so,"[""-DSAD_FORWARD_BLOCK_THREADS=64"", ""-DSAD_FORWARD_REGISTER_BITS=4"", ""-DSAD_BLOCK_THREADS=128"", ""-DSAD_REGISTER_BITS=3"", ""-DSAD_QAOA_FUSE_COST_RX=1"", ""-DSAD_QAOA_FUSED_BACKWARD=0""]",1.0047811341126163,1.1052754389420851,1.077213612488258,1,0,0
qaoa,26,8,split-both,optimized,f64r4_b128r3,137.37207800000002,3.03892,350.367771,490.7907,9,1,1.7763568394002505e-15,1.7763568394002505e-14,libsad_fusion_f64r4_b128r3_split_both_4026bf3948.so,"[""-DSAD_FORWARD_BLOCK_THREADS=64"", ""-DSAD_FORWARD_REGISTER_BITS=4"", ""-DSAD_BLOCK_THREADS=128"", ""-DSAD_REGISTER_BITS=3"", ""-DSAD_QAOA_FUSE_COST_RX=0"", ""-DSAD_QAOA_FUSED_BACKWARD=0""]",1.1473211675365156,1.1019501087019352,1.1127567031892973,0,0,0
qaoa,28,8,fused-both,optimized,f64r4_b128r3,520.2041785,12.355177000000001,1361.5884065,1894.1494845,6,1,3.552713678800501e-15,1.971756091734278e-13,libsad_fusion_f64r4_b128r3_fused_both_f60ba618ce.so,"[""-DSAD_FORWARD_BLOCK_THREADS=64"", ""-DSAD_FORWARD_REGISTER_BITS=4"", ""-DSAD_BLOCK_THREADS=128"", ""-DSAD_REGISTER_BITS=3"", ""-DSAD_QAOA_FUSE_COST_RX=1"", ""-DSAD_QAOA_FUSED_BACKWARD=2""]",1.0020389469955089,1.0041997631182036,1.0,1,1,1
qaoa,28,8,auto,optimized,f64r4_b128r3,519.145668,12.1117645,1362.868003,1897.1387105,6,1,7.105427357601002e-15,1.9806378759312793e-13,libsad_fusion_f64r4_b128r3_auto_ab3f60d452.so,"[""-DSAD_FORWARD_BLOCK_THREADS=64"", ""-DSAD_FORWARD_REGISTER_BITS=4"", ""-DSAD_BLOCK_THREADS=128"", ""-DSAD_REGISTER_BITS=3"", ""-DSAD_QAOA_FUSE_COST_RX=-1"", ""-DSAD_QAOA_FUSED_BACKWARD=1""]",1.0,1.005143492145311,1.0015781362687903,1,1,1
qaoa,28,8,fused-backward,optimized,f64r4_b128r3,582.077094,12.136888500000001,1355.893973,1950.2278445,6,1,3.552713678800501e-15,1.9806378759312793e-13,libsad_fusion_f64r4_b128r3_fused_backward_341a4da1d1.so,"[""-DSAD_FORWARD_BLOCK_THREADS=64"", ""-DSAD_FORWARD_REGISTER_BITS=4"", ""-DSAD_BLOCK_THREADS=128"", ""-DSAD_REGISTER_BITS=3"", ""-DSAD_QAOA_FUSE_COST_RX=0"", ""-DSAD_QAOA_FUSED_BACKWARD=2""]",1.1212211328709383,1.0,1.0296060899411026,0,1,0
qaoa,28,8,fused-forward,optimized,f64r4_b128r3,519.385355,12.246323,1487.449776,2019.5070389999998,6,1,3.552713678800501e-15,1.7763568394002505e-14,libsad_fusion_f64r4_b128r3_fused_forward_ee1f10dcea.so,"[""-DSAD_FORWARD_BLOCK_THREADS=64"", ""-DSAD_FORWARD_REGISTER_BITS=4"", ""-DSAD_BLOCK_THREADS=128"", ""-DSAD_REGISTER_BITS=3"", ""-DSAD_QAOA_FUSE_COST_RX=1"", ""-DSAD_QAOA_FUSED_BACKWARD=0""]",1.0004616950786152,1.097025140327842,1.0661814474125788,1,0,0
qaoa,28,8,split-both,optimized,f64r4_b128r3,582.994328,12.622817999999999,1489.1524734999998,2085.011271,6,1,0.0,2.042810365310288e-14,libsad_fusion_f64r4_b128r3_split_both_4026bf3948.so,"[""-DSAD_FORWARD_BLOCK_THREADS=64"", ""-DSAD_FORWARD_REGISTER_BITS=4"", ""-DSAD_BLOCK_THREADS=128"", ""-DSAD_REGISTER_BITS=3"", ""-DSAD_QAOA_FUSE_COST_RX=0"", ""-DSAD_QAOA_FUSED_BACKWARD=0""]",1.1229879471901902,1.0982809151405526,1.1007638457586582,0,0,0
ra-hea,20,8,real-fused-both,optimized,f64r4_b64r4,0.818196,0.20808,2.011444,3.058483,9,1,6.938893903907228e-17,2.498001805406602e-16,libsad_fusion_f64r4_b64r4_real_fused_both_e60c482693.so,"[""-DSAD_FORWARD_BLOCK_THREADS=64"", ""-DSAD_FORWARD_REGISTER_BITS=4"", ""-DSAD_BLOCK_THREADS=64"", ""-DSAD_REGISTER_BITS=4"", ""-DSAD_REAL_AMPLITUDE=1""]",1.0,1.0,1.0,1,1,1
ra-hea,20,8,complex-fused-backward,optimized,f64r4_b64r4,1.439595,0.096529,4.037568,5.5736550000000005,9,1,5.551115123125783e-17,3.0531133177191805e-16,libsad_fusion_f64r4_b64r4_complex_fused_backward_dfc4d7af68.so,"[""-DSAD_FORWARD_BLOCK_THREADS=64"", ""-DSAD_FORWARD_REGISTER_BITS=4"", ""-DSAD_BLOCK_THREADS=64"", ""-DSAD_REGISTER_BITS=4"", ""-DSAD_REAL_AMPLITUDE=0"", ""-DSAD_RA_FORWARD_FUSED=0"", ""-DSAD_RA_BACKWARD_FUSED=1""]",1.7594745024419576,2.0072982394737315,1.8223593199635246,0,0,0
ra-hea,20,8,complex-split,optimized,f64r4_b64r4,1.4423210000000002,0.094262,3.934208,5.606331,9,1,7.632783294297951e-17,3.0531133177191805e-16,libsad_fusion_f64r4_b64r4_complex_split_66498fcdfe.so,"[""-DSAD_FORWARD_BLOCK_THREADS=64"", ""-DSAD_FORWARD_REGISTER_BITS=4"", ""-DSAD_BLOCK_THREADS=64"", ""-DSAD_REGISTER_BITS=4"", ""-DSAD_REAL_AMPLITUDE=0"", ""-DSAD_RA_FORWARD_FUSED=0"", ""-DSAD_RA_BACKWARD_FUSED=0""]",1.7628062224699217,1.955912269991111,1.8330430478116113,0,0,0
ra-hea,20,8,complex-fused-forward,optimized,f64r4_b64r4,1.443148,0.101085,4.090917999999999,5.797091,9,1,3.469446951953614e-17,2.220446049250313e-16,libsad_fusion_f64r4_b64r4_complex_fused_forward_4fbad961c2.so,"[""-DSAD_FORWARD_BLOCK_THREADS=64"", ""-DSAD_FORWARD_REGISTER_BITS=4"", ""-DSAD_BLOCK_THREADS=64"", ""-DSAD_REGISTER_BITS=4"", ""-DSAD_REAL_AMPLITUDE=0"", ""-DSAD_RA_FORWARD_FUSED=1"", ""-DSAD_RA_BACKWARD_FUSED=0""]",1.763816982727855,2.03382147352847,1.8954138375135647,0,0,0
ra-hea,20,8,complex-fused-both,optimized,f64r4_b64r4,1.460771,0.10139899999999999,4.176782,5.804161,9,1,5.551115123125783e-17,2.220446049250313e-16,libsad_fusion_f64r4_b64r4_complex_fused_both_eecac02710.so,"[""-DSAD_FORWARD_BLOCK_THREADS=64"", ""-DSAD_FORWARD_REGISTER_BITS=4"", ""-DSAD_BLOCK_THREADS=64"", ""-DSAD_REGISTER_BITS=4"", ""-DSAD_REAL_AMPLITUDE=0"", ""-DSAD_RA_FORWARD_FUSED=1"", ""-DSAD_RA_BACKWARD_FUSED=1""]",1.7853558316100298,2.076509214275913,1.8977254410111157,0,0,0
ra-hea,22,8,real-fused-both,optimized,f64r4_b64r4,3.4474280000000004,0.221493,8.682465,12.279039000000001,9,1,3.3306690738754696e-16,2.7755575615628914e-16,libsad_fusion_f64r4_b64r4_real_fused_both_e60c482693.so,"[""-DSAD_FORWARD_BLOCK_THREADS=64"", ""-DSAD_FORWARD_REGISTER_BITS=4"", ""-DSAD_BLOCK_THREADS=64"", ""-DSAD_REGISTER_BITS=4"", ""-DSAD_REAL_AMPLITUDE=1""]",1.0,1.0,1.0,1,1,1
ra-hea,22,8,complex-fused-backward,optimized,f64r4_b64r4,5.847313,0.518928,18.033589,24.575837999999997,9,1,2.220446049250313e-16,3.885780586188048e-16,libsad_fusion_f64r4_b64r4_complex_fused_backward_dfc4d7af68.so,"[""-DSAD_FORWARD_BLOCK_THREADS=64"", ""-DSAD_FORWARD_REGISTER_BITS=4"", ""-DSAD_BLOCK_THREADS=64"", ""-DSAD_REGISTER_BITS=4"", ""-DSAD_REAL_AMPLITUDE=0"", ""-DSAD_RA_FORWARD_FUSED=0"", ""-DSAD_RA_BACKWARD_FUSED=1""]",1.696137816366288,2.0770125764975726,2.0014463672604994,0,0,0
ra-hea,22,8,complex-fused-both,optimized,f64r4_b64r4,6.175013,0.371472,18.400987,25.133719999999997,9,1,3.885780586188048e-16,2.220446049250313e-16,libsad_fusion_f64r4_b64r4_complex_fused_both_eecac02710.so,"[""-DSAD_FORWARD_BLOCK_THREADS=64"", ""-DSAD_FORWARD_REGISTER_BITS=4"", ""-DSAD_BLOCK_THREADS=64"", ""-DSAD_REGISTER_BITS=4"", ""-DSAD_REAL_AMPLITUDE=0"", ""-DSAD_RA_FORWARD_FUSED=1"", ""-DSAD_RA_BACKWARD_FUSED=1""]",1.7911941888271485,2.1193275181644844,2.046880053072557,0,0,0
ra-hea,22,8,complex-split,optimized,f64r4_b64r4,6.142679,0.372048,19.928651,26.278109,9,1,1.1102230246251565e-16,1.6653345369377348e-16,libsad_fusion_f64r4_b64r4_complex_split_66498fcdfe.so,"[""-DSAD_FORWARD_BLOCK_THREADS=64"", ""-DSAD_FORWARD_REGISTER_BITS=4"", ""-DSAD_BLOCK_THREADS=64"", ""-DSAD_REGISTER_BITS=4"", ""-DSAD_REAL_AMPLITUDE=0"", ""-DSAD_RA_FORWARD_FUSED=0"", ""-DSAD_RA_BACKWARD_FUSED=0""]",1.7818150226777758,2.295275707993064,2.1400786331894537,0,0,0
ra-hea,22,8,complex-fused-forward,optimized,f64r4_b64r4,6.039167,0.37136899999999995,20.181722999999998,26.395025,9,1,1.6653345369377348e-16,1.6653345369377348e-16,libsad_fusion_f64r4_b64r4_complex_fused_forward_4fbad961c2.so,"[""-DSAD_FORWARD_BLOCK_THREADS=64"", ""-DSAD_FORWARD_REGISTER_BITS=4"", ""-DSAD_BLOCK_THREADS=64"", ""-DSAD_REGISTER_BITS=4"", ""-DSAD_REAL_AMPLITUDE=0"", ""-DSAD_RA_FORWARD_FUSED=1"", ""-DSAD_RA_BACKWARD_FUSED=0""]",1.7517891599186406,2.324423190879548,2.149600225229352,0,0,0
ra-hea,24,8,real-fused-both,optimized,f64r4_b64r4,15.702398999999998,1.088677,36.364729,53.242068,9,1,2.498001805406602e-16,2.0816681711721685e-16,libsad_fusion_f64r4_b64r4_real_fused_both_e60c482693.so,"[""-DSAD_FORWARD_BLOCK_THREADS=64"", ""-DSAD_FORWARD_REGISTER_BITS=4"", ""-DSAD_BLOCK_THREADS=64"", ""-DSAD_REGISTER_BITS=4"", ""-DSAD_REAL_AMPLITUDE=1""]",1.0,1.0,1.0,1,1,1
ra-hea,24,8,complex-fused-both,optimized,f64r4_b64r4,26.334851,1.941034,69.965447,97.27936500000001,9,1,1.3877787807814457e-16,2.220446049250313e-16,libsad_fusion_f64r4_b64r4_complex_fused_both_eecac02710.so,"[""-DSAD_FORWARD_BLOCK_THREADS=64"", ""-DSAD_FORWARD_REGISTER_BITS=4"", ""-DSAD_BLOCK_THREADS=64"", ""-DSAD_REGISTER_BITS=4"", ""-DSAD_REAL_AMPLITUDE=0"", ""-DSAD_RA_FORWARD_FUSED=1"", ""-DSAD_RA_BACKWARD_FUSED=1""]",1.6771227759528977,1.9239919813509405,1.827114698099255,0,0,0
ra-hea,24,8,complex-fused-backward,optimized,f64r4_b64r4,28.534487000000002,1.851175,69.484108,99.869941,9,1,2.220446049250313e-16,1.942890293094024e-16,libsad_fusion_f64r4_b64r4_complex_fused_backward_dfc4d7af68.so,"[""-DSAD_FORWARD_BLOCK_THREADS=64"", ""-DSAD_FORWARD_REGISTER_BITS=4"", ""-DSAD_BLOCK_THREADS=64"", ""-DSAD_REGISTER_BITS=4"", ""-DSAD_REAL_AMPLITUDE=0"", ""-DSAD_RA_FORWARD_FUSED=0"", ""-DSAD_RA_BACKWARD_FUSED=1""]",1.8172055747659963,1.9107555565724141,1.8757712604251209,0,0,0
ra-hea,24,8,complex-fused-forward,optimized,f64r4_b64r4,26.013993,1.6962469999999998,79.91466799999999,107.03641999999999,9,1,1.1102230246251565e-16,1.942890293094024e-16,libsad_fusion_f64r4_b64r4_complex_fused_forward_4fbad961c2.so,"[""-DSAD_FORWARD_BLOCK_THREADS=64"", ""-DSAD_FORWARD_REGISTER_BITS=4"", ""-DSAD_BLOCK_THREADS=64"", ""-DSAD_REGISTER_BITS=4"", ""-DSAD_REAL_AMPLITUDE=0"", ""-DSAD_RA_FORWARD_FUSED=1"", ""-DSAD_RA_BACKWARD_FUSED=0""]",1.656689082986619,2.1975873379944617,2.010373075666407,0,0,0
ra-hea,24,8,complex-split,optimized,f64r4_b64r4,28.789722,1.8600459999999999,79.62889200000001,110.16060399999999,9,1,1.1102230246251565e-16,2.220446049250313e-16,libsad_fusion_f64r4_b64r4_complex_split_66498fcdfe.so,"[""-DSAD_FORWARD_BLOCK_THREADS=64"", ""-DSAD_FORWARD_REGISTER_BITS=4"", ""-DSAD_BLOCK_THREADS=64"", ""-DSAD_REGISTER_BITS=4"", ""-DSAD_REAL_AMPLITUDE=0"", ""-DSAD_RA_FORWARD_FUSED=0"", ""-DSAD_RA_BACKWARD_FUSED=0""]",1.8334600974029513,2.1897287341258616,2.0690519384032937,0,0,0
ra-hea,26,8,real-fused-both,optimized,f64r4_b64r4,66.709591,5.501113999999999,177.44633100000001,249.21016400000002,9,1,1.1102230246251565e-16,2.498001805406602e-16,libsad_fusion_f64r4_b64r4_real_fused_both_e60c482693.so,"[""-DSAD_FORWARD_BLOCK_THREADS=64"", ""-DSAD_FORWARD_REGISTER_BITS=4"", ""-DSAD_BLOCK_THREADS=64"", ""-DSAD_REGISTER_BITS=4"", ""-DSAD_REAL_AMPLITUDE=1""]",1.0,1.0,1.0,1,1,1
ra-hea,26,8,complex-fused-both,optimized,f64r4_b64r4,109.291182,11.093056,321.040489,442.05553199999997,9,1,1.3877787807814457e-16,1.5265566588595902e-16,libsad_fusion_f64r4_b64r4_complex_fused_both_eecac02710.so,"[""-DSAD_FORWARD_BLOCK_THREADS=64"", ""-DSAD_FORWARD_REGISTER_BITS=4"", ""-DSAD_BLOCK_THREADS=64"", ""-DSAD_REGISTER_BITS=4"", ""-DSAD_REAL_AMPLITUDE=0"", ""-DSAD_RA_FORWARD_FUSED=1"", ""-DSAD_RA_BACKWARD_FUSED=1""]",1.6383128776790132,1.8092258498148375,1.7738262553368407,0,0,0
ra-hea,26,8,complex-fused-backward,optimized,f64r4_b64r4,121.61937,11.138109,318.05472299999997,452.29515599999996,9,1,2.498001805406602e-16,1.5265566588595902e-16,libsad_fusion_f64r4_b64r4_complex_fused_backward_dfc4d7af68.so,"[""-DSAD_FORWARD_BLOCK_THREADS=64"", ""-DSAD_FORWARD_REGISTER_BITS=4"", ""-DSAD_BLOCK_THREADS=64"", ""-DSAD_REGISTER_BITS=4"", ""-DSAD_REAL_AMPLITUDE=0"", ""-DSAD_RA_FORWARD_FUSED=0"", ""-DSAD_RA_BACKWARD_FUSED=1""]",1.8231167089601854,1.792399545302517,1.8149145634365054,0,0,0
ra-hea,26,8,complex-fused-forward,optimized,f64r4_b64r4,109.018542,11.276482000000001,363.058686,484.098158,9,1,1.6653345369377348e-16,2.220446049250313e-16,libsad_fusion_f64r4_b64r4_complex_fused_forward_4fbad961c2.so,"[""-DSAD_FORWARD_BLOCK_THREADS=64"", ""-DSAD_FORWARD_REGISTER_BITS=4"", ""-DSAD_BLOCK_THREADS=64"", ""-DSAD_REGISTER_BITS=4"", ""-DSAD_REAL_AMPLITUDE=0"", ""-DSAD_RA_FORWARD_FUSED=1"", ""-DSAD_RA_BACKWARD_FUSED=0""]",1.6342259091350146,2.04601968355153,1.942529751715905,0,0,0
ra-hea,26,8,complex-split,optimized,f64r4_b64r4,121.599816,10.664958,363.61940999999996,496.66938899999997,9,1,8.326672684688674e-17,2.498001805406602e-16,libsad_fusion_f64r4_b64r4_complex_split_66498fcdfe.so,"[""-DSAD_FORWARD_BLOCK_THREADS=64"", ""-DSAD_FORWARD_REGISTER_BITS=4"", ""-DSAD_BLOCK_THREADS=64"", ""-DSAD_REGISTER_BITS=4"", ""-DSAD_REAL_AMPLITUDE=0"", ""-DSAD_RA_FORWARD_FUSED=0"", ""-DSAD_RA_BACKWARD_FUSED=0""]",1.8228235876907115,2.0491796474506985,1.9929740465962693,0,0,0
ra-hea,28,8,real-fused-both,optimized,f64r3_b64r4,398.74256149999997,30.5909525,730.178672,1160.6596955,6,1,5.551115123125783e-16,5.551115123125783e-16,libsad_fusion_f64r3_b64r4_real_fused_both_c7d7fb0b9a.so,"[""-DSAD_FORWARD_BLOCK_THREADS=64"", ""-DSAD_FORWARD_REGISTER_BITS=3"", ""-DSAD_BLOCK_THREADS=64"", ""-DSAD_REGISTER_BITS=4"", ""-DSAD_REAL_AMPLITUDE=1""]",1.0,1.0,1.0,1,1,1
ra-hea,28,8,complex-fused-both,optimized,f64r3_b64r4,510.14600500000006,95.6153065,1289.0589435,1898.3549229999999,6,1,6.661338147750939e-16,2.498001805406602e-16,libsad_fusion_f64r3_b64r4_complex_fused_both_c1b6bf87d0.so,"[""-DSAD_FORWARD_BLOCK_THREADS=64"", ""-DSAD_FORWARD_REGISTER_BITS=3"", ""-DSAD_BLOCK_THREADS=64"", ""-DSAD_REGISTER_BITS=4"", ""-DSAD_REAL_AMPLITUDE=0"", ""-DSAD_RA_FORWARD_FUSED=1"", ""-DSAD_RA_BACKWARD_FUSED=1""]",1.2793868883244361,1.765402076137332,1.6355827038365527,0,0,0
ra-hea,28,8,complex-fused-backward,optimized,f64r3_b64r4,585.746626,96.8951175,1290.6528954999999,1974.429555,6,1,6.106226635438361e-16,2.636779683484747e-16,libsad_fusion_f64r3_b64r4_complex_fused_backward_c7624bfc0f.so,"[""-DSAD_FORWARD_BLOCK_THREADS=64"", ""-DSAD_FORWARD_REGISTER_BITS=3"", ""-DSAD_BLOCK_THREADS=64"", ""-DSAD_REGISTER_BITS=4"", ""-DSAD_REAL_AMPLITUDE=0"", ""-DSAD_RA_FORWARD_FUSED=0"", ""-DSAD_RA_BACKWARD_FUSED=1""]",1.4689844590367362,1.7675850377344353,1.7011270079034118,0,0,0
ra-hea,28,8,complex-fused-forward,optimized,f64r3_b64r4,513.4196645,96.1072975,1460.192846,2073.3997495,6,1,4.996003610813204e-16,2.3592239273284576e-16,libsad_fusion_f64r3_b64r4_complex_fused_forward_d0b2aa0afd.so,"[""-DSAD_FORWARD_BLOCK_THREADS=64"", ""-DSAD_FORWARD_REGISTER_BITS=3"", ""-DSAD_BLOCK_THREADS=64"", ""-DSAD_REGISTER_BITS=4"", ""-DSAD_REAL_AMPLITUDE=0"", ""-DSAD_RA_FORWARD_FUSED=1"", ""-DSAD_RA_BACKWARD_FUSED=0""]",1.2875968458661768,1.9997747154137637,1.7863976474230898,0,0,0
ra-hea,28,8,complex-split,optimized,f64r3_b64r4,585.521479,97.74512200000001,1465.183015,2147.8934090000002,6,1,8.326672684688674e-16,2.7755575615628914e-16,libsad_fusion_f64r3_b64r4_complex_split_6e2cdffcbf.so,"[""-DSAD_FORWARD_BLOCK_THREADS=64"", ""-DSAD_FORWARD_REGISTER_BITS=3"", ""-DSAD_BLOCK_THREADS=64"", ""-DSAD_REGISTER_BITS=4"", ""-DSAD_REAL_AMPLITUDE=0"", ""-DSAD_RA_FORWARD_FUSED=0"", ""-DSAD_RA_BACKWARD_FUSED=0""]",1.4684198165286653,2.0066088906524513,1.8505798188113272,0,0,0
rzz-hea,20,8,fused-forward_combined-backward,optimized,f128r2_b128r2,1.697498,0.10168100000000001,5.8642449999999995,7.721626,9,1,1.7763568394002505e-15,2.886579864025407e-15,libsad_fusion_f128r2_b128r2_fused_forward_combined_backward_0245edac0c.so,"[""-DSAD_RZZ_FORWARD_FUSED=1"", ""-DSAD_RZZ_BACKWARD_STRATEGY=1""]",1.0,1.0305427890236312,1.0,1,0,1
rzz-hea,20,8,fused-forward_split-backward,optimized,f128r2_b128r2,1.759226,0.232828,5.8728419999999995,7.738693,9,1,1.7763568394002505e-15,1.4432899320127035e-15,libsad_fusion_f128r2_b128r2_fused_forward_split_backward_1714f0e737.so,"[""-DSAD_RZZ_FORWARD_FUSED=1"", ""-DSAD_RZZ_BACKWARD_STRATEGY=0""]",1.0363641076454877,1.0320535677099303,1.002210285761056,0,0,1
rzz-hea,20,8,split-forward_split-backward,optimized,f128r2_b128r2,2.021508,0.102116,5.690443,7.849731,9,1,1.5543122344752192e-15,1.9984014443252818e-15,libsad_fusion_f128r2_b128r2_split_forward_split_backward_d6edb746ec.so,"[""-DSAD_RZZ_FORWARD_FUSED=0"", ""-DSAD_RZZ_BACKWARD_STRATEGY=0""]",1.1908750407953352,1.0,1.016590417614114,0,1,1
rzz-hea,20,8,split-forward_combined-backward,optimized,f128r2_b128r2,2.01009,0.101578,6.331818999999999,8.433928,9,1,1.887379141862766e-15,3.4416913763379853e-15,libsad_fusion_f128r2_b128r2_split_forward_combined_backward_121d23564d.so,"[""-DSAD_RZZ_FORWARD_FUSED=0"", ""-DSAD_RZZ_BACKWARD_STRATEGY=1""]",1.1841486705728077,1.1127110841809678,1.0922476690790257,0,0,0
rzz-hea,20,8,fused-forward_fused-backward,optimized,f128r2_b128r2,1.770734,0.241258,6.370226,8.525692,9,1,1.7763568394002505e-15,2.6645352591003757e-15,libsad_fusion_f128r2_b128r2_fused_forward_fused_backward_484792bfd4.so,"[""-DSAD_RZZ_FORWARD_FUSED=1"", ""-DSAD_RZZ_BACKWARD_STRATEGY=2""]",1.0431434970762852,1.119460470828018,1.1041316945420563,0,0,0
rzz-hea,20,8,auto,optimized,f128r2_b128r2,1.718435,0.258447,6.7473339999999995,8.629093,9,1,1.7763568394002505e-15,2.7755575615628914e-15,libsad_fusion_f128r2_b128r2_auto_e3b0c44298.so,[],1.012334035150557,1.185730882463808,1.1175227860038806,1,0,0
rzz-hea,20,8,split-forward_fused-backward,optimized,f128r2_b128r2,1.893715,0.240651,6.651203,8.798179999999999,9,1,1.887379141862766e-15,2.4424906541753444e-15,libsad_fusion_f128r2_b128r2_split_forward_fused_backward_3b00375398.so,"[""-DSAD_RZZ_FORWARD_FUSED=0"", ""-DSAD_RZZ_BACKWARD_STRATEGY=2""]",1.1155918887680576,1.168837470123152,1.139420634980249,0,0,0
rzz-hea,22,8,fused-forward_split-backward,optimized,f128r2_b128r2,7.383627000000001,0.392257,26.179482,33.62952000000001,9,1,3.552713678800501e-15,2.220446049250313e-15,libsad_fusion_f128r2_b128r2_fused_forward_split_backward_1714f0e737.so,"[""-DSAD_RZZ_FORWARD_FUSED=1"", ""-DSAD_RZZ_BACKWARD_STRATEGY=0""]",1.0500773091632691,1.0109771584924572,1.0,0,1,1
rzz-hea,22,8,auto,optimized,f128r2_b128r2,7.49095,0.383436,26.184455999999997,33.864160999999996,9,1,2.220446049250313e-15,2.1094237467877974e-15,libsad_fusion_f128r2_b128r2_auto_e3b0c44298.so,[],1.0653404646627722,1.01116924022984,1.0069772330975877,0,1,1
rzz-hea,22,8,split-forward_split-backward,optimized,f128r2_b128r2,7.984378,0.533284,26.00294,33.92369,9,1,3.1086244689504383e-15,1.9984014443252818e-15,libsad_fusion_f128r2_b128r2_split_forward_split_backward_d6edb746ec.so,"[""-DSAD_RZZ_FORWARD_FUSED=0"", ""-DSAD_RZZ_BACKWARD_STRATEGY=0""]",1.1355143164169053,1.0041596084158524,1.0087473743306474,0,1,1
rzz-hea,22,8,fused-forward_combined-backward,optimized,f128r2_b128r2,7.571726,0.385297,26.371272,34.283405,9,1,1.3322676295501878e-15,2.220446049250313e-15,libsad_fusion_f128r2_b128r2_fused_forward_combined_backward_0245edac0c.so,"[""-DSAD_RZZ_FORWARD_FUSED=1"", ""-DSAD_RZZ_BACKWARD_STRATEGY=1""]",1.0768281853622297,1.0183835429742918,1.019443780345363,0,1,1
rzz-hea,22,8,split-forward_combined-backward,optimized,f128r2_b128r2,8.19319,0.38455199999999995,25.895226,34.288636999999994,9,1,3.1086244689504383e-15,2.6645352591003757e-15,libsad_fusion_f128r2_b128r2_split_forward_combined_backward_121d23564d.so,"[""-DSAD_RZZ_FORWARD_FUSED=0"", ""-DSAD_RZZ_BACKWARD_STRATEGY=1""]",1.1652109334157055,1.0,1.019599357945043,0,1,1
rzz-hea,22,8,fused-forward_fused-backward,optimized,f128r2_b128r2,7.031508,0.544121,28.211755,35.991046999999995,9,1,3.552713678800501e-15,6.439293542825908e-15,libsad_fusion_f128r2_b128r2_fused_forward_fused_backward_484792bfd4.so,"[""-DSAD_RZZ_FORWARD_FUSED=1"", ""-DSAD_RZZ_BACKWARD_STRATEGY=2""]",1.0,1.0894577633730633,1.0702218467584428,1,0,0
rzz-hea,22,8,split-forward_fused-backward,optimized,f128r2_b128r2,8.243416999999999,0.533292,28.450466000000002,36.830552000000004,9,1,2.6645352591003757e-15,6.217248937900877e-15,libsad_fusion_f128r2_b128r2_split_forward_fused_backward_3b00375398.so,"[""-DSAD_RZZ_FORWARD_FUSED=0"", ""-DSAD_RZZ_BACKWARD_STRATEGY=2""]",1.1723540668658843,1.0986761034640131,1.0951851825420047,0,0,0
rzz-hea,24,8,fused-forward_split-backward,optimized,f64r3_b64r4,30.92696,1.907806,108.225713,141.015232,9,1,2.6645352591003757e-15,2.886579864025407e-15,libsad_fusion_f64r3_b64r4_fused_forward_split_backward_6ffde65f39.so,"[""-DSAD_FORWARD_BLOCK_THREADS=64"", ""-DSAD_FORWARD_REGISTER_BITS=3"", ""-DSAD_BLOCK_THREADS=64"", ""-DSAD_REGISTER_BITS=4"", ""-DSAD_RZZ_FORWARD_FUSED=1"", ""-DSAD_RZZ_BACKWARD_STRATEGY=0""]",1.0208603764417192,1.0080427731083772,1.0,0,1,1
rzz-hea,24,8,fused-forward_combined-backward,optimized,f64r3_b64r4,30.294995,1.797561,112.120361,143.944185,9,1,5.329070518200751e-15,4.6629367034256575e-15,libsad_fusion_f64r3_b64r4_fused_forward_combined_backward_5ba1e15d3c.so,"[""-DSAD_FORWARD_BLOCK_THREADS=64"", ""-DSAD_FORWARD_REGISTER_BITS=3"", ""-DSAD_BLOCK_THREADS=64"", ""-DSAD_REGISTER_BITS=4"", ""-DSAD_RZZ_FORWARD_FUSED=1"", ""-DSAD_RZZ_BACKWARD_STRATEGY=1""]",1.0,1.0443185495516425,1.0207704725117923,1,0,0
rzz-hea,24,8,auto,optimized,f64r3_b64r4,30.349955,1.7835130000000001,112.361886,144.777156,9,1,3.552713678800501e-15,4.218847493575595e-15,libsad_fusion_f64r3_b64r4_auto_9effb5b589.so,"[""-DSAD_FORWARD_BLOCK_THREADS=64"", ""-DSAD_FORWARD_REGISTER_BITS=3"", ""-DSAD_BLOCK_THREADS=64"", ""-DSAD_REGISTER_BITS=4""]",1.0018141610520155,1.0465681769648156,1.0266774301374761,1,0,0
rzz-hea,24,8,split-forward_split-backward,optimized,f64r3_b64r4,40.09443,1.8012080000000001,107.362223,149.366105,9,1,4.440892098500626e-15,1.9984014443252818e-15,libsad_fusion_f64r3_b64r4_split_forward_split_backward_4aaa9c99cd.so,"[""-DSAD_FORWARD_BLOCK_THREADS=64"", ""-DSAD_FORWARD_REGISTER_BITS=3"", ""-DSAD_BLOCK_THREADS=64"", ""-DSAD_REGISTER_BITS=4"", ""-DSAD_RZZ_FORWARD_FUSED=0"", ""-DSAD_RZZ_BACKWARD_STRATEGY=0""]",1.3234671271607736,1.0,1.0592196522429578,0,1,0
rzz-hea,24,8,split-forward_combined-backward,optimized,f64r3_b64r4,39.918473000000006,1.9284569999999999,110.867087,152.70953400000002,9,1,5.329070518200751e-15,3.9968028886505635e-15,libsad_fusion_f64r3_b64r4_split_forward_combined_backward_8a54fb2897.so,"[""-DSAD_FORWARD_BLOCK_THREADS=64"", ""-DSAD_FORWARD_REGISTER_BITS=3"", ""-DSAD_BLOCK_THREADS=64"", ""-DSAD_REGISTER_BITS=4"", ""-DSAD_RZZ_FORWARD_FUSED=0"", ""-DSAD_RZZ_BACKWARD_STRATEGY=1""]",1.3176590060503395,1.0326452256861336,1.082929353333972,0,0,0
rzz-hea,24,8,fused-forward_fused-backward,optimized,f64r3_b64r4,30.948874,1.771826,122.00843,154.589982,9,1,3.552713678800501e-15,1.0658141036401503e-14,libsad_fusion_f64r3_b64r4_fused_forward_fused_backward_c2caba9fa3.so,"[""-DSAD_FORWARD_BLOCK_THREADS=64"", ""-DSAD_FORWARD_REGISTER_BITS=3"", ""-DSAD_BLOCK_THREADS=64"", ""-DSAD_REGISTER_BITS=4"", ""-DSAD_RZZ_FORWARD_FUSED=1"", ""-DSAD_RZZ_BACKWARD_STRATEGY=2""]",1.0215837302498316,1.1364186265032907,1.0962644234064018,0,0,0
rzz-hea,24,8,split-forward_fused-backward,optimized,f64r3_b64r4,40.157323000000005,2.029963,120.232354,162.29505699999999,9,1,3.552713678800501e-15,1.1102230246251565e-14,libsad_fusion_f64r3_b64r4_split_forward_fused_backward_762dab87c4.so,"[""-DSAD_FORWARD_BLOCK_THREADS=64"", ""-DSAD_FORWARD_REGISTER_BITS=3"", ""-DSAD_BLOCK_THREADS=64"", ""-DSAD_REGISTER_BITS=4"", ""-DSAD_RZZ_FORWARD_FUSED=0"", ""-DSAD_RZZ_BACKWARD_STRATEGY=2""]",1.3255431466484813,1.1198757872217306,1.15090444272006,0,0,0
rzz-hea,26,8,fused-forward_split-backward,optimized,f64r4_b128r3,154.875441,11.568696999999998,457.75507300000004,625.005715,9,1,2.220446049250313e-15,1.3322676295501878e-15,libsad_fusion_f64r4_b128r3_fused_forward_split_backward_0031417c41.so,"[""-DSAD_FORWARD_BLOCK_THREADS=64"", ""-DSAD_FORWARD_REGISTER_BITS=4"", ""-DSAD_BLOCK_THREADS=128"", ""-DSAD_REGISTER_BITS=3"", ""-DSAD_RZZ_FORWARD_FUSED=1"", ""-DSAD_RZZ_BACKWARD_STRATEGY=0""]",1.0,1.0,1.0,1,1,1
rzz-hea,26,8,fused-forward_combined-backward,optimized,f64r4_b128r3,155.265545,11.639356,470.786264,637.072678,9,1,2.220446049250313e-15,2.886579864025407e-15,libsad_fusion_f64r4_b128r3_fused_forward_combined_backward_19b76466fc.so,"[""-DSAD_FORWARD_BLOCK_THREADS=64"", ""-DSAD_FORWARD_REGISTER_BITS=4"", ""-DSAD_BLOCK_THREADS=128"", ""-DSAD_REGISTER_BITS=3"", ""-DSAD_RZZ_FORWARD_FUSED=1"", ""-DSAD_RZZ_BACKWARD_STRATEGY=1""]",1.002518824143332,1.028467605863103,1.0193069642571189,1,0,1
rzz-hea,26,8,split-forward_split-backward,optimized,f64r4_b128r3,176.11976900000002,10.935896,460.200526,647.1795900000001,9,1,1.3322676295501878e-15,1.4432899320127035e-15,libsad_fusion_f64r4_b128r3_split_forward_split_backward_e4d2b694f4.so,"[""-DSAD_FORWARD_BLOCK_THREADS=64"", ""-DSAD_FORWARD_REGISTER_BITS=4"", ""-DSAD_BLOCK_THREADS=128"", ""-DSAD_REGISTER_BITS=3"", ""-DSAD_RZZ_FORWARD_FUSED=0"", ""-DSAD_RZZ_BACKWARD_STRATEGY=0""]",1.1371704116729522,1.0053422739457,1.0354778755903058,0,1,0
rzz-hea,26,8,split-forward_combined-backward,optimized,f64r4_b128r3,176.178582,11.605444,472.719839,659.280203,9,1,2.220446049250313e-15,2.55351295663786e-15,libsad_fusion_f64r4_b128r3_split_forward_combined_backward_f6c4a67e44.so,"[""-DSAD_FORWARD_BLOCK_THREADS=64"", ""-DSAD_FORWARD_REGISTER_BITS=4"", ""-DSAD_BLOCK_THREADS=128"", ""-DSAD_REGISTER_BITS=3"", ""-DSAD_RZZ_FORWARD_FUSED=0"", ""-DSAD_RZZ_BACKWARD_STRATEGY=1""]",1.137550155547257,1.0326916442496747,1.054838679355116,0,0,0
rzz-hea,26,8,fused-forward_fused-backward,optimized,f64r4_b128r3,155.196322,11.623012000000001,498.432475,664.955117,9,1,8.881784197001252e-16,1.2434497875801753e-14,libsad_fusion_f64r4_b128r3_fused_forward_fused_backward_9a3cdde8d7.so,"[""-DSAD_FORWARD_BLOCK_THREADS=64"", ""-DSAD_FORWARD_REGISTER_BITS=4"", ""-DSAD_BLOCK_THREADS=128"", ""-DSAD_REGISTER_BITS=3"", ""-DSAD_RZZ_FORWARD_FUSED=1"", ""-DSAD_RZZ_BACKWARD_STRATEGY=2""]",1.002071864964052,1.088862809828434,1.0639184587296133,1,0,0
rzz-hea,26,8,auto,optimized,f64r4_b128r3,155.40514,11.534736,499.020274,665.8552010000001,9,1,4.440892098500626e-16,1.2878587085651816e-14,libsad_fusion_f64r4_b128r3_auto_3fefadc5a9.so,"[""-DSAD_FORWARD_BLOCK_THREADS=64"", ""-DSAD_FORWARD_REGISTER_BITS=4"", ""-DSAD_BLOCK_THREADS=128"", ""-DSAD_REGISTER_BITS=3""]",1.0034201613669658,1.0901469004582718,1.065358579961145,1,0,0
rzz-hea,26,8,split-forward_fused-backward,optimized,f64r4_b128r3,175.596194,11.563346000000001,499.359567,687.1568100000001,9,1,1.7763568394002505e-15,1.2878587085651816e-14,libsad_fusion_f64r4_b128r3_split_forward_fused_backward_83bff5076d.so,"[""-DSAD_FORWARD_BLOCK_THREADS=64"", ""-DSAD_FORWARD_REGISTER_BITS=4"", ""-DSAD_BLOCK_THREADS=128"", ""-DSAD_REGISTER_BITS=3"", ""-DSAD_RZZ_FORWARD_FUSED=0"", ""-DSAD_RZZ_BACKWARD_STRATEGY=2""]",1.1337897917591724,1.0908881112498343,1.0994408427129343,0,0,0
rzz-hea,28,8,fused-forward_split-backward,optimized,f64r4_b128r3,656.6647565000001,99.1209755,1939.016763,2695.471332,6,1,1.942890293094024e-16,3.3306690738754696e-15,libsad_fusion_f64r4_b128r3_fused_forward_split_backward_0031417c41.so,"[""-DSAD_FORWARD_BLOCK_THREADS=64"", ""-DSAD_FORWARD_REGISTER_BITS=4"", ""-DSAD_BLOCK_THREADS=128"", ""-DSAD_REGISTER_BITS=3"", ""-DSAD_RZZ_FORWARD_FUSED=1"", ""-DSAD_RZZ_BACKWARD_STRATEGY=0""]",1.0,1.0002225184414266,1.0,1,1,1
rzz-hea,28,8,fused-forward_combined-backward,optimized,f64r4_b128r3,657.1218605,98.1024435,2014.8711545,2770.9998644999996,6,1,2.7755575615628914e-16,3.3306690738754696e-15,libsad_fusion_f64r4_b128r3_fused_forward_combined_backward_19b76466fc.so,"[""-DSAD_FORWARD_BLOCK_THREADS=64"", ""-DSAD_FORWARD_REGISTER_BITS=4"", ""-DSAD_BLOCK_THREADS=128"", ""-DSAD_REGISTER_BITS=3"", ""-DSAD_RZZ_FORWARD_FUSED=1"", ""-DSAD_RZZ_BACKWARD_STRATEGY=1""]",1.000696099486801,1.0393512521113644,1.0280205289528932,1,0,0
rzz-hea,28,8,split-forward_split-backward,optimized,f64r4_b128r3,738.7763235,97.5661235,1938.585392,2778.064296,6,1,1.6653345369377348e-16,3.3306690738754696e-15,libsad_fusion_f64r4_b128r3_split_forward_split_backward_e4d2b694f4.so,"[""-DSAD_FORWARD_BLOCK_THREADS=64"", ""-DSAD_FORWARD_REGISTER_BITS=4"", ""-DSAD_BLOCK_THREADS=128"", ""-DSAD_REGISTER_BITS=3"", ""-DSAD_RZZ_FORWARD_FUSED=0"", ""-DSAD_RZZ_BACKWARD_STRATEGY=0""]",1.125043359168005,1.0,1.030641380978338,0,1,0
rzz-hea,28,8,split-forward_combined-backward,optimized,f64r4_b128r3,742.06805,97.8390905,2014.1856779999998,2854.4532934999997,6,1,1.942890293094024e-16,4.218847493575595e-15,libsad_fusion_f64r4_b128r3_split_forward_combined_backward_f6c4a67e44.so,"[""-DSAD_FORWARD_BLOCK_THREADS=64"", ""-DSAD_FORWARD_REGISTER_BITS=4"", ""-DSAD_BLOCK_THREADS=128"", ""-DSAD_REGISTER_BITS=3"", ""-DSAD_RZZ_FORWARD_FUSED=0"", ""-DSAD_RZZ_BACKWARD_STRATEGY=1""]",1.1300561552217245,1.0389976558742169,1.0589811361050676,0,0,0
rzz-hea,28,8,auto,optimized,f64r4_b128r3,657.1262389999999,97.882825,2130.4734175000003,2883.864162,6,1,3.608224830031759e-16,6.372680161348399e-14,libsad_fusion_f64r4_b128r3_auto_3fefadc5a9.so,"[""-DSAD_FORWARD_BLOCK_THREADS=64"", ""-DSAD_FORWARD_REGISTER_BITS=4"", ""-DSAD_BLOCK_THREADS=128"", ""-DSAD_REGISTER_BITS=3""]",1.0007027672726942,1.0989835300997668,1.0698923515763068,1,0,0
rzz-hea,28,8,fused-forward_fused-backward,optimized,f64r4_b128r3,657.416199,97.783939,2133.625244,2889.344591,6,1,2.498001805406602e-16,6.394884621840902e-14,libsad_fusion_f64r4_b128r3_fused_forward_fused_backward_9a3cdde8d7.so,"[""-DSAD_FORWARD_BLOCK_THREADS=64"", ""-DSAD_FORWARD_REGISTER_BITS=4"", ""-DSAD_BLOCK_THREADS=128"", ""-DSAD_REGISTER_BITS=3"", ""-DSAD_RZZ_FORWARD_FUSED=1"", ""-DSAD_RZZ_BACKWARD_STRATEGY=2""]",1.0011443320089313,1.10060936846263,1.0719255503474967,1,0,0
rzz-hea,28,8,split-forward_fused-backward,optimized,f64r4_b128r3,741.3417529999999,98.584949,2132.5856235,2971.428852,6,1,3.608224830031759e-16,6.372680161348399e-14,libsad_fusion_f64r4_b128r3_split_forward_fused_backward_83bff5076d.so,"[""-DSAD_FORWARD_BLOCK_THREADS=64"", ""-DSAD_FORWARD_REGISTER_BITS=4"", ""-DSAD_BLOCK_THREADS=128"", ""-DSAD_REGISTER_BITS=3"", ""-DSAD_RZZ_FORWARD_FUSED=0"", ""-DSAD_RZZ_BACKWARD_STRATEGY=2""]",1.1289501159637763,1.1000730905641738,1.1023782062617018,0,0,0
su2-hea,20,8,auto,optimized,f128r3_b64r4,1.423019,0.101271,4.863287,6.535512000000001,9,1,1.942890293094024e-16,1.8041124150158794e-16,libsad_fusion_f128r3_b64r4_auto_a330c9365c.so,"[""-DSAD_FORWARD_BLOCK_THREADS=128"", ""-DSAD_FORWARD_REGISTER_BITS=3"", ""-DSAD_BLOCK_THREADS=64"", ""-DSAD_REGISTER_BITS=4""]",1.0,1.0129743884447333,1.0,1,1,1
su2-hea,20,8,split-forward_split-backward,optimized,f128r3_b64r4,1.62757,0.101526,4.836609,6.565705,9,1,1.3877787807814457e-16,1.3877787807814457e-16,libsad_fusion_f128r3_b64r4_split_forward_split_backward_4cfb67b4b9.so,"[""-DSAD_FORWARD_BLOCK_THREADS=128"", ""-DSAD_FORWARD_REGISTER_BITS=3"", ""-DSAD_BLOCK_THREADS=64"", ""-DSAD_REGISTER_BITS=4"", ""-DSAD_SU2_FORWARD_STRATEGY=0"", ""-DSAD_SU2_BACKWARD_STRATEGY=0""]",1.1437443913257659,1.0074176259639402,1.0046198369768122,0,1,1
su2-hea,20,8,lookup-forward_split-backward,optimized,f128r3_b64r4,1.433249,0.240943,4.904338999999999,6.726438000000001,9,1,1.6653345369377348e-16,1.3877787807814457e-16,libsad_fusion_f128r3_b64r4_lookup_forward_split_backward_d2cc1cb087.so,"[""-DSAD_FORWARD_BLOCK_THREADS=128"", ""-DSAD_FORWARD_REGISTER_BITS=3"", ""-DSAD_BLOCK_THREADS=64"", ""-DSAD_REGISTER_BITS=4"", ""-DSAD_SU2_FORWARD_STRATEGY=1"", ""-DSAD_SU2_BACKWARD_STRATEGY=0""]",1.0071889412579873,1.0215251123881142,1.0292136254971302,1,0,0
su2-hea,20,8,lookup-forward_lookup-backward,optimized,f128r3_b64r4,1.428178,0.243358,5.449355000000001,7.096248999999999,9,1,1.3877787807814457e-16,2.498001805406602e-16,libsad_fusion_f128r3_b64r4_lookup_forward_lookup_backward_7b8f8fcfcf.so,"[""-DSAD_FORWARD_BLOCK_THREADS=128"", ""-DSAD_FORWARD_REGISTER_BITS=3"", ""-DSAD_BLOCK_THREADS=64"", ""-DSAD_REGISTER_BITS=4"", ""-DSAD_SU2_FORWARD_STRATEGY=1"", ""-DSAD_SU2_BACKWARD_STRATEGY=1""]",1.0036253908064474,1.1350465330430326,1.0857984806699152,1,0,0
su2-hea,20,8,split-forward_lookup-backward,optimized,f128r3_b64r4,1.6877170000000001,0.094542,5.541383000000001,7.333171,9,1,1.3877787807814457e-16,2.498001805406602e-16,libsad_fusion_f128r3_b64r4_split_forward_lookup_backward_14001066e2.so,"[""-DSAD_FORWARD_BLOCK_THREADS=128"", ""-DSAD_FORWARD_REGISTER_BITS=3"", ""-DSAD_BLOCK_THREADS=64"", ""-DSAD_REGISTER_BITS=4"", ""-DSAD_SU2_FORWARD_STRATEGY=0"", ""-DSAD_SU2_BACKWARD_STRATEGY=1""]",1.1860115711736807,1.1542150515819942,1.122049963338756,0,0,0
su2-hea,20,8,phased-forward_split-backward,optimized,f128r3_b64r4,2.388971,0.101451,4.800997000000001,7.377956,9,1,1.942890293094024e-16,4.163336342344337e-16,libsad_fusion_f128r3_b64r4_phased_forward_split_backward_2a4d35d553.so,"[""-DSAD_FORWARD_BLOCK_THREADS=128"", ""-DSAD_FORWARD_REGISTER_BITS=3"", ""-DSAD_BLOCK_THREADS=64"", ""-DSAD_REGISTER_BITS=4"", ""-DSAD_SU2_FORWARD_STRATEGY=2"", ""-DSAD_SU2_BACKWARD_STRATEGY=0""]",1.6788047102673964,1.0,1.128902525157937,0,1,0
su2-hea,20,8,phased-forward_lookup-backward,optimized,f128r3_b64r4,2.633912,0.0979,5.349979,8.118642000000001,9,1,2.220446049250313e-16,3.7903707950093235e-16,libsad_fusion_f128r3_b64r4_phased_forward_lookup_backward_7df21f009d.so,"[""-DSAD_FORWARD_BLOCK_THREADS=128"", ""-DSAD_FORWARD_REGISTER_BITS=3"", ""-DSAD_BLOCK_THREADS=64"", ""-DSAD_REGISTER_BITS=4"", ""-DSAD_SU2_FORWARD_STRATEGY=2"", ""-DSAD_SU2_BACKWARD_STRATEGY=1""]",1.8509324190330558,1.114347499071547,1.242235038356597,0,0,0
su2-hea,20,8,lookup-forward_phased-backward,optimized,f128r3_b64r4,1.577339,0.241105,8.043622000000001,9.941101000000002,9,1,8.326672684688674e-17,3.894454203567932e-16,libsad_fusion_f128r3_b64r4_lookup_forward_phased_backward_2210ed799a.so,"[""-DSAD_FORWARD_BLOCK_THREADS=128"", ""-DSAD_FORWARD_REGISTER_BITS=3"", ""-DSAD_BLOCK_THREADS=64"", ""-DSAD_REGISTER_BITS=4"", ""-DSAD_SU2_FORWARD_STRATEGY=1"", ""-DSAD_SU2_BACKWARD_STRATEGY=2""]",1.1084454951058278,1.6754065874234039,1.5210898549340894,0,0,0
su2-hea,20,8,split-forward_phased-backward,optimized,f128r3_b64r4,1.550271,0.101477,8.336091999999999,10.033096,9,1,2.220446049250313e-16,3.877106968808164e-16,libsad_fusion_f128r3_b64r4_split_forward_phased_backward_a3372de662.so,"[""-DSAD_FORWARD_BLOCK_THREADS=128"", ""-DSAD_FORWARD_REGISTER_BITS=3"", ""-DSAD_BLOCK_THREADS=64"", ""-DSAD_REGISTER_BITS=4"", ""-DSAD_SU2_FORWARD_STRATEGY=0"", ""-DSAD_SU2_BACKWARD_STRATEGY=2""]",1.0894239641213503,1.736325184123214,1.535166028308111,0,0,0
su2-hea,20,8,phased-forward_phased-backward,optimized,f128r3_b64r4,2.66585,0.10218899999999999,8.097879,10.599995000000002,9,1,1.6653345369377348e-16,1.942890293094024e-16,libsad_fusion_f128r3_b64r4_phased_forward_phased_backward_4896db51e9.so,"[""-DSAD_FORWARD_BLOCK_THREADS=128"", ""-DSAD_FORWARD_REGISTER_BITS=3"", ""-DSAD_BLOCK_THREADS=64"", ""-DSAD_REGISTER_BITS=4"", ""-DSAD_SU2_FORWARD_STRATEGY=2"", ""-DSAD_SU2_BACKWARD_STRATEGY=2""]",1.873376251476614,1.6867077817378349,1.6219073578321026,0,0,0
su2-hea,22,8,lookup-forward_split-backward,optimized,f128r3_b64r4,5.958474,0.385277,23.100049000000002,29.554583,9,1,3.122502256758253e-17,1.6653345369377348e-16,libsad_fusion_f128r3_b64r4_lookup_forward_split_backward_d2cc1cb087.so,"[""-DSAD_FORWARD_BLOCK_THREADS=128"", ""-DSAD_FORWARD_REGISTER_BITS=3"", ""-DSAD_BLOCK_THREADS=64"", ""-DSAD_REGISTER_BITS=4"", ""-DSAD_SU2_FORWARD_STRATEGY=1"", ""-DSAD_SU2_BACKWARD_STRATEGY=0""]",1.0244525168441807,1.0232595256178902,1.0,0,0,1
su2-hea,22,8,split-forward_split-backward,optimized,f128r3_b64r4,6.695755,0.573805,23.17077,30.527118,9,1,1.0408340855860843e-17,1.3877787807814457e-16,libsad_fusion_f128r3_b64r4_split_forward_split_backward_4cfb67b4b9.so,"[""-DSAD_FORWARD_BLOCK_THREADS=128"", ""-DSAD_FORWARD_REGISTER_BITS=3"", ""-DSAD_BLOCK_THREADS=64"", ""-DSAD_REGISTER_BITS=4"", ""-DSAD_SU2_FORWARD_STRATEGY=0"", ""-DSAD_SU2_BACKWARD_STRATEGY=0""]",1.1512147341621373,1.0263922435143424,1.0329064023674432,0,0,0
su2-hea,22,8,lookup-forward_lookup-backward,optimized,f128r3_b64r4,5.821656,0.521621,24.331543,30.827036999999997,9,1,5.551115123125783e-17,3.0531133177191805e-16,libsad_fusion_f128r3_b64r4_lookup_forward_lookup_backward_7b8f8fcfcf.so,"[""-DSAD_FORWARD_BLOCK_THREADS=128"", ""-DSAD_FORWARD_REGISTER_BITS=3"", ""-DSAD_BLOCK_THREADS=64"", ""-DSAD_REGISTER_BITS=4"", ""-DSAD_SU2_FORWARD_STRATEGY=1"", ""-DSAD_SU2_BACKWARD_STRATEGY=1""]",1.0009291206777147,1.0778108370129993,1.0430543716350185,1,0,0
su2-hea,22,8,auto,optimized,f128r3_b64r4,6.0910720000000005,0.528783,24.421699,30.882413,9,1,2.42861286636753e-17,2.706168622523819e-16,libsad_fusion_f128r3_b64r4_auto_a330c9365c.so,"[""-DSAD_FORWARD_BLOCK_THREADS=128"", ""-DSAD_FORWARD_REGISTER_BITS=3"", ""-DSAD_BLOCK_THREADS=64"", ""-DSAD_REGISTER_BITS=4""]",1.047250359853734,1.0818044642902231,1.0449280573506992,0,0,0
su2-hea,22,8,split-forward_lookup-backward,optimized,f128r3_b64r4,6.735826,0.6156389999999999,24.077837000000002,31.244111,9,1,3.469446951953614e-17,3.122502256758253e-16,libsad_fusion_f128r3_b64r4_split_forward_lookup_backward_14001066e2.so,"[""-DSAD_FORWARD_BLOCK_THREADS=128"", ""-DSAD_FORWARD_REGISTER_BITS=3"", ""-DSAD_BLOCK_THREADS=64"", ""-DSAD_REGISTER_BITS=4"", ""-DSAD_SU2_FORWARD_STRATEGY=0"", ""-DSAD_SU2_BACKWARD_STRATEGY=1""]",1.158104222444282,1.0665724590681556,1.0571663623201857,0,0,0
su2-hea,22,8,phased-forward_split-backward,optimized,f128r3_b64r4,9.620762,0.530391,22.574966,32.647751,9,1,7.632783294297951e-17,2.7755575615628914e-16,libsad_fusion_f128r3_b64r4_phased_forward_split_backward_2a4d35d553.so,"[""-DSAD_FORWARD_BLOCK_THREADS=128"", ""-DSAD_FORWARD_REGISTER_BITS=3"", ""-DSAD_BLOCK_THREADS=64"", ""-DSAD_REGISTER_BITS=4"", ""-DSAD_SU2_FORWARD_STRATEGY=2"", ""-DSAD_SU2_BACKWARD_STRATEGY=0""]",1.6541171187218158,1.0,1.1046595040775908,0,1,0
su2-hea,22,8,phased-forward_lookup-backward,optimized,f128r3_b64r4,9.06497,0.37939,24.311072,33.680346,9,1,6.245004513516506e-17,3.0531133177191805e-16,libsad_fusion_f128r3_b64r4_phased_forward_lookup_backward_7df21f009d.so,"[""-DSAD_FORWARD_BLOCK_THREADS=128"", ""-DSAD_FORWARD_REGISTER_BITS=3"", ""-DSAD_BLOCK_THREADS=64"", ""-DSAD_REGISTER_BITS=4"", ""-DSAD_SU2_FORWARD_STRATEGY=2"", ""-DSAD_SU2_BACKWARD_STRATEGY=1""]",1.5585586731799104,1.0769040360902427,1.1395980785788788,0,0,0
su2-hea,22,8,lookup-forward_phased-backward,optimized,f128r3_b64r4,5.816252,0.5277949999999999,36.059903999999996,42.602187,9,1,3.8163916471489756e-17,3.191891195797325e-16,libsad_fusion_f128r3_b64r4_lookup_forward_phased_backward_2210ed799a.so,"[""-DSAD_FORWARD_BLOCK_THREADS=128"", ""-DSAD_FORWARD_REGISTER_BITS=3"", ""-DSAD_BLOCK_THREADS=64"", ""-DSAD_REGISTER_BITS=4"", ""-DSAD_SU2_FORWARD_STRATEGY=1"", ""-DSAD_SU2_BACKWARD_STRATEGY=2""]",1.0,1.5973403459389484,1.4414748128911175,1,0,0
su2-hea,22,8,split-forward_phased-backward,optimized,f128r3_b64r4,6.828611,0.5333789999999999,35.807976,43.22981600000001,9,1,1.0408340855860843e-17,3.191891195797325e-16,libsad_fusion_f128r3_b64r4_split_forward_phased_backward_a3372de662.so,"[""-DSAD_FORWARD_BLOCK_THREADS=128"", ""-DSAD_FORWARD_REGISTER_BITS=3"", ""-DSAD_BLOCK_THREADS=64"", ""-DSAD_REGISTER_BITS=4"", ""-DSAD_SU2_FORWARD_STRATEGY=0"", ""-DSAD_SU2_BACKWARD_STRATEGY=2""]",1.1740569356348383,1.5861807278026463,1.4627110793611944,0,0,0
su2-hea,22,8,phased-forward_phased-backward,optimized,f128r3_b64r4,9.240216,0.379343,35.791189,45.757923,9,1,7.632783294297951e-17,3.885780586188048e-16,libsad_fusion_f128r3_b64r4_phased_forward_phased_backward_4896db51e9.so,"[""-DSAD_FORWARD_BLOCK_THREADS=128"", ""-DSAD_FORWARD_REGISTER_BITS=3"", ""-DSAD_BLOCK_THREADS=64"", ""-DSAD_REGISTER_BITS=4"", ""-DSAD_SU2_FORWARD_STRATEGY=2"", ""-DSAD_SU2_BACKWARD_STRATEGY=2""]",1.5886890733070025,1.5854371164944392,1.5482513490378125,0,0,0
su2-hea,24,8,lookup-forward_split-backward,optimized,f128r3_b64r4,26.651112,1.895814,94.347804,123.221316,9,1,6.245004513516506e-17,3.608224830031759e-16,libsad_fusion_f128r3_b64r4_lookup_forward_split_backward_d2cc1cb087.so,"[""-DSAD_FORWARD_BLOCK_THREADS=128"", ""-DSAD_FORWARD_REGISTER_BITS=3"", ""-DSAD_BLOCK_THREADS=64"", ""-DSAD_REGISTER_BITS=4"", ""-DSAD_SU2_FORWARD_STRATEGY=1"", ""-DSAD_SU2_BACKWARD_STRATEGY=0""]",1.0016195117111308,1.036011499852561,1.0,1,0,1
su2-hea,24,8,split-forward_split-backward,optimized,f128r3_b64r4,34.310996,1.757789,92.461528,129.703713,9,1,6.938893903907228e-17,3.608224830031759e-16,libsad_fusion_f128r3_b64r4_split_forward_split_backward_4cfb67b4b9.so,"[""-DSAD_FORWARD_BLOCK_THREADS=128"", ""-DSAD_FORWARD_REGISTER_BITS=3"", ""-DSAD_BLOCK_THREADS=64"", ""-DSAD_REGISTER_BITS=4"", ""-DSAD_SU2_FORWARD_STRATEGY=0"", ""-DSAD_SU2_BACKWARD_STRATEGY=0""]",1.2894982790902894,1.0152987376573128,1.0526077565995156,0,1,0
su2-hea,24,8,auto,optimized,f128r3_b64r4,26.665777000000002,1.90077,101.656764,129.82949599999998,9,1,1.249000902703301e-16,5.689893001203927e-16,libsad_fusion_f128r3_b64r4_auto_a330c9365c.so,"[""-DSAD_FORWARD_BLOCK_THREADS=128"", ""-DSAD_FORWARD_REGISTER_BITS=3"", ""-DSAD_BLOCK_THREADS=64"", ""-DSAD_REGISTER_BITS=4""]",1.0021706613269232,1.1162695057724696,1.0536285458921733,1,0,0
su2-hea,24,8,lookup-forward_lookup-backward,optimized,f128r3_b64r4,26.94386,2.0084769999999996,100.295492,129.96950299999997,9,1,1.0408340855860843e-16,5.689893001203927e-16,libsad_fusion_f128r3_b64r4_lookup_forward_lookup_backward_7b8f8fcfcf.so,"[""-DSAD_FORWARD_BLOCK_THREADS=128"", ""-DSAD_FORWARD_REGISTER_BITS=3"", ""-DSAD_BLOCK_THREADS=64"", ""-DSAD_REGISTER_BITS=4"", ""-DSAD_SU2_FORWARD_STRATEGY=1"", ""-DSAD_SU2_BACKWARD_STRATEGY=1""]",1.012621758402166,1.1013216915506643,1.0547647697578557,1,0,0
su2-hea,24,8,phased-forward_split-backward,optimized,f128r3_b64r4,39.427277,1.713246,91.06829800000001,134.313058,9,1,1.0408340855860843e-16,3.3306690738754696e-16,libsad_fusion_f128r3_b64r4_phased_forward_split_backward_2a4d35d553.so,"[""-DSAD_FORWARD_BLOCK_THREADS=128"", ""-DSAD_FORWARD_REGISTER_BITS=3"", ""-DSAD_BLOCK_THREADS=64"", ""-DSAD_REGISTER_BITS=4"", ""-DSAD_SU2_FORWARD_STRATEGY=2"", ""-DSAD_SU2_BACKWARD_STRATEGY=0""]",1.4817816958946963,1.0,1.0900147990628506,0,1,0
su2-hea,24,8,split-forward_lookup-backward,optimized,f128r3_b64r4,34.073395999999995,1.7475159999999998,100.456909,136.27136000000002,9,1,1.1102230246251565e-16,5.689893001203927e-16,libsad_fusion_f128r3_b64r4_split_forward_lookup_backward_14001066e2.so,"[""-DSAD_FORWARD_BLOCK_THREADS=128"", ""-DSAD_FORWARD_REGISTER_BITS=3"", ""-DSAD_BLOCK_THREADS=64"", ""-DSAD_REGISTER_BITS=4"", ""-DSAD_SU2_FORWARD_STRATEGY=0"", ""-DSAD_SU2_BACKWARD_STRATEGY=1""]",1.2805686405828016,1.1030941744403742,1.1059073577821552,0,0,0
su2-hea,24,8,phased-forward_lookup-backward,optimized,f128r3_b64r4,40.03532,1.7511219999999998,98.187963,139.66286399999998,9,1,1.1102230246251565e-16,6.106226635438361e-16,libsad_fusion_f128r3_b64r4_phased_forward_lookup_backward_7df21f009d.so,"[""-DSAD_FORWARD_BLOCK_THREADS=128"", ""-DSAD_FORWARD_REGISTER_BITS=3"", ""-DSAD_BLOCK_THREADS=64"", ""-DSAD_REGISTER_BITS=4"", ""-DSAD_SU2_FORWARD_STRATEGY=2"", ""-DSAD_SU2_BACKWARD_STRATEGY=1""]",1.504633565368637,1.0781794011347394,1.1334310372078804,0,0,0
su2-hea,24,8,lookup-forward_phased-backward,optimized,f128r3_b64r4,26.60802,1.865006,147.877709,176.764289,9,1,1.249000902703301e-16,5.689893001203927e-16,libsad_fusion_f128r3_b64r4_lookup_forward_phased_backward_2210ed799a.so,"[""-DSAD_FORWARD_BLOCK_THREADS=128"", ""-DSAD_FORWARD_REGISTER_BITS=3"", ""-DSAD_BLOCK_THREADS=64"", ""-DSAD_REGISTER_BITS=4"", ""-DSAD_SU2_FORWARD_STRATEGY=1"", ""-DSAD_SU2_BACKWARD_STRATEGY=2""]",1.0,1.62381105442423,1.4345268719577706,1,0,0
su2-hea,24,8,split-forward_phased-backward,optimized,f128r3_b64r4,33.313379,1.7576,147.72526399999998,183.214646,9,1,1.1102230246251565e-16,5.828670879282072e-16,libsad_fusion_f128r3_b64r4_split_forward_phased_backward_a3372de662.so,"[""-DSAD_FORWARD_BLOCK_THREADS=128"", ""-DSAD_FORWARD_REGISTER_BITS=3"", ""-DSAD_BLOCK_THREADS=64"", ""-DSAD_REGISTER_BITS=4"", ""-DSAD_SU2_FORWARD_STRATEGY=0"", ""-DSAD_SU2_BACKWARD_STRATEGY=2""]",1.2520051849028977,1.622137090999548,1.4868746086107374,0,0,0
su2-hea,24,8,phased-forward_phased-backward,optimized,f128r3_b64r4,40.296067,1.859416,146.333904,187.40683099999998,9,1,8.326672684688674e-17,6.522560269672795e-16,libsad_fusion_f128r3_b64r4_phased_forward_phased_backward_4896db51e9.so,"[""-DSAD_FORWARD_BLOCK_THREADS=128"", ""-DSAD_FORWARD_REGISTER_BITS=3"", ""-DSAD_BLOCK_THREADS=64"", ""-DSAD_REGISTER_BITS=4"", ""-DSAD_SU2_FORWARD_STRATEGY=2"", ""-DSAD_SU2_BACKWARD_STRATEGY=2""]",1.5144331295601854,1.606858887381424,1.5208961978623892,0,0,0
su2-hea,26,8,lookup-forward_split-backward,optimized,f128r3_b64r4,118.714128,11.125193,431.35814300000004,562.623282,9,1,1.6653345369377348e-16,1.942890293094024e-16,libsad_fusion_f128r3_b64r4_lookup_forward_split_backward_d2cc1cb087.so,"[""-DSAD_FORWARD_BLOCK_THREADS=128"", ""-DSAD_FORWARD_REGISTER_BITS=3"", ""-DSAD_BLOCK_THREADS=64"", ""-DSAD_REGISTER_BITS=4"", ""-DSAD_SU2_FORWARD_STRATEGY=1"", ""-DSAD_SU2_BACKWARD_STRATEGY=0""]",1.004633848956357,1.0104194567504283,1.0,1,1,1
su2-hea,26,8,auto,optimized,f128r3_b64r4,118.801109,11.338955,442.43457800000004,572.470048,9,1,1.3877787807814457e-16,1.8041124150158794e-15,libsad_fusion_f128r3_b64r4_auto_a330c9365c.so,"[""-DSAD_FORWARD_BLOCK_THREADS=128"", ""-DSAD_FORWARD_REGISTER_BITS=3"", ""-DSAD_BLOCK_THREADS=64"", ""-DSAD_REGISTER_BITS=4""]",1.005369937055459,1.0363650558240767,1.0175015260033267,1,0,1
su2-hea,26,8,lookup-forward_lookup-backward,optimized,f128r3_b64r4,119.038791,11.106074000000001,443.662489,574.146649,9,1,1.942890293094024e-16,1.7763568394002505e-15,libsad_fusion_f128r3_b64r4_lookup_forward_lookup_backward_7b8f8fcfcf.so,"[""-DSAD_FORWARD_BLOCK_THREADS=128"", ""-DSAD_FORWARD_REGISTER_BITS=3"", ""-DSAD_BLOCK_THREADS=64"", ""-DSAD_REGISTER_BITS=4"", ""-DSAD_SU2_FORWARD_STRATEGY=1"", ""-DSAD_SU2_BACKWARD_STRATEGY=1""]",1.0073813520951893,1.0392413320360638,1.0204814968890676,1,0,0
su2-hea,26,8,split-forward_split-backward,optimized,f128r3_b64r4,147.379048,11.449646000000001,428.5914,587.792454,9,1,1.3877787807814457e-16,1.942890293094024e-16,libsad_fusion_f128r3_b64r4_split_forward_split_backward_4cfb67b4b9.so,"[""-DSAD_FORWARD_BLOCK_THREADS=128"", ""-DSAD_FORWARD_REGISTER_BITS=3"", ""-DSAD_BLOCK_THREADS=64"", ""-DSAD_REGISTER_BITS=4"", ""-DSAD_SU2_FORWARD_STRATEGY=0"", ""-DSAD_SU2_BACKWARD_STRATEGY=0""]",1.24721448695444,1.0039385985485048,1.044735390100689,0,1,0
su2-hea,26,8,split-forward_lookup-backward,optimized,f128r3_b64r4,147.530948,11.757739999999998,439.193091,598.8846960000001,9,1,8.326672684688674e-17,1.790234627208065e-15,libsad_fusion_f128r3_b64r4_split_forward_lookup_backward_14001066e2.so,"[""-DSAD_FORWARD_BLOCK_THREADS=128"", ""-DSAD_FORWARD_REGISTER_BITS=3"", ""-DSAD_BLOCK_THREADS=64"", ""-DSAD_REGISTER_BITS=4"", ""-DSAD_SU2_FORWARD_STRATEGY=0"", ""-DSAD_SU2_BACKWARD_STRATEGY=1""]",1.2484999605895277,1.0287721505161465,1.0644506104886005,0,0,0
su2-hea,26,8,phased-forward_split-backward,optimized,f128r3_b64r4,174.280719,11.118877,426.909973,611.549417,9,1,1.3877787807814457e-16,2.7755575615628914e-16,libsad_fusion_f128r3_b64r4_phased_forward_split_backward_2a4d35d553.so,"[""-DSAD_FORWARD_BLOCK_THREADS=128"", ""-DSAD_FORWARD_REGISTER_BITS=3"", ""-DSAD_BLOCK_THREADS=64"", ""-DSAD_REGISTER_BITS=4"", ""-DSAD_SU2_FORWARD_STRATEGY=2"", ""-DSAD_SU2_BACKWARD_STRATEGY=0""]",1.4748733994647318,1.0,1.0869607365448484,0,1,0
su2-hea,26,8,phased-forward_lookup-backward,optimized,f128r3_b64r4,174.734196,11.264069,440.615092,626.947482,9,1,1.1102230246251565e-16,1.915134717478395e-15,libsad_fusion_f128r3_b64r4_phased_forward_lookup_backward_7df21f009d.so,"[""-DSAD_FORWARD_BLOCK_THREADS=128"", ""-DSAD_FORWARD_REGISTER_BITS=3"", ""-DSAD_BLOCK_THREADS=64"", ""-DSAD_REGISTER_BITS=4"", ""-DSAD_SU2_FORWARD_STRATEGY=2"", ""-DSAD_SU2_BACKWARD_STRATEGY=1""]",1.4787110079414851,1.0321030659079966,1.1143290760583917,0,0,0
su2-hea,26,8,lookup-forward_phased-backward,optimized,f128r3_b64r4,118.166562,11.211203,641.4423919999999,772.218383,9,1,8.326672684688674e-17,1.9845236565174673e-15,libsad_fusion_f128r3_b64r4_lookup_forward_phased_backward_2210ed799a.so,"[""-DSAD_FORWARD_BLOCK_THREADS=128"", ""-DSAD_FORWARD_REGISTER_BITS=3"", ""-DSAD_BLOCK_THREADS=64"", ""-DSAD_REGISTER_BITS=4"", ""-DSAD_SU2_FORWARD_STRATEGY=1"", ""-DSAD_SU2_BACKWARD_STRATEGY=2""]",1.0,1.5025237932307567,1.3725318658249197,1,0,0
su2-hea,26,8,split-forward_phased-backward,optimized,f128r3_b64r4,146.92434500000002,11.318738999999999,638.238937,796.6480620000001,9,1,8.326672684688674e-17,1.9845236565174673e-15,libsad_fusion_f128r3_b64r4_split_forward_phased_backward_a3372de662.so,"[""-DSAD_FORWARD_BLOCK_THREADS=128"", ""-DSAD_FORWARD_REGISTER_BITS=3"", ""-DSAD_BLOCK_THREADS=64"", ""-DSAD_REGISTER_BITS=4"", ""-DSAD_SU2_FORWARD_STRATEGY=0"", ""-DSAD_SU2_BACKWARD_STRATEGY=2""]",1.2433665032921921,1.4950199746212065,1.4159528897703884,0,0,0
su2-hea,26,8,phased-forward_phased-backward,optimized,f128r3_b64r4,172.889737,11.095201000000001,634.8537269999999,820.1406499999999,9,1,1.3877787807814457e-16,2.0122792321330962e-15,libsad_fusion_f128r3_b64r4_phased_forward_phased_backward_4896db51e9.so,"[""-DSAD_FORWARD_BLOCK_THREADS=128"", ""-DSAD_FORWARD_REGISTER_BITS=3"", ""-DSAD_BLOCK_THREADS=64"", ""-DSAD_REGISTER_BITS=4"", ""-DSAD_SU2_FORWARD_STRATEGY=2"", ""-DSAD_SU2_BACKWARD_STRATEGY=2""]",1.4631020321975687,1.487090410511445,1.457708339200936,0,0,0
su2-hea,28,8,lookup-forward_split-backward,optimized,f128r3_b64r4,539.3711155000001,96.0146005,1726.2270735,2363.8997785,6,1,1.1102230246251565e-16,3.0531133177191805e-16,libsad_fusion_f128r3_b64r4_lookup_forward_split_backward_d2cc1cb087.so,"[""-DSAD_FORWARD_BLOCK_THREADS=128"", ""-DSAD_FORWARD_REGISTER_BITS=3"", ""-DSAD_BLOCK_THREADS=64"", ""-DSAD_REGISTER_BITS=4"", ""-DSAD_SU2_FORWARD_STRATEGY=1"", ""-DSAD_SU2_BACKWARD_STRATEGY=0""]",1.0,1.0008281882807437,1.0,1,1,1
su2-hea,28,8,split-forward_split-backward,optimized,f128r3_b64r4,621.0053614999999,97.18232599999999,1726.628714,2442.359238,6,1,6.245004513516506e-17,3.3306690738754696e-16,libsad_fusion_f128r3_b64r4_split_forward_split_backward_4cfb67b4b9.so,"[""-DSAD_FORWARD_BLOCK_THREADS=128"", ""-DSAD_FORWARD_REGISTER_BITS=3"", ""-DSAD_BLOCK_THREADS=64"", ""-DSAD_REGISTER_BITS=4"", ""-DSAD_SU2_FORWARD_STRATEGY=0"", ""-DSAD_SU2_BACKWARD_STRATEGY=0""]",1.151350792903184,1.0010610505386275,1.033190687783636,0,1,0
su2-hea,28,8,lookup-forward_lookup-backward,optimized,f128r3_b64r4,540.780523,98.127501,1850.8194895,2490.922869,6,1,9.71445146547012e-17,2.1649348980190553e-15,libsad_fusion_f128r3_b64r4_lookup_forward_lookup_backward_7b8f8fcfcf.so,"[""-DSAD_FORWARD_BLOCK_THREADS=128"", ""-DSAD_FORWARD_REGISTER_BITS=3"", ""-DSAD_BLOCK_THREADS=64"", ""-DSAD_REGISTER_BITS=4"", ""-DSAD_SU2_FORWARD_STRATEGY=1"", ""-DSAD_SU2_BACKWARD_STRATEGY=1""]",1.0026130570575575,1.0730641089733644,1.0537345498549866,1,0,0
su2-hea,28,8,split-forward_lookup-backward,optimized,f128r3_b64r4,619.420777,96.7811055,1847.6514425,2566.8116695,6,1,7.632783294297951e-17,2.1788126858268697e-15,libsad_fusion_f128r3_b64r4_split_forward_lookup_backward_14001066e2.so,"[""-DSAD_FORWARD_BLOCK_THREADS=128"", ""-DSAD_FORWARD_REGISTER_BITS=3"", ""-DSAD_BLOCK_THREADS=64"", ""-DSAD_REGISTER_BITS=4"", ""-DSAD_SU2_FORWARD_STRATEGY=0"", ""-DSAD_SU2_BACKWARD_STRATEGY=1""]",1.14841295575458,1.0712273455555774,1.0858377723309218,0,0,0
su2-hea,28,8,phased-forward_split-backward,optimized,f128r3_b64r4,765.4378770000001,97.83454499999999,1727.9760685,2590.4357525,6,1,1.5265566588595902e-16,1.942890293094024e-16,libsad_fusion_f128r3_b64r4_phased_forward_split_backward_2a4d35d553.so,"[""-DSAD_FORWARD_BLOCK_THREADS=128"", ""-DSAD_FORWARD_REGISTER_BITS=3"", ""-DSAD_BLOCK_THREADS=64"", ""-DSAD_REGISTER_BITS=4"", ""-DSAD_SU2_FORWARD_STRATEGY=2"", ""-DSAD_SU2_BACKWARD_STRATEGY=0""]",1.4191302704269486,1.0018422168080643,1.095831462932725,0,1,0
su2-hea,28,8,auto,optimized,f128r3_b64r4,769.866263,95.22479050000001,1724.7986154999999,2590.8761320000003,6,1,1.1796119636642288e-16,2.220446049250313e-16,libsad_fusion_f128r3_b64r4_auto_a330c9365c.so,"[""-DSAD_FORWARD_BLOCK_THREADS=128"", ""-DSAD_FORWARD_REGISTER_BITS=3"", ""-DSAD_BLOCK_THREADS=64"", ""-DSAD_REGISTER_BITS=4""]",1.4273405469373894,1.0,1.096017756575123,0,1,0
su2-hea,28,8,phased-forward_lookup-backward,optimized,f128r3_b64r4,764.682148,95.941903,1846.061383,2707.9144100000003,6,1,1.5959455978986625e-16,2.400857290751901e-15,libsad_fusion_f128r3_b64r4_phased_forward_lookup_backward_7df21f009d.so,"[""-DSAD_FORWARD_BLOCK_THREADS=128"", ""-DSAD_FORWARD_REGISTER_BITS=3"", ""-DSAD_BLOCK_THREADS=64"", ""-DSAD_REGISTER_BITS=4"", ""-DSAD_SU2_FORWARD_STRATEGY=2"", ""-DSAD_SU2_BACKWARD_STRATEGY=1""]",1.4177291405216152,1.0703054643076968,1.1455284334085825,0,0,0
su2-hea,28,8,lookup-forward_phased-backward,optimized,f128r3_b64r4,542.6902375,96.696584,2719.4936285,3359.2728930000003,6,1,6.938893903907228e-17,2.3037127760972e-15,libsad_fusion_f128r3_b64r4_lookup_forward_phased_backward_2210ed799a.so,"[""-DSAD_FORWARD_BLOCK_THREADS=128"", ""-DSAD_FORWARD_REGISTER_BITS=3"", ""-DSAD_BLOCK_THREADS=64"", ""-DSAD_REGISTER_BITS=4"", ""-DSAD_SU2_FORWARD_STRATEGY=1"", ""-DSAD_SU2_BACKWARD_STRATEGY=2""]",1.0061536888139126,1.5767021170246296,1.4210724682801945,1,0,0
su2-hea,28,8,split-forward_phased-backward,optimized,f128r3_b64r4,623.637565,96.76685450000001,2718.869459,3439.1838445000003,6,1,9.71445146547012e-17,2.2898349882893854e-15,libsad_fusion_f128r3_b64r4_split_forward_phased_backward_a3372de662.so,"[""-DSAD_FORWARD_BLOCK_THREADS=128"", ""-DSAD_FORWARD_REGISTER_BITS=3"", ""-DSAD_BLOCK_THREADS=64"", ""-DSAD_REGISTER_BITS=4"", ""-DSAD_SU2_FORWARD_STRATEGY=0"", ""-DSAD_SU2_BACKWARD_STRATEGY=2""]",1.156230927238075,1.576340237385818,1.4548771804032723,0,0,0
su2-hea,28,8,phased-forward_phased-backward,optimized,f128r3_b64r4,767.5683375,97.2826705,2717.5835639999996,3589.4071825,6,1,1.1102230246251565e-16,2.4702462297909733e-15,libsad_fusion_f128r3_b64r4_phased_forward_phased_backward_4896db51e9.so,"[""-DSAD_FORWARD_BLOCK_THREADS=128"", ""-DSAD_FORWARD_REGISTER_BITS=3"", ""-DSAD_BLOCK_THREADS=64"", ""-DSAD_REGISTER_BITS=4"", ""-DSAD_SU2_FORWARD_STRATEGY=2"", ""-DSAD_SU2_BACKWARD_STRATEGY=2""]",1.423080167703196,1.5755947039719778,1.518426125822322,0,0,0
xxz-hva,20,8,cross-matching,optimized,f128r3_b32r3,4.102932,0.24220399999999997,12.781578999999999,17.382511,9,1,1.0495077029659683e-16,4.787836793695988e-16,libsad_fusion_f128r3_b32r3_cross_matching_448a98da88.so,"[""-DSAD_FORWARD_BLOCK_THREADS=128"", ""-DSAD_FORWARD_REGISTER_BITS=3"", ""-DSAD_BLOCK_THREADS=32"", ""-DSAD_REGISTER_BITS=3"", ""-DSAD_XXZ_CROSS_MATCHING=1""]",1.0,1.0,1.0,1,1,1
xxz-hva,20,8,separate-matchings,optimized,f128r3_b32r3,4.208952,0.09605999999999999,13.179254,17.435382,9,1,4.5102810375396984e-17,1.942890293094024e-16,libsad_fusion_f128r3_b32r3_separate_matchings_6a54a88064.so,"[""-DSAD_FORWARD_BLOCK_THREADS=128"", ""-DSAD_FORWARD_REGISTER_BITS=3"", ""-DSAD_BLOCK_THREADS=32"", ""-DSAD_REGISTER_BITS=3"", ""-DSAD_XXZ_CROSS_MATCHING=0""]",1.0258400577928175,1.0311131355523446,1.003041620396501,0,0,1
xxz-hva,22,8,cross-matching,optimized,f128r3_b32r3,15.706655,0.36118700000000004,50.831849,67.17839000000001,9,1,5.551115123125783e-17,8.049116928532385e-16,libsad_fusion_f128r3_b32r3_cross_matching_448a98da88.so,"[""-DSAD_FORWARD_BLOCK_THREADS=128"", ""-DSAD_FORWARD_REGISTER_BITS=3"", ""-DSAD_BLOCK_THREADS=32"", ""-DSAD_REGISTER_BITS=3"", ""-DSAD_XXZ_CROSS_MATCHING=1""]",1.0,1.0,1.0,1,1,1
xxz-hva,22,8,separate-matchings,optimized,f128r3_b32r3,15.963437,0.510272,52.545355,68.90895900000001,9,1,6.938893903907228e-17,1.8041124150158794e-16,libsad_fusion_f128r3_b32r3_separate_matchings_6a54a88064.so,"[""-DSAD_FORWARD_BLOCK_THREADS=128"", ""-DSAD_FORWARD_REGISTER_BITS=3"", ""-DSAD_BLOCK_THREADS=32"", ""-DSAD_REGISTER_BITS=3"", ""-DSAD_XXZ_CROSS_MATCHING=0""]",1.0163486114643763,1.0337092990656311,1.0257607989712167,1,0,0
xxz-hva,24,8,cross-matching,optimized,f128r3_b32r3,68.513216,1.734546,224.017468,294.41276100000005,9,1,6.938893903907228e-17,1.4641066137244252e-15,libsad_fusion_f128r3_b32r3_cross_matching_448a98da88.so,"[""-DSAD_FORWARD_BLOCK_THREADS=128"", ""-DSAD_FORWARD_REGISTER_BITS=3"", ""-DSAD_BLOCK_THREADS=32"", ""-DSAD_REGISTER_BITS=3"", ""-DSAD_XXZ_CROSS_MATCHING=1""]",1.0,1.0,1.0,1,1,1
xxz-hva,24,8,separate-matchings,optimized,f128r3_b32r3,69.636922,1.608788,231.373537,302.27092799999997,9,1,1.3877787807814457e-17,2.914335439641036e-16,libsad_fusion_f128r3_b32r3_separate_matchings_6a54a88064.so,"[""-DSAD_FORWARD_BLOCK_THREADS=128"", ""-DSAD_FORWARD_REGISTER_BITS=3"", ""-DSAD_BLOCK_THREADS=32"", ""-DSAD_REGISTER_BITS=3"", ""-DSAD_XXZ_CROSS_MATCHING=0""]",1.0164013027793062,1.0328370330477978,1.0266909864005518,1,0,0
xxz-hva,26,8,cross-matching,optimized,f128r3_b32r3,290.906421,8.571439,984.13056,1283.363537,9,1,2.0816681711721685e-17,1.0325074129013956e-14,libsad_fusion_f128r3_b32r3_cross_matching_448a98da88.so,"[""-DSAD_FORWARD_BLOCK_THREADS=128"", ""-DSAD_FORWARD_REGISTER_BITS=3"", ""-DSAD_BLOCK_THREADS=32"", ""-DSAD_REGISTER_BITS=3"", ""-DSAD_XXZ_CROSS_MATCHING=1""]",1.0,1.0,1.0,1,1,1
xxz-hva,26,8,separate-matchings,optimized,f128r3_b32r3,302.751415,8.715940999999999,1019.1175020000001,1329.7041850000003,9,1,4.85722573273506e-17,4.163336342344337e-16,libsad_fusion_f128r3_b32r3_separate_matchings_6a54a88064.so,"[""-DSAD_FORWARD_BLOCK_THREADS=128"", ""-DSAD_FORWARD_REGISTER_BITS=3"", ""-DSAD_BLOCK_THREADS=32"", ""-DSAD_REGISTER_BITS=3"", ""-DSAD_XXZ_CROSS_MATCHING=0""]",1.0407175405729527,1.0355511183394204,1.036108746013095,0,0,0
xxz-hva,28,8,cross-matching,optimized,f128r3_b32r3,1290.980599,43.884165,4284.4074565,5621.608658499999,6,1,2.0816681711721685e-16,6.744604874597826e-15,libsad_fusion_f128r3_b32r3_cross_matching_448a98da88.so,"[""-DSAD_FORWARD_BLOCK_THREADS=128"", ""-DSAD_FORWARD_REGISTER_BITS=3"", ""-DSAD_BLOCK_THREADS=32"", ""-DSAD_REGISTER_BITS=3"", ""-DSAD_XXZ_CROSS_MATCHING=1""]",1.0,1.0,1.0,1,1,1
xxz-hva,28,8,separate-matchings,optimized,f128r3_b32r3,1327.7696369999999,42.4807785,4378.635722999999,5750.805418,6,1,3.122502256758253e-16,2.7755575615628914e-16,libsad_fusion_f128r3_b32r3_separate_matchings_6a54a88064.so,"[""-DSAD_FORWARD_BLOCK_THREADS=128"", ""-DSAD_FORWARD_REGISTER_BITS=3"", ""-DSAD_BLOCK_THREADS=32"", ""-DSAD_REGISTER_BITS=3"", ""-DSAD_XXZ_CROSS_MATCHING=0""]",1.028496972013752,1.021993301864192,1.0229821688680965,0,0,0
