stage,repetition,iterations,order,gate,direction,qubits,fixed_source_candidate,fixed_source_schedule,base_m1_schedule,candidate,phase_index,mailbox_chunks,selected_cuts,schedule,average_ms,base_average_ms,base_over_candidate,predicted_combined_ms,predicted_combined_speedup,phi_checksum_abs_error,lambda_checksum_abs_error,gradient_checksum_abs_error,correct
local,0,6,interleaved,rx,backward,28,uniform,t64r4m2/compact/10;t64r4m2/compact/10;t64r4m2/compact/8,t64r4m1/compact/10;t64r4m1/compact/10;t64r4m1/compact/8,phase-2-m16,2,16,,t64r4m1/compact/10;t64r4m1/compact/10;t64r4m16/compact/8,148.088134766,155.978759766,1.053283303300891,,,0.0,0.0,0.0,1
local,0,6,interleaved,rx,backward,28,uniform,t64r4m2/compact/10;t64r4m2/compact/10;t64r4m2/compact/8,t64r4m1/compact/10;t64r4m1/compact/10;t64r4m1/compact/8,phase-1-m16,1,16,,t64r4m1/compact/10;t64r4m16/compact/10;t64r4m1/compact/8,151.424072266,157.401748657,1.0394763943509544,,,0.0,0.0,0.0,1
local,0,6,interleaved,rx,backward,28,uniform,t64r4m2/compact/10;t64r4m2/compact/10;t64r4m2/compact/8,t64r4m1/compact/10;t64r4m1/compact/10;t64r4m1/compact/8,phase-1-m2,1,2,,t64r4m1/compact/10;t64r4m2/compact/10;t64r4m1/compact/8,153.259338379,157.78175354,1.0295082518875056,,,0.0,0.0,0.0,1
local,0,6,interleaved,rx,backward,28,uniform,t64r4m2/compact/10;t64r4m2/compact/10;t64r4m2/compact/8,t64r4m1/compact/10;t64r4m1/compact/10;t64r4m1/compact/8,phase-0-m8,0,8,,t64r4m8/compact/10;t64r4m1/compact/10;t64r4m1/compact/8,157.131286621,156.100708008,0.9934412895409828,,,0.0,0.0,0.0,1
local,0,6,interleaved,rx,backward,28,uniform,t64r4m2/compact/10;t64r4m2/compact/10;t64r4m2/compact/8,t64r4m1/compact/10;t64r4m1/compact/10;t64r4m1/compact/8,phase-0-m2,0,2,,t64r4m2/compact/10;t64r4m1/compact/10;t64r4m1/compact/8,158.063064575,158.255813599,1.0012194437993358,,,0.0,0.0,0.0,1
local,0,6,interleaved,rx,backward,28,uniform,t64r4m2/compact/10;t64r4m2/compact/10;t64r4m2/compact/8,t64r4m1/compact/10;t64r4m1/compact/10;t64r4m1/compact/8,phase-2-m4,2,4,,t64r4m1/compact/10;t64r4m1/compact/10;t64r4m4/compact/8,151.271774292,158.867797852,1.0502144143912624,,,0.0,0.0,0.0,1
local,0,6,interleaved,rx,backward,28,uniform,t64r4m2/compact/10;t64r4m2/compact/10;t64r4m2/compact/8,t64r4m1/compact/10;t64r4m1/compact/10;t64r4m1/compact/8,phase-1-m8,1,8,,t64r4m1/compact/10;t64r4m8/compact/10;t64r4m1/compact/8,154.293228149,159.752288818,1.0353810775397625,,,0.0,0.0,0.0,1
local,0,6,interleaved,rx,backward,28,uniform,t64r4m2/compact/10;t64r4m2/compact/10;t64r4m2/compact/8,t64r4m1/compact/10;t64r4m1/compact/10;t64r4m1/compact/8,phase-2-m2,2,2,,t64r4m1/compact/10;t64r4m1/compact/10;t64r4m2/compact/8,152.765136719,158.243087769,1.0358586465973338,,,0.0,0.0,0.0,1
local,0,6,interleaved,rx,backward,28,uniform,t64r4m2/compact/10;t64r4m2/compact/10;t64r4m2/compact/8,t64r4m1/compact/10;t64r4m1/compact/10;t64r4m1/compact/8,phase-2-m8,2,8,,t64r4m1/compact/10;t64r4m1/compact/10;t64r4m8/compact/8,151.997055054,159.143081665,1.0470142438513776,,,0.0,0.0,0.0,1
local,0,6,interleaved,rx,backward,28,uniform,t64r4m2/compact/10;t64r4m2/compact/10;t64r4m2/compact/8,t64r4m1/compact/10;t64r4m1/compact/10;t64r4m1/compact/8,phase-1-m4,1,4,,t64r4m1/compact/10;t64r4m4/compact/10;t64r4m1/compact/8,154.522781372,160.269714355,1.0371914932670332,,,0.0,0.0,0.0,1
local,0,6,interleaved,rx,backward,28,uniform,t64r4m2/compact/10;t64r4m2/compact/10;t64r4m2/compact/8,t64r4m1/compact/10;t64r4m1/compact/10;t64r4m1/compact/8,phase-0-m4,0,4,,t64r4m4/compact/10;t64r4m1/compact/10;t64r4m1/compact/8,158.694580078,159.635940552,1.0059319005950758,,,0.0,0.0,0.0,1
local,0,6,interleaved,rx,backward,28,uniform,t64r4m2/compact/10;t64r4m2/compact/10;t64r4m2/compact/8,t64r4m1/compact/10;t64r4m1/compact/10;t64r4m1/compact/8,phase-0-m16,0,16,,t64r4m16/compact/10;t64r4m1/compact/10;t64r4m1/compact/8,160.020614624,159.54548645,0.997030831464331,,,0.0,0.0,0.0,1
local,0,6,interleaved,ry,backward,28,uniform,t64r4m2/compact/10;t64r4m2/fixed/5;t64r4m2/fixed/5;t64r4m2/fixed/5;t64r4m2/fixed/3,t64r4m1/compact/10;t64r4m1/fixed/5;t64r4m1/fixed/5;t64r4m1/fixed/5;t64r4m1/fixed/3,phase-0-m4,0,4,,t64r4m4/compact/10;t64r4m1/fixed/5;t64r4m1/fixed/5;t64r4m1/fixed/5;t64r4m1/fixed/3,155.62739563,155.91456604,1.0018452433058942,,,0.0,0.0,0.0,1
local,0,6,interleaved,ry,backward,28,uniform,t64r4m2/compact/10;t64r4m2/fixed/5;t64r4m2/fixed/5;t64r4m2/fixed/5;t64r4m2/fixed/3,t64r4m1/compact/10;t64r4m1/fixed/5;t64r4m1/fixed/5;t64r4m1/fixed/5;t64r4m1/fixed/3,phase-2-m8,2,8,,t64r4m1/compact/10;t64r4m1/fixed/5;t64r4m8/fixed/5;t64r4m1/fixed/5;t64r4m1/fixed/3,155.664382935,156.388015747,1.0046486729870774,,,0.0,0.0,0.0,1
local,0,6,interleaved,ry,backward,28,uniform,t64r4m2/compact/10;t64r4m2/fixed/5;t64r4m2/fixed/5;t64r4m2/fixed/5;t64r4m2/fixed/3,t64r4m1/compact/10;t64r4m1/fixed/5;t64r4m1/fixed/5;t64r4m1/fixed/5;t64r4m1/fixed/3,phase-2-m4,2,4,,t64r4m1/compact/10;t64r4m1/fixed/5;t64r4m4/fixed/5;t64r4m1/fixed/5;t64r4m1/fixed/3,156.068206787,156.474868774,1.0026056683508575,,,0.0,0.0,0.0,1
local,0,6,interleaved,ry,backward,28,uniform,t64r4m2/compact/10;t64r4m2/fixed/5;t64r4m2/fixed/5;t64r4m2/fixed/5;t64r4m2/fixed/3,t64r4m1/compact/10;t64r4m1/fixed/5;t64r4m1/fixed/5;t64r4m1/fixed/5;t64r4m1/fixed/3,phase-3-m8,3,8,,t64r4m1/compact/10;t64r4m1/fixed/5;t64r4m1/fixed/5;t64r4m8/fixed/5;t64r4m1/fixed/3,156.028045654,155.649368286,0.9975730172969047,,,0.0,0.0,0.0,1
local,0,6,interleaved,ry,backward,28,uniform,t64r4m2/compact/10;t64r4m2/fixed/5;t64r4m2/fixed/5;t64r4m2/fixed/5;t64r4m2/fixed/3,t64r4m1/compact/10;t64r4m1/fixed/5;t64r4m1/fixed/5;t64r4m1/fixed/5;t64r4m1/fixed/3,phase-0-m16,0,16,,t64r4m16/compact/10;t64r4m1/fixed/5;t64r4m1/fixed/5;t64r4m1/fixed/5;t64r4m1/fixed/3,155.515426636,157.208358765,1.0108859433795112,,,0.0,0.0,0.0,1
local,0,6,interleaved,ry,backward,28,uniform,t64r4m2/compact/10;t64r4m2/fixed/5;t64r4m2/fixed/5;t64r4m2/fixed/5;t64r4m2/fixed/3,t64r4m1/compact/10;t64r4m1/fixed/5;t64r4m1/fixed/5;t64r4m1/fixed/5;t64r4m1/fixed/3,phase-1-m8,1,8,,t64r4m1/compact/10;t64r4m8/fixed/5;t64r4m1/fixed/5;t64r4m1/fixed/5;t64r4m1/fixed/3,156.528793335,156.565139771,1.000232202876069,,,0.0,0.0,0.0,1
local,0,6,interleaved,ry,backward,28,uniform,t64r4m2/compact/10;t64r4m2/fixed/5;t64r4m2/fixed/5;t64r4m2/fixed/5;t64r4m2/fixed/3,t64r4m1/compact/10;t64r4m1/fixed/5;t64r4m1/fixed/5;t64r4m1/fixed/5;t64r4m1/fixed/3,phase-2-m16,2,16,,t64r4m1/compact/10;t64r4m1/fixed/5;t64r4m16/fixed/5;t64r4m1/fixed/5;t64r4m1/fixed/3,155.523223877,156.174530029,1.0041878385476057,,,0.0,0.0,0.0,1
local,0,6,interleaved,ry,backward,28,uniform,t64r4m2/compact/10;t64r4m2/fixed/5;t64r4m2/fixed/5;t64r4m2/fixed/5;t64r4m2/fixed/3,t64r4m1/compact/10;t64r4m1/fixed/5;t64r4m1/fixed/5;t64r4m1/fixed/5;t64r4m1/fixed/3,phase-2-m2,2,2,,t64r4m1/compact/10;t64r4m1/fixed/5;t64r4m2/fixed/5;t64r4m1/fixed/5;t64r4m1/fixed/3,155.806472778,156.717910767,1.0058498082444793,,,0.0,0.0,0.0,1
local,0,6,interleaved,ry,backward,28,uniform,t64r4m2/compact/10;t64r4m2/fixed/5;t64r4m2/fixed/5;t64r4m2/fixed/5;t64r4m2/fixed/3,t64r4m1/compact/10;t64r4m1/fixed/5;t64r4m1/fixed/5;t64r4m1/fixed/5;t64r4m1/fixed/3,phase-4-m16,4,16,,t64r4m1/compact/10;t64r4m1/fixed/5;t64r4m1/fixed/5;t64r4m1/fixed/5;t64r4m16/fixed/3,157.087966919,157.608810425,1.0033156168242254,,,0.0,0.0,0.0,1
local,0,6,interleaved,ry,backward,28,uniform,t64r4m2/compact/10;t64r4m2/fixed/5;t64r4m2/fixed/5;t64r4m2/fixed/5;t64r4m2/fixed/3,t64r4m1/compact/10;t64r4m1/fixed/5;t64r4m1/fixed/5;t64r4m1/fixed/5;t64r4m1/fixed/3,phase-0-m2,0,2,,t64r4m2/compact/10;t64r4m1/fixed/5;t64r4m1/fixed/5;t64r4m1/fixed/5;t64r4m1/fixed/3,156.003829956,156.42414856,1.0026942838782775,,,0.0,0.0,0.0,1
local,0,6,interleaved,ry,backward,28,uniform,t64r4m2/compact/10;t64r4m2/fixed/5;t64r4m2/fixed/5;t64r4m2/fixed/5;t64r4m2/fixed/3,t64r4m1/compact/10;t64r4m1/fixed/5;t64r4m1/fixed/5;t64r4m1/fixed/5;t64r4m1/fixed/3,phase-3-m4,3,4,,t64r4m1/compact/10;t64r4m1/fixed/5;t64r4m1/fixed/5;t64r4m4/fixed/5;t64r4m1/fixed/3,156.34161377,157.135192871,1.0050759300858148,,,0.0,0.0,0.0,1
local,0,6,interleaved,ry,backward,28,uniform,t64r4m2/compact/10;t64r4m2/fixed/5;t64r4m2/fixed/5;t64r4m2/fixed/5;t64r4m2/fixed/3,t64r4m1/compact/10;t64r4m1/fixed/5;t64r4m1/fixed/5;t64r4m1/fixed/5;t64r4m1/fixed/3,phase-4-m8,4,8,,t64r4m1/compact/10;t64r4m1/fixed/5;t64r4m1/fixed/5;t64r4m1/fixed/5;t64r4m8/fixed/3,156.85218811,156.084030151,0.9951026634167114,,,0.0,0.0,0.0,1
local,0,6,interleaved,ry,backward,28,uniform,t64r4m2/compact/10;t64r4m2/fixed/5;t64r4m2/fixed/5;t64r4m2/fixed/5;t64r4m2/fixed/3,t64r4m1/compact/10;t64r4m1/fixed/5;t64r4m1/fixed/5;t64r4m1/fixed/5;t64r4m1/fixed/3,phase-3-m2,3,2,,t64r4m1/compact/10;t64r4m1/fixed/5;t64r4m1/fixed/5;t64r4m2/fixed/5;t64r4m1/fixed/3,156.070571899,157.410903931,1.008587986932395,,,0.0,0.0,0.0,1
local,0,6,interleaved,ry,backward,28,uniform,t64r4m2/compact/10;t64r4m2/fixed/5;t64r4m2/fixed/5;t64r4m2/fixed/5;t64r4m2/fixed/3,t64r4m1/compact/10;t64r4m1/fixed/5;t64r4m1/fixed/5;t64r4m1/fixed/5;t64r4m1/fixed/3,phase-1-m2,1,2,,t64r4m1/compact/10;t64r4m2/fixed/5;t64r4m1/fixed/5;t64r4m1/fixed/5;t64r4m1/fixed/3,156.495040894,156.946533203,1.0028850263012858,,,0.0,0.0,0.0,1
local,0,6,interleaved,ry,backward,28,uniform,t64r4m2/compact/10;t64r4m2/fixed/5;t64r4m2/fixed/5;t64r4m2/fixed/5;t64r4m2/fixed/3,t64r4m1/compact/10;t64r4m1/fixed/5;t64r4m1/fixed/5;t64r4m1/fixed/5;t64r4m1/fixed/3,phase-3-m16,3,16,,t64r4m1/compact/10;t64r4m1/fixed/5;t64r4m1/fixed/5;t64r4m16/fixed/5;t64r4m1/fixed/3,156.179748535,156.392990112,1.001365359971445,,,0.0,0.0,0.0,1
local,0,6,interleaved,ry,backward,28,uniform,t64r4m2/compact/10;t64r4m2/fixed/5;t64r4m2/fixed/5;t64r4m2/fixed/5;t64r4m2/fixed/3,t64r4m1/compact/10;t64r4m1/fixed/5;t64r4m1/fixed/5;t64r4m1/fixed/5;t64r4m1/fixed/3,phase-4-m2,4,2,,t64r4m1/compact/10;t64r4m1/fixed/5;t64r4m1/fixed/5;t64r4m1/fixed/5;t64r4m2/fixed/3,156.674804688,156.810256958,1.0008645440488644,,,0.0,0.0,0.0,1
local,0,6,interleaved,ry,backward,28,uniform,t64r4m2/compact/10;t64r4m2/fixed/5;t64r4m2/fixed/5;t64r4m2/fixed/5;t64r4m2/fixed/3,t64r4m1/compact/10;t64r4m1/fixed/5;t64r4m1/fixed/5;t64r4m1/fixed/5;t64r4m1/fixed/3,phase-4-m4,4,4,,t64r4m1/compact/10;t64r4m1/fixed/5;t64r4m1/fixed/5;t64r4m1/fixed/5;t64r4m4/fixed/3,155.958129883,156.385620117,1.0027410577077367,,,0.0,0.0,0.0,1
local,0,6,interleaved,ry,backward,28,uniform,t64r4m2/compact/10;t64r4m2/fixed/5;t64r4m2/fixed/5;t64r4m2/fixed/5;t64r4m2/fixed/3,t64r4m1/compact/10;t64r4m1/fixed/5;t64r4m1/fixed/5;t64r4m1/fixed/5;t64r4m1/fixed/3,phase-1-m4,1,4,,t64r4m1/compact/10;t64r4m4/fixed/5;t64r4m1/fixed/5;t64r4m1/fixed/5;t64r4m1/fixed/3,156.674942017,156.798141479,1.0007863380092181,,,0.0,0.0,0.0,1
local,0,6,interleaved,ry,backward,28,uniform,t64r4m2/compact/10;t64r4m2/fixed/5;t64r4m2/fixed/5;t64r4m2/fixed/5;t64r4m2/fixed/3,t64r4m1/compact/10;t64r4m1/fixed/5;t64r4m1/fixed/5;t64r4m1/fixed/5;t64r4m1/fixed/3,phase-0-m8,0,8,,t64r4m8/compact/10;t64r4m1/fixed/5;t64r4m1/fixed/5;t64r4m1/fixed/5;t64r4m1/fixed/3,156.895462036,155.294387817,0.9897952802571649,,,0.0,0.0,0.0,1
local,0,6,interleaved,ry,backward,28,uniform,t64r4m2/compact/10;t64r4m2/fixed/5;t64r4m2/fixed/5;t64r4m2/fixed/5;t64r4m2/fixed/3,t64r4m1/compact/10;t64r4m1/fixed/5;t64r4m1/fixed/5;t64r4m1/fixed/5;t64r4m1/fixed/3,phase-1-m16,1,16,,t64r4m1/compact/10;t64r4m16/fixed/5;t64r4m1/fixed/5;t64r4m1/fixed/5;t64r4m1/fixed/3,155.999908447,156.879837036,1.0056405711885334,,,0.0,0.0,0.0,1
local,0,30,interleaved,rx,forward,24,heterogeneous-3,t64r4m2/compact/10;t64r4m2/fixed/5;t32r4m1/compact/9,t64r4m1/compact/10;t64r4m1/fixed/5;t32r4m1/compact/9,phase-0-m8,0,8,,t64r4m8/compact/10;t64r4m1/fixed/5;t32r4m1/compact/9,2.960172892,2.934785128,0.9914235536482982,,,0.0,0.0,0.0,1
local,0,30,interleaved,rx,forward,24,heterogeneous-3,t64r4m2/compact/10;t64r4m2/fixed/5;t32r4m1/compact/9,t64r4m1/compact/10;t64r4m1/fixed/5;t32r4m1/compact/9,phase-0-m16,0,16,,t64r4m16/compact/10;t64r4m1/fixed/5;t32r4m1/compact/9,2.918955088,2.993322849,1.0254775283476372,,,0.0,0.0,0.0,1
local,0,30,interleaved,rx,forward,24,heterogeneous-3,t64r4m2/compact/10;t64r4m2/fixed/5;t32r4m1/compact/9,t64r4m1/compact/10;t64r4m1/fixed/5;t32r4m1/compact/9,phase-0-m2,0,2,,t64r4m2/compact/10;t64r4m1/fixed/5;t32r4m1/compact/9,3.056661129,2.869219065,0.9386775124590527,,,0.0,0.0,0.0,1
local,0,30,interleaved,rx,forward,24,heterogeneous-3,t64r4m2/compact/10;t64r4m2/fixed/5;t32r4m1/compact/9,t64r4m1/compact/10;t64r4m1/fixed/5;t32r4m1/compact/9,phase-0-m4,0,4,,t64r4m4/compact/10;t64r4m1/fixed/5;t32r4m1/compact/9,2.934836626,2.920435429,0.9950930157841092,,,0.0,0.0,0.0,1
local,0,30,interleaved,rx,forward,24,heterogeneous-3,t64r4m2/compact/10;t64r4m2/fixed/5;t32r4m1/compact/9,t64r4m1/compact/10;t64r4m1/fixed/5;t32r4m1/compact/9,phase-1-m16,1,16,,t64r4m1/compact/10;t64r4m16/fixed/5;t32r4m1/compact/9,3.032366753,3.030208826,0.9992883687311686,,,0.0,0.0,0.0,1
local,0,30,interleaved,rx,forward,24,heterogeneous-3,t64r4m2/compact/10;t64r4m2/fixed/5;t32r4m1/compact/9,t64r4m1/compact/10;t64r4m1/fixed/5;t32r4m1/compact/9,phase-1-m2,1,2,,t64r4m1/compact/10;t64r4m2/fixed/5;t32r4m1/compact/9,2.928986311,2.985698223,1.0193623001196743,,,0.0,0.0,0.0,1
local,0,30,interleaved,rx,forward,24,heterogeneous-3,t64r4m2/compact/10;t64r4m2/fixed/5;t32r4m1/compact/9,t64r4m1/compact/10;t64r4m1/fixed/5;t32r4m1/compact/9,phase-1-m4,1,4,,t64r4m1/compact/10;t64r4m4/fixed/5;t32r4m1/compact/9,3.078224182,2.963655949,0.9627810626432146,,,0.0,0.0,0.0,1
local,0,30,interleaved,rx,forward,24,heterogeneous-3,t64r4m2/compact/10;t64r4m2/fixed/5;t32r4m1/compact/9,t64r4m1/compact/10;t64r4m1/fixed/5;t32r4m1/compact/9,phase-1-m8,1,8,,t64r4m1/compact/10;t64r4m8/fixed/5;t32r4m1/compact/9,3.052718878,2.991420031,0.9799199174736457,,,0.0,0.0,0.0,1
local,0,30,interleaved,ry,backward,24,heterogeneous-2,t64r4m1/compact/10;t64r4m1/fixed/5;t64r4m2/fixed/5;t64r4m1/pairs/4,t64r4m1/compact/10;t64r4m1/fixed/5;t64r4m1/fixed/5;t64r4m1/pairs/4,phase-2-m2,2,2,,t64r4m1/compact/10;t64r4m1/fixed/5;t64r4m2/fixed/5;t64r4m1/pairs/4,8.225531578,8.218832016,0.9991855162263411,,,0.0,0.0,0.0,1
local,0,30,interleaved,ry,backward,24,heterogeneous-2,t64r4m1/compact/10;t64r4m1/fixed/5;t64r4m2/fixed/5;t64r4m1/pairs/4,t64r4m1/compact/10;t64r4m1/fixed/5;t64r4m1/fixed/5;t64r4m1/pairs/4,phase-3-m16,3,16,,t64r4m1/compact/10;t64r4m1/fixed/5;t64r4m1/fixed/5;t64r4m16/pairs/4,8.189571381,8.226678848,1.0045310633821558,,,0.0,0.0,0.0,1
local,0,30,interleaved,ry,backward,24,heterogeneous-2,t64r4m1/compact/10;t64r4m1/fixed/5;t64r4m2/fixed/5;t64r4m1/pairs/4,t64r4m1/compact/10;t64r4m1/fixed/5;t64r4m1/fixed/5;t64r4m1/pairs/4,phase-2-m4,2,4,,t64r4m1/compact/10;t64r4m1/fixed/5;t64r4m4/fixed/5;t64r4m1/pairs/4,8.130582809,8.176919937,1.0056991151911898,,,0.0,0.0,0.0,1
local,0,30,interleaved,ry,backward,24,heterogeneous-2,t64r4m1/compact/10;t64r4m1/fixed/5;t64r4m2/fixed/5;t64r4m1/pairs/4,t64r4m1/compact/10;t64r4m1/fixed/5;t64r4m1/fixed/5;t64r4m1/pairs/4,phase-1-m8,1,8,,t64r4m1/compact/10;t64r4m8/fixed/5;t64r4m1/fixed/5;t64r4m1/pairs/4,8.09465313,8.173922539,1.009792811097268,,,0.0,0.0,0.0,1
local,0,30,interleaved,ry,backward,24,heterogeneous-2,t64r4m1/compact/10;t64r4m1/fixed/5;t64r4m2/fixed/5;t64r4m1/pairs/4,t64r4m1/compact/10;t64r4m1/fixed/5;t64r4m1/fixed/5;t64r4m1/pairs/4,phase-0-m2,0,2,,t64r4m2/compact/10;t64r4m1/fixed/5;t64r4m1/fixed/5;t64r4m1/pairs/4,8.185087204,7.983995914,0.9754319917444828,,,0.0,0.0,0.0,1
local,0,30,interleaved,ry,backward,24,heterogeneous-2,t64r4m1/compact/10;t64r4m1/fixed/5;t64r4m2/fixed/5;t64r4m1/pairs/4,t64r4m1/compact/10;t64r4m1/fixed/5;t64r4m1/fixed/5;t64r4m1/pairs/4,phase-0-m8,0,8,,t64r4m8/compact/10;t64r4m1/fixed/5;t64r4m1/fixed/5;t64r4m1/pairs/4,8.069754601,8.120281219,1.0062612335192622,,,0.0,0.0,0.0,1
local,0,30,interleaved,ry,backward,24,heterogeneous-2,t64r4m1/compact/10;t64r4m1/fixed/5;t64r4m2/fixed/5;t64r4m1/pairs/4,t64r4m1/compact/10;t64r4m1/fixed/5;t64r4m1/fixed/5;t64r4m1/pairs/4,phase-3-m4,3,4,,t64r4m1/compact/10;t64r4m1/fixed/5;t64r4m1/fixed/5;t64r4m4/pairs/4,8.027118683,8.212752342,1.0231258146703548,,,0.0,0.0,0.0,1
local,0,30,interleaved,ry,backward,24,heterogeneous-2,t64r4m1/compact/10;t64r4m1/fixed/5;t64r4m2/fixed/5;t64r4m1/pairs/4,t64r4m1/compact/10;t64r4m1/fixed/5;t64r4m1/fixed/5;t64r4m1/pairs/4,phase-0-m4,0,4,,t64r4m4/compact/10;t64r4m1/fixed/5;t64r4m1/fixed/5;t64r4m1/pairs/4,8.14914608,8.14255619,0.9991913398121341,,,0.0,0.0,0.0,1
local,0,30,interleaved,ry,backward,24,heterogeneous-2,t64r4m1/compact/10;t64r4m1/fixed/5;t64r4m2/fixed/5;t64r4m1/pairs/4,t64r4m1/compact/10;t64r4m1/fixed/5;t64r4m1/fixed/5;t64r4m1/pairs/4,phase-3-m2,3,2,,t64r4m1/compact/10;t64r4m1/fixed/5;t64r4m1/fixed/5;t64r4m2/pairs/4,8.227941513,8.13726902,0.9889799298090854,,,0.0,0.0,0.0,1
local,0,30,interleaved,ry,backward,24,heterogeneous-2,t64r4m1/compact/10;t64r4m1/fixed/5;t64r4m2/fixed/5;t64r4m1/pairs/4,t64r4m1/compact/10;t64r4m1/fixed/5;t64r4m1/fixed/5;t64r4m1/pairs/4,phase-3-m8,3,8,,t64r4m1/compact/10;t64r4m1/fixed/5;t64r4m1/fixed/5;t64r4m8/pairs/4,8.19240284,8.115665436,0.9906331017286744,,,0.0,0.0,0.0,1
local,0,30,interleaved,ry,backward,24,heterogeneous-2,t64r4m1/compact/10;t64r4m1/fixed/5;t64r4m2/fixed/5;t64r4m1/pairs/4,t64r4m1/compact/10;t64r4m1/fixed/5;t64r4m1/fixed/5;t64r4m1/pairs/4,phase-0-m16,0,16,,t64r4m16/compact/10;t64r4m1/fixed/5;t64r4m1/fixed/5;t64r4m1/pairs/4,8.072104454,8.109730721,1.0046612710742804,,,0.0,0.0,0.0,1
local,0,30,interleaved,ry,backward,24,heterogeneous-2,t64r4m1/compact/10;t64r4m1/fixed/5;t64r4m2/fixed/5;t64r4m1/pairs/4,t64r4m1/compact/10;t64r4m1/fixed/5;t64r4m1/fixed/5;t64r4m1/pairs/4,phase-2-m8,2,8,,t64r4m1/compact/10;t64r4m1/fixed/5;t64r4m8/fixed/5;t64r4m1/pairs/4,8.22611618,8.300818443,1.009081109647056,,,0.0,0.0,0.0,1
local,0,30,interleaved,ry,backward,24,heterogeneous-2,t64r4m1/compact/10;t64r4m1/fixed/5;t64r4m2/fixed/5;t64r4m1/pairs/4,t64r4m1/compact/10;t64r4m1/fixed/5;t64r4m1/fixed/5;t64r4m1/pairs/4,phase-2-m16,2,16,,t64r4m1/compact/10;t64r4m1/fixed/5;t64r4m16/fixed/5;t64r4m1/pairs/4,8.064843178,8.164286613,1.0123304858885873,,,0.0,0.0,0.0,1
local,0,30,interleaved,ry,backward,24,heterogeneous-2,t64r4m1/compact/10;t64r4m1/fixed/5;t64r4m2/fixed/5;t64r4m1/pairs/4,t64r4m1/compact/10;t64r4m1/fixed/5;t64r4m1/fixed/5;t64r4m1/pairs/4,phase-1-m16,1,16,,t64r4m1/compact/10;t64r4m16/fixed/5;t64r4m1/fixed/5;t64r4m1/pairs/4,8.225560188,8.012439728,0.9740904625181743,,,0.0,0.0,0.0,1
local,0,30,interleaved,ry,backward,24,heterogeneous-2,t64r4m1/compact/10;t64r4m1/fixed/5;t64r4m2/fixed/5;t64r4m1/pairs/4,t64r4m1/compact/10;t64r4m1/fixed/5;t64r4m1/fixed/5;t64r4m1/pairs/4,phase-1-m2,1,2,,t64r4m1/compact/10;t64r4m2/fixed/5;t64r4m1/fixed/5;t64r4m1/pairs/4,8.226756096,8.172702789,0.9934295721947705,,,0.0,0.0,0.0,1
local,0,30,interleaved,ry,backward,24,heterogeneous-2,t64r4m1/compact/10;t64r4m1/fixed/5;t64r4m2/fixed/5;t64r4m1/pairs/4,t64r4m1/compact/10;t64r4m1/fixed/5;t64r4m1/fixed/5;t64r4m1/pairs/4,phase-1-m4,1,4,,t64r4m1/compact/10;t64r4m4/fixed/5;t64r4m1/fixed/5;t64r4m1/pairs/4,8.163458824,8.239191055,1.0092769783780071,,,0.0,0.0,0.0,1
local,0,6,interleaved,ry,forward,28,uniform,t64r4m2/compact/10;t64r4m2/compact/10;t64r4m2/compact/8,t64r4m1/compact/10;t64r4m1/compact/10;t64r4m1/compact/8,phase-1-m4,1,4,,t64r4m1/compact/10;t64r4m4/compact/10;t64r4m1/compact/8,56.288070679,59.387203217,1.0550584253575461,,,0.0,0.0,0.0,1
local,0,6,interleaved,ry,forward,28,uniform,t64r4m2/compact/10;t64r4m2/compact/10;t64r4m2/compact/8,t64r4m1/compact/10;t64r4m1/compact/10;t64r4m1/compact/8,phase-2-m16,2,16,,t64r4m1/compact/10;t64r4m1/compact/10;t64r4m16/compact/8,55.15644455,58.954174042,1.0688537762537849,,,0.0,0.0,0.0,1
local,0,6,interleaved,ry,forward,28,uniform,t64r4m2/compact/10;t64r4m2/compact/10;t64r4m2/compact/8,t64r4m1/compact/10;t64r4m1/compact/10;t64r4m1/compact/8,phase-1-m16,1,16,,t64r4m1/compact/10;t64r4m16/compact/10;t64r4m1/compact/8,56.434005737,58.181873322,1.0309718858722454,,,0.0,0.0,0.0,1
local,0,6,interleaved,ry,forward,28,uniform,t64r4m2/compact/10;t64r4m2/compact/10;t64r4m2/compact/8,t64r4m1/compact/10;t64r4m1/compact/10;t64r4m1/compact/8,phase-0-m8,0,8,,t64r4m8/compact/10;t64r4m1/compact/10;t64r4m1/compact/8,58.69619751,58.560657501,0.9976908213010408,,,0.0,0.0,0.0,1
local,0,6,interleaved,ry,forward,28,uniform,t64r4m2/compact/10;t64r4m2/compact/10;t64r4m2/compact/8,t64r4m1/compact/10;t64r4m1/compact/10;t64r4m1/compact/8,phase-0-m16,0,16,,t64r4m16/compact/10;t64r4m1/compact/10;t64r4m1/compact/8,58.454143524,59.173339844,1.0123035986269255,,,0.0,0.0,0.0,1
local,0,6,interleaved,ry,forward,28,uniform,t64r4m2/compact/10;t64r4m2/compact/10;t64r4m2/compact/8,t64r4m1/compact/10;t64r4m1/compact/10;t64r4m1/compact/8,phase-1-m2,1,2,,t64r4m1/compact/10;t64r4m2/compact/10;t64r4m1/compact/8,57.018188477,59.026073456,1.035214815353349,,,0.0,0.0,0.0,1
local,0,6,interleaved,ry,forward,28,uniform,t64r4m2/compact/10;t64r4m2/compact/10;t64r4m2/compact/8,t64r4m1/compact/10;t64r4m1/compact/10;t64r4m1/compact/8,phase-0-m2,0,2,,t64r4m2/compact/10;t64r4m1/compact/10;t64r4m1/compact/8,59.599254608,58.420131683,0.9802158108728808,,,0.0,0.0,0.0,1
local,0,6,interleaved,ry,forward,28,uniform,t64r4m2/compact/10;t64r4m2/compact/10;t64r4m2/compact/8,t64r4m1/compact/10;t64r4m1/compact/10;t64r4m1/compact/8,phase-0-m4,0,4,,t64r4m4/compact/10;t64r4m1/compact/10;t64r4m1/compact/8,58.931606293,58.789916992,0.9975956993214212,,,0.0,0.0,0.0,1
local,0,6,interleaved,ry,forward,28,uniform,t64r4m2/compact/10;t64r4m2/compact/10;t64r4m2/compact/8,t64r4m1/compact/10;t64r4m1/compact/10;t64r4m1/compact/8,phase-2-m8,2,8,,t64r4m1/compact/10;t64r4m1/compact/10;t64r4m8/compact/8,54.750888824,59.465084076,1.0861026250579064,,,0.0,0.0,0.0,1
local,0,6,interleaved,ry,forward,28,uniform,t64r4m2/compact/10;t64r4m2/compact/10;t64r4m2/compact/8,t64r4m1/compact/10;t64r4m1/compact/10;t64r4m1/compact/8,phase-2-m4,2,4,,t64r4m1/compact/10;t64r4m1/compact/10;t64r4m4/compact/8,55.403369904,59.235492706,1.0691676843599964,,,0.0,0.0,0.0,1
local,0,6,interleaved,ry,forward,28,uniform,t64r4m2/compact/10;t64r4m2/compact/10;t64r4m2/compact/8,t64r4m1/compact/10;t64r4m1/compact/10;t64r4m1/compact/8,phase-2-m2,2,2,,t64r4m1/compact/10;t64r4m1/compact/10;t64r4m2/compact/8,55.705764771,59.797149658,1.0734463462411694,,,0.0,0.0,0.0,1
local,0,6,interleaved,ry,forward,28,uniform,t64r4m2/compact/10;t64r4m2/compact/10;t64r4m2/compact/8,t64r4m1/compact/10;t64r4m1/compact/10;t64r4m1/compact/8,phase-1-m8,1,8,,t64r4m1/compact/10;t64r4m8/compact/10;t64r4m1/compact/8,56.934921265,59.189250946,1.0395948502415129,,,0.0,0.0,0.0,1
local,0,30,interleaved,rx,backward,24,heterogeneous-2,t64r4m2/compact/10;t64r4m2/fixed/5;t64r4m2/fixed/5;t64r4m2/pairs/4,t64r4m1/compact/10;t64r4m1/fixed/5;t64r4m1/fixed/5;t64r4m1/pairs/4,phase-0-m4,0,4,,t64r4m4/compact/10;t64r4m1/fixed/5;t64r4m1/fixed/5;t64r4m1/pairs/4,7.962053776,7.927721024,0.9956879527611973,,,0.0,0.0,0.0,1
local,0,30,interleaved,rx,backward,24,heterogeneous-2,t64r4m2/compact/10;t64r4m2/fixed/5;t64r4m2/fixed/5;t64r4m2/pairs/4,t64r4m1/compact/10;t64r4m1/fixed/5;t64r4m1/fixed/5;t64r4m1/pairs/4,phase-1-m16,1,16,,t64r4m1/compact/10;t64r4m16/fixed/5;t64r4m1/fixed/5;t64r4m1/pairs/4,7.818528175,7.857745647,1.0050159660644824,,,0.0,0.0,0.0,1
local,0,30,interleaved,rx,backward,24,heterogeneous-2,t64r4m2/compact/10;t64r4m2/fixed/5;t64r4m2/fixed/5;t64r4m2/pairs/4,t64r4m1/compact/10;t64r4m1/fixed/5;t64r4m1/fixed/5;t64r4m1/pairs/4,phase-2-m16,2,16,,t64r4m1/compact/10;t64r4m1/fixed/5;t64r4m16/fixed/5;t64r4m1/pairs/4,7.976783276,7.774877548,0.9746883272349294,,,0.0,0.0,0.0,1
local,0,30,interleaved,rx,backward,24,heterogeneous-2,t64r4m2/compact/10;t64r4m2/fixed/5;t64r4m2/fixed/5;t64r4m2/pairs/4,t64r4m1/compact/10;t64r4m1/fixed/5;t64r4m1/fixed/5;t64r4m1/pairs/4,phase-2-m2,2,2,,t64r4m1/compact/10;t64r4m1/fixed/5;t64r4m2/fixed/5;t64r4m1/pairs/4,7.945752144,7.94429493,0.9998166046494289,,,0.0,0.0,0.0,1
local,0,30,interleaved,rx,backward,24,heterogeneous-2,t64r4m2/compact/10;t64r4m2/fixed/5;t64r4m2/fixed/5;t64r4m2/pairs/4,t64r4m1/compact/10;t64r4m1/fixed/5;t64r4m1/fixed/5;t64r4m1/pairs/4,phase-1-m4,1,4,,t64r4m1/compact/10;t64r4m4/fixed/5;t64r4m1/fixed/5;t64r4m1/pairs/4,7.814772606,7.870119572,1.0070823514375205,,,0.0,0.0,0.0,1
local,0,30,interleaved,rx,backward,24,heterogeneous-2,t64r4m2/compact/10;t64r4m2/fixed/5;t64r4m2/fixed/5;t64r4m2/pairs/4,t64r4m1/compact/10;t64r4m1/fixed/5;t64r4m1/fixed/5;t64r4m1/pairs/4,phase-2-m4,2,4,,t64r4m1/compact/10;t64r4m1/fixed/5;t64r4m4/fixed/5;t64r4m1/pairs/4,7.86830759,7.766476154,0.9870580255238853,,,0.0,0.0,0.0,1
local,0,30,interleaved,rx,backward,24,heterogeneous-2,t64r4m2/compact/10;t64r4m2/fixed/5;t64r4m2/fixed/5;t64r4m2/pairs/4,t64r4m1/compact/10;t64r4m1/fixed/5;t64r4m1/fixed/5;t64r4m1/pairs/4,phase-3-m8,3,8,,t64r4m1/compact/10;t64r4m1/fixed/5;t64r4m1/fixed/5;t64r4m8/pairs/4,7.849918842,7.706297874,0.9817041461331326,,,0.0,0.0,0.0,1
local,0,30,interleaved,rx,backward,24,heterogeneous-2,t64r4m2/compact/10;t64r4m2/fixed/5;t64r4m2/fixed/5;t64r4m2/pairs/4,t64r4m1/compact/10;t64r4m1/fixed/5;t64r4m1/fixed/5;t64r4m1/pairs/4,phase-0-m8,0,8,,t64r4m8/compact/10;t64r4m1/fixed/5;t64r4m1/fixed/5;t64r4m1/pairs/4,7.890221119,7.717834473,0.9781518612216221,,,0.0,0.0,0.0,1
local,0,30,interleaved,rx,backward,24,heterogeneous-2,t64r4m2/compact/10;t64r4m2/fixed/5;t64r4m2/fixed/5;t64r4m2/pairs/4,t64r4m1/compact/10;t64r4m1/fixed/5;t64r4m1/fixed/5;t64r4m1/pairs/4,phase-3-m2,3,2,,t64r4m1/compact/10;t64r4m1/fixed/5;t64r4m1/fixed/5;t64r4m2/pairs/4,7.850396156,7.7437644,0.986417022290206,,,0.0,0.0,0.0,1
local,0,30,interleaved,rx,backward,24,heterogeneous-2,t64r4m2/compact/10;t64r4m2/fixed/5;t64r4m2/fixed/5;t64r4m2/pairs/4,t64r4m1/compact/10;t64r4m1/fixed/5;t64r4m1/fixed/5;t64r4m1/pairs/4,phase-1-m2,1,2,,t64r4m1/compact/10;t64r4m2/fixed/5;t64r4m1/fixed/5;t64r4m1/pairs/4,7.869382858,7.77826786,0.9884215827792172,,,0.0,0.0,0.0,1
local,0,30,interleaved,rx,backward,24,heterogeneous-2,t64r4m2/compact/10;t64r4m2/fixed/5;t64r4m2/fixed/5;t64r4m2/pairs/4,t64r4m1/compact/10;t64r4m1/fixed/5;t64r4m1/fixed/5;t64r4m1/pairs/4,phase-3-m4,3,4,,t64r4m1/compact/10;t64r4m1/fixed/5;t64r4m1/fixed/5;t64r4m4/pairs/4,7.776609898,7.976311684,1.0256797998895841,,,0.0,0.0,0.0,1
local,0,30,interleaved,rx,backward,24,heterogeneous-2,t64r4m2/compact/10;t64r4m2/fixed/5;t64r4m2/fixed/5;t64r4m2/pairs/4,t64r4m1/compact/10;t64r4m1/fixed/5;t64r4m1/fixed/5;t64r4m1/pairs/4,phase-0-m2,0,2,,t64r4m2/compact/10;t64r4m1/fixed/5;t64r4m1/fixed/5;t64r4m1/pairs/4,7.926519871,7.779119968,0.9814042094893021,,,0.0,0.0,0.0,1
local,0,30,interleaved,rx,backward,24,heterogeneous-2,t64r4m2/compact/10;t64r4m2/fixed/5;t64r4m2/fixed/5;t64r4m2/pairs/4,t64r4m1/compact/10;t64r4m1/fixed/5;t64r4m1/fixed/5;t64r4m1/pairs/4,phase-2-m8,2,8,,t64r4m1/compact/10;t64r4m1/fixed/5;t64r4m8/fixed/5;t64r4m1/pairs/4,7.763661385,7.945757866,1.0234549746530452,,,0.0,0.0,0.0,1
local,0,30,interleaved,rx,backward,24,heterogeneous-2,t64r4m2/compact/10;t64r4m2/fixed/5;t64r4m2/fixed/5;t64r4m2/pairs/4,t64r4m1/compact/10;t64r4m1/fixed/5;t64r4m1/fixed/5;t64r4m1/pairs/4,phase-3-m16,3,16,,t64r4m1/compact/10;t64r4m1/fixed/5;t64r4m1/fixed/5;t64r4m16/pairs/4,7.836030006,7.844837666,1.0011239951854773,,,0.0,0.0,0.0,1
local,0,30,interleaved,rx,backward,24,heterogeneous-2,t64r4m2/compact/10;t64r4m2/fixed/5;t64r4m2/fixed/5;t64r4m2/pairs/4,t64r4m1/compact/10;t64r4m1/fixed/5;t64r4m1/fixed/5;t64r4m1/pairs/4,phase-1-m8,1,8,,t64r4m1/compact/10;t64r4m8/fixed/5;t64r4m1/fixed/5;t64r4m1/pairs/4,7.954771519,7.718301296,0.9702731596457308,,,0.0,0.0,0.0,1
local,0,30,interleaved,rx,backward,24,heterogeneous-2,t64r4m2/compact/10;t64r4m2/fixed/5;t64r4m2/fixed/5;t64r4m2/pairs/4,t64r4m1/compact/10;t64r4m1/fixed/5;t64r4m1/fixed/5;t64r4m1/pairs/4,phase-0-m16,0,16,,t64r4m16/compact/10;t64r4m1/fixed/5;t64r4m1/fixed/5;t64r4m1/pairs/4,7.798716545,7.890140057,1.0117228920262031,,,0.0,0.0,0.0,1
local,0,6,interleaved,rx,forward,28,heterogeneous-1,t32r4m1/compact/9;t32r4m1/compact/9;t64r4m2/compact/10,t32r4m1/compact/9;t32r4m1/compact/9;t64r4m1/compact/10,phase-2-m2,2,2,,t32r4m1/compact/9;t32r4m1/compact/9;t64r4m2/compact/10,55.813491821,58.048473358,1.0400437504280835,,,0.0,0.0,0.0,1
local,0,6,interleaved,rx,forward,28,heterogeneous-1,t32r4m1/compact/9;t32r4m1/compact/9;t64r4m2/compact/10,t32r4m1/compact/9;t32r4m1/compact/9;t64r4m1/compact/10,phase-2-m16,2,16,,t32r4m1/compact/9;t32r4m1/compact/9;t64r4m16/compact/10,55.67029953,59.071407318,1.061093757653795,,,0.0,0.0,0.0,1
local,0,6,interleaved,rx,forward,28,heterogeneous-1,t32r4m1/compact/9;t32r4m1/compact/9;t64r4m2/compact/10,t32r4m1/compact/9;t32r4m1/compact/9;t64r4m1/compact/10,phase-2-m4,2,4,,t32r4m1/compact/9;t32r4m1/compact/9;t64r4m4/compact/10,55.730545044,58.076412201,1.0420930237654755,,,0.0,0.0,0.0,1
local,0,6,interleaved,rx,forward,28,heterogeneous-1,t32r4m1/compact/9;t32r4m1/compact/9;t64r4m2/compact/10,t32r4m1/compact/9;t32r4m1/compact/9;t64r4m1/compact/10,phase-2-m8,2,8,,t32r4m1/compact/9;t32r4m1/compact/9;t64r4m8/compact/10,56.035686493,58.697154999,1.0474959561052664,,,0.0,0.0,0.0,1
local,1,30,interleaved,rx,backward,24,heterogeneous-2,t64r4m2/compact/10;t64r4m2/fixed/5;t64r4m2/fixed/5;t64r4m2/pairs/4,t64r4m1/compact/10;t64r4m1/fixed/5;t64r4m1/fixed/5;t64r4m1/pairs/4,phase-0-m4,0,4,,t64r4m4/compact/10;t64r4m1/fixed/5;t64r4m1/fixed/5;t64r4m1/pairs/4,7.847755909,7.752711296,0.9878889437818777,,,0.0,0.0,0.0,1
local,1,30,interleaved,rx,backward,24,heterogeneous-2,t64r4m2/compact/10;t64r4m2/fixed/5;t64r4m2/fixed/5;t64r4m2/pairs/4,t64r4m1/compact/10;t64r4m1/fixed/5;t64r4m1/fixed/5;t64r4m1/pairs/4,phase-2-m16,2,16,,t64r4m1/compact/10;t64r4m1/fixed/5;t64r4m16/fixed/5;t64r4m1/pairs/4,7.790863514,7.842826843,1.0066697778630858,,,0.0,0.0,0.0,1
local,1,30,interleaved,rx,backward,24,heterogeneous-2,t64r4m2/compact/10;t64r4m2/fixed/5;t64r4m2/fixed/5;t64r4m2/pairs/4,t64r4m1/compact/10;t64r4m1/fixed/5;t64r4m1/fixed/5;t64r4m1/pairs/4,phase-1-m2,1,2,,t64r4m1/compact/10;t64r4m2/fixed/5;t64r4m1/fixed/5;t64r4m1/pairs/4,7.965155602,7.69036293,0.9655006523750771,,,0.0,0.0,0.0,1
local,1,30,interleaved,rx,backward,24,heterogeneous-2,t64r4m2/compact/10;t64r4m2/fixed/5;t64r4m2/fixed/5;t64r4m2/pairs/4,t64r4m1/compact/10;t64r4m1/fixed/5;t64r4m1/fixed/5;t64r4m1/pairs/4,phase-1-m8,1,8,,t64r4m1/compact/10;t64r4m8/fixed/5;t64r4m1/fixed/5;t64r4m1/pairs/4,7.826555252,7.873475075,1.0059949519921947,,,0.0,0.0,0.0,1
local,1,30,interleaved,rx,backward,24,heterogeneous-2,t64r4m2/compact/10;t64r4m2/fixed/5;t64r4m2/fixed/5;t64r4m2/pairs/4,t64r4m1/compact/10;t64r4m1/fixed/5;t64r4m1/fixed/5;t64r4m1/pairs/4,phase-3-m8,3,8,,t64r4m1/compact/10;t64r4m1/fixed/5;t64r4m1/fixed/5;t64r4m8/pairs/4,7.751825333,7.918638706,1.0215192378354896,,,0.0,0.0,0.0,1
local,1,30,interleaved,rx,backward,24,heterogeneous-2,t64r4m2/compact/10;t64r4m2/fixed/5;t64r4m2/fixed/5;t64r4m2/pairs/4,t64r4m1/compact/10;t64r4m1/fixed/5;t64r4m1/fixed/5;t64r4m1/pairs/4,phase-2-m2,2,2,,t64r4m1/compact/10;t64r4m1/fixed/5;t64r4m2/fixed/5;t64r4m1/pairs/4,7.953296185,7.912381172,0.9948555904309,,,0.0,0.0,0.0,1
local,1,30,interleaved,rx,backward,24,heterogeneous-2,t64r4m2/compact/10;t64r4m2/fixed/5;t64r4m2/fixed/5;t64r4m2/pairs/4,t64r4m1/compact/10;t64r4m1/fixed/5;t64r4m1/fixed/5;t64r4m1/pairs/4,phase-0-m8,0,8,,t64r4m8/compact/10;t64r4m1/fixed/5;t64r4m1/fixed/5;t64r4m1/pairs/4,7.799632549,7.933490276,1.0171620555403167,,,0.0,0.0,0.0,1
local,1,30,interleaved,rx,backward,24,heterogeneous-2,t64r4m2/compact/10;t64r4m2/fixed/5;t64r4m2/fixed/5;t64r4m2/pairs/4,t64r4m1/compact/10;t64r4m1/fixed/5;t64r4m1/fixed/5;t64r4m1/pairs/4,phase-0-m2,0,2,,t64r4m2/compact/10;t64r4m1/fixed/5;t64r4m1/fixed/5;t64r4m1/pairs/4,7.782254219,7.849870682,1.0086885446166636,,,0.0,0.0,0.0,1
local,1,30,interleaved,rx,backward,24,heterogeneous-2,t64r4m2/compact/10;t64r4m2/fixed/5;t64r4m2/fixed/5;t64r4m2/pairs/4,t64r4m1/compact/10;t64r4m1/fixed/5;t64r4m1/fixed/5;t64r4m1/pairs/4,phase-0-m16,0,16,,t64r4m16/compact/10;t64r4m1/fixed/5;t64r4m1/fixed/5;t64r4m1/pairs/4,7.993880272,7.82376194,0.9787189292043977,,,0.0,0.0,0.0,1
local,1,30,interleaved,rx,backward,24,heterogeneous-2,t64r4m2/compact/10;t64r4m2/fixed/5;t64r4m2/fixed/5;t64r4m2/pairs/4,t64r4m1/compact/10;t64r4m1/fixed/5;t64r4m1/fixed/5;t64r4m1/pairs/4,phase-2-m4,2,4,,t64r4m1/compact/10;t64r4m1/fixed/5;t64r4m4/fixed/5;t64r4m1/pairs/4,7.874442101,7.792298794,0.9895683648509438,,,0.0,0.0,0.0,1
local,1,30,interleaved,rx,backward,24,heterogeneous-2,t64r4m2/compact/10;t64r4m2/fixed/5;t64r4m2/fixed/5;t64r4m2/pairs/4,t64r4m1/compact/10;t64r4m1/fixed/5;t64r4m1/fixed/5;t64r4m1/pairs/4,phase-3-m4,3,4,,t64r4m1/compact/10;t64r4m1/fixed/5;t64r4m1/fixed/5;t64r4m4/pairs/4,7.835729122,7.821238518,0.9981507012590168,,,0.0,0.0,0.0,1
local,1,30,interleaved,rx,backward,24,heterogeneous-2,t64r4m2/compact/10;t64r4m2/fixed/5;t64r4m2/fixed/5;t64r4m2/pairs/4,t64r4m1/compact/10;t64r4m1/fixed/5;t64r4m1/fixed/5;t64r4m1/pairs/4,phase-1-m16,1,16,,t64r4m1/compact/10;t64r4m16/fixed/5;t64r4m1/fixed/5;t64r4m1/pairs/4,7.932263851,7.942383289,1.001275731391452,,,0.0,0.0,0.0,1
local,1,30,interleaved,rx,backward,24,heterogeneous-2,t64r4m2/compact/10;t64r4m2/fixed/5;t64r4m2/fixed/5;t64r4m2/pairs/4,t64r4m1/compact/10;t64r4m1/fixed/5;t64r4m1/fixed/5;t64r4m1/pairs/4,phase-2-m8,2,8,,t64r4m1/compact/10;t64r4m1/fixed/5;t64r4m8/fixed/5;t64r4m1/pairs/4,7.774481297,7.866482735,1.0118337718601884,,,0.0,0.0,0.0,1
local,1,30,interleaved,rx,backward,24,heterogeneous-2,t64r4m2/compact/10;t64r4m2/fixed/5;t64r4m2/fixed/5;t64r4m2/pairs/4,t64r4m1/compact/10;t64r4m1/fixed/5;t64r4m1/fixed/5;t64r4m1/pairs/4,phase-3-m2,3,2,,t64r4m1/compact/10;t64r4m1/fixed/5;t64r4m1/fixed/5;t64r4m2/pairs/4,7.883817196,7.863930225,0.9974774946570184,,,0.0,0.0,0.0,1
local,1,30,interleaved,rx,backward,24,heterogeneous-2,t64r4m2/compact/10;t64r4m2/fixed/5;t64r4m2/fixed/5;t64r4m2/pairs/4,t64r4m1/compact/10;t64r4m1/fixed/5;t64r4m1/fixed/5;t64r4m1/pairs/4,phase-3-m16,3,16,,t64r4m1/compact/10;t64r4m1/fixed/5;t64r4m1/fixed/5;t64r4m16/pairs/4,7.994650841,7.934704304,0.9925016691545091,,,0.0,0.0,0.0,1
local,1,30,interleaved,rx,backward,24,heterogeneous-2,t64r4m2/compact/10;t64r4m2/fixed/5;t64r4m2/fixed/5;t64r4m2/pairs/4,t64r4m1/compact/10;t64r4m1/fixed/5;t64r4m1/fixed/5;t64r4m1/pairs/4,phase-1-m4,1,4,,t64r4m1/compact/10;t64r4m4/fixed/5;t64r4m1/fixed/5;t64r4m1/pairs/4,7.799703598,7.808032513,1.0010678501939658,,,0.0,0.0,0.0,1
local,1,30,interleaved,rx,forward,24,heterogeneous-3,t64r4m2/compact/10;t64r4m2/fixed/5;t32r4m1/compact/9,t64r4m1/compact/10;t64r4m1/fixed/5;t32r4m1/compact/9,phase-1-m2,1,2,,t64r4m1/compact/10;t64r4m2/fixed/5;t32r4m1/compact/9,2.861366272,3.005541563,1.0503868702202972,,,0.0,0.0,0.0,1
local,1,30,interleaved,rx,forward,24,heterogeneous-3,t64r4m2/compact/10;t64r4m2/fixed/5;t32r4m1/compact/9,t64r4m1/compact/10;t64r4m1/fixed/5;t32r4m1/compact/9,phase-1-m16,1,16,,t64r4m1/compact/10;t64r4m16/fixed/5;t32r4m1/compact/9,3.021711826,2.965910673,0.9815332645158731,,,0.0,0.0,0.0,1
local,1,30,interleaved,rx,forward,24,heterogeneous-3,t64r4m2/compact/10;t64r4m2/fixed/5;t32r4m1/compact/9,t64r4m1/compact/10;t64r4m1/fixed/5;t32r4m1/compact/9,phase-1-m8,1,8,,t64r4m1/compact/10;t64r4m8/fixed/5;t32r4m1/compact/9,3.031806946,2.890848398,0.953506753394713,,,0.0,0.0,0.0,1
local,1,30,interleaved,rx,forward,24,heterogeneous-3,t64r4m2/compact/10;t64r4m2/fixed/5;t32r4m1/compact/9,t64r4m1/compact/10;t64r4m1/fixed/5;t32r4m1/compact/9,phase-1-m4,1,4,,t64r4m1/compact/10;t64r4m4/fixed/5;t32r4m1/compact/9,3.019129753,3.03126955,1.0040209590157354,,,0.0,0.0,0.0,1
local,1,30,interleaved,rx,forward,24,heterogeneous-3,t64r4m2/compact/10;t64r4m2/fixed/5;t32r4m1/compact/9,t64r4m1/compact/10;t64r4m1/fixed/5;t32r4m1/compact/9,phase-0-m8,0,8,,t64r4m8/compact/10;t64r4m1/fixed/5;t32r4m1/compact/9,2.999540806,2.902215481,0.9675532585503355,,,0.0,0.0,0.0,1
local,1,30,interleaved,rx,forward,24,heterogeneous-3,t64r4m2/compact/10;t64r4m2/fixed/5;t32r4m1/compact/9,t64r4m1/compact/10;t64r4m1/fixed/5;t32r4m1/compact/9,phase-0-m2,0,2,,t64r4m2/compact/10;t64r4m1/fixed/5;t32r4m1/compact/9,2.878284693,3.043120861,1.0572688894885494,,,0.0,0.0,0.0,1
local,1,30,interleaved,rx,forward,24,heterogeneous-3,t64r4m2/compact/10;t64r4m2/fixed/5;t32r4m1/compact/9,t64r4m1/compact/10;t64r4m1/fixed/5;t32r4m1/compact/9,phase-0-m4,0,4,,t64r4m4/compact/10;t64r4m1/fixed/5;t32r4m1/compact/9,2.909217834,2.940947294,1.0109065260184982,,,0.0,0.0,0.0,1
local,1,30,interleaved,rx,forward,24,heterogeneous-3,t64r4m2/compact/10;t64r4m2/fixed/5;t32r4m1/compact/9,t64r4m1/compact/10;t64r4m1/fixed/5;t32r4m1/compact/9,phase-0-m16,0,16,,t64r4m16/compact/10;t64r4m1/fixed/5;t32r4m1/compact/9,2.863006115,3.029483795,1.0581478604351495,,,0.0,0.0,0.0,1
local,1,30,interleaved,ry,backward,24,heterogeneous-2,t64r4m1/compact/10;t64r4m1/fixed/5;t64r4m2/fixed/5;t64r4m1/pairs/4,t64r4m1/compact/10;t64r4m1/fixed/5;t64r4m1/fixed/5;t64r4m1/pairs/4,phase-2-m2,2,2,,t64r4m1/compact/10;t64r4m1/fixed/5;t64r4m2/fixed/5;t64r4m1/pairs/4,8.25947094,8.166053772,0.9886896910614955,,,0.0,0.0,0.0,1
local,1,30,interleaved,ry,backward,24,heterogeneous-2,t64r4m1/compact/10;t64r4m1/fixed/5;t64r4m2/fixed/5;t64r4m1/pairs/4,t64r4m1/compact/10;t64r4m1/fixed/5;t64r4m1/fixed/5;t64r4m1/pairs/4,phase-0-m16,0,16,,t64r4m16/compact/10;t64r4m1/fixed/5;t64r4m1/fixed/5;t64r4m1/pairs/4,8.021725655,8.177266121,1.0193899009626504,,,0.0,0.0,0.0,1
local,1,30,interleaved,ry,backward,24,heterogeneous-2,t64r4m1/compact/10;t64r4m1/fixed/5;t64r4m2/fixed/5;t64r4m1/pairs/4,t64r4m1/compact/10;t64r4m1/fixed/5;t64r4m1/fixed/5;t64r4m1/pairs/4,phase-0-m2,0,2,,t64r4m2/compact/10;t64r4m1/fixed/5;t64r4m1/fixed/5;t64r4m1/pairs/4,8.233354568,8.013854027,0.9733400840219956,,,0.0,0.0,0.0,1
local,1,30,interleaved,ry,backward,24,heterogeneous-2,t64r4m1/compact/10;t64r4m1/fixed/5;t64r4m2/fixed/5;t64r4m1/pairs/4,t64r4m1/compact/10;t64r4m1/fixed/5;t64r4m1/fixed/5;t64r4m1/pairs/4,phase-3-m16,3,16,,t64r4m1/compact/10;t64r4m1/fixed/5;t64r4m1/fixed/5;t64r4m16/pairs/4,8.182941437,8.06991291,0.9861872985563687,,,0.0,0.0,0.0,1
local,1,30,interleaved,ry,backward,24,heterogeneous-2,t64r4m1/compact/10;t64r4m1/fixed/5;t64r4m2/fixed/5;t64r4m1/pairs/4,t64r4m1/compact/10;t64r4m1/fixed/5;t64r4m1/fixed/5;t64r4m1/pairs/4,phase-2-m4,2,4,,t64r4m1/compact/10;t64r4m1/fixed/5;t64r4m4/fixed/5;t64r4m1/pairs/4,8.208189011,8.147380829,0.9925917663544894,,,0.0,0.0,0.0,1
local,1,30,interleaved,ry,backward,24,heterogeneous-2,t64r4m1/compact/10;t64r4m1/fixed/5;t64r4m2/fixed/5;t64r4m1/pairs/4,t64r4m1/compact/10;t64r4m1/fixed/5;t64r4m1/fixed/5;t64r4m1/pairs/4,phase-3-m4,3,4,,t64r4m1/compact/10;t64r4m1/fixed/5;t64r4m1/fixed/5;t64r4m4/pairs/4,8.041996002,8.262331009,1.0273980498056956,,,0.0,0.0,0.0,1
local,1,30,interleaved,ry,backward,24,heterogeneous-2,t64r4m1/compact/10;t64r4m1/fixed/5;t64r4m2/fixed/5;t64r4m1/pairs/4,t64r4m1/compact/10;t64r4m1/fixed/5;t64r4m1/fixed/5;t64r4m1/pairs/4,phase-3-m2,3,2,,t64r4m1/compact/10;t64r4m1/fixed/5;t64r4m1/fixed/5;t64r4m2/pairs/4,8.245904922,8.296217918,1.0061015736266574,,,0.0,0.0,0.0,1
local,1,30,interleaved,ry,backward,24,heterogeneous-2,t64r4m1/compact/10;t64r4m1/fixed/5;t64r4m2/fixed/5;t64r4m1/pairs/4,t64r4m1/compact/10;t64r4m1/fixed/5;t64r4m1/fixed/5;t64r4m1/pairs/4,phase-1-m4,1,4,,t64r4m1/compact/10;t64r4m4/fixed/5;t64r4m1/fixed/5;t64r4m1/pairs/4,8.201013565,8.069913864,0.9840142075170436,,,0.0,0.0,0.0,1
local,1,30,interleaved,ry,backward,24,heterogeneous-2,t64r4m1/compact/10;t64r4m1/fixed/5;t64r4m2/fixed/5;t64r4m1/pairs/4,t64r4m1/compact/10;t64r4m1/fixed/5;t64r4m1/fixed/5;t64r4m1/pairs/4,phase-2-m8,2,8,,t64r4m1/compact/10;t64r4m1/fixed/5;t64r4m8/fixed/5;t64r4m1/pairs/4,8.283777237,8.091266632,0.9767605285014015,,,0.0,0.0,0.0,1
local,1,30,interleaved,ry,backward,24,heterogeneous-2,t64r4m1/compact/10;t64r4m1/fixed/5;t64r4m2/fixed/5;t64r4m1/pairs/4,t64r4m1/compact/10;t64r4m1/fixed/5;t64r4m1/fixed/5;t64r4m1/pairs/4,phase-1-m8,1,8,,t64r4m1/compact/10;t64r4m8/fixed/5;t64r4m1/fixed/5;t64r4m1/pairs/4,8.161211014,8.210552216,1.006045818680017,,,0.0,0.0,0.0,1
local,1,30,interleaved,ry,backward,24,heterogeneous-2,t64r4m1/compact/10;t64r4m1/fixed/5;t64r4m2/fixed/5;t64r4m1/pairs/4,t64r4m1/compact/10;t64r4m1/fixed/5;t64r4m1/fixed/5;t64r4m1/pairs/4,phase-0-m4,0,4,,t64r4m4/compact/10;t64r4m1/fixed/5;t64r4m1/fixed/5;t64r4m1/pairs/4,8.042492867,8.240856171,1.0246644053380423,,,0.0,0.0,0.0,1
local,1,30,interleaved,ry,backward,24,heterogeneous-2,t64r4m1/compact/10;t64r4m1/fixed/5;t64r4m2/fixed/5;t64r4m1/pairs/4,t64r4m1/compact/10;t64r4m1/fixed/5;t64r4m1/fixed/5;t64r4m1/pairs/4,phase-2-m16,2,16,,t64r4m1/compact/10;t64r4m1/fixed/5;t64r4m16/fixed/5;t64r4m1/pairs/4,8.177588463,8.105901718,0.9912337548747592,,,0.0,0.0,0.0,1
local,1,30,interleaved,ry,backward,24,heterogeneous-2,t64r4m1/compact/10;t64r4m1/fixed/5;t64r4m2/fixed/5;t64r4m1/pairs/4,t64r4m1/compact/10;t64r4m1/fixed/5;t64r4m1/fixed/5;t64r4m1/pairs/4,phase-0-m8,0,8,,t64r4m8/compact/10;t64r4m1/fixed/5;t64r4m1/fixed/5;t64r4m1/pairs/4,7.974812984,8.253129959,1.0348994986538735,,,0.0,0.0,0.0,1
local,1,30,interleaved,ry,backward,24,heterogeneous-2,t64r4m1/compact/10;t64r4m1/fixed/5;t64r4m2/fixed/5;t64r4m1/pairs/4,t64r4m1/compact/10;t64r4m1/fixed/5;t64r4m1/fixed/5;t64r4m1/pairs/4,phase-1-m16,1,16,,t64r4m1/compact/10;t64r4m16/fixed/5;t64r4m1/fixed/5;t64r4m1/pairs/4,8.16069603,8.111927032,0.9940239168545529,,,0.0,0.0,0.0,1
local,1,30,interleaved,ry,backward,24,heterogeneous-2,t64r4m1/compact/10;t64r4m1/fixed/5;t64r4m2/fixed/5;t64r4m1/pairs/4,t64r4m1/compact/10;t64r4m1/fixed/5;t64r4m1/fixed/5;t64r4m1/pairs/4,phase-1-m2,1,2,,t64r4m1/compact/10;t64r4m2/fixed/5;t64r4m1/fixed/5;t64r4m1/pairs/4,8.219090462,8.150156975,0.9916130030057819,,,0.0,0.0,0.0,1
local,1,30,interleaved,ry,backward,24,heterogeneous-2,t64r4m1/compact/10;t64r4m1/fixed/5;t64r4m2/fixed/5;t64r4m1/pairs/4,t64r4m1/compact/10;t64r4m1/fixed/5;t64r4m1/fixed/5;t64r4m1/pairs/4,phase-3-m8,3,8,,t64r4m1/compact/10;t64r4m1/fixed/5;t64r4m1/fixed/5;t64r4m8/pairs/4,8.309368134,8.029763222,0.9663506409282889,,,0.0,0.0,0.0,1
local,1,6,interleaved,rx,backward,28,uniform,t64r4m2/compact/10;t64r4m2/compact/10;t64r4m2/compact/8,t64r4m1/compact/10;t64r4m1/compact/10;t64r4m1/compact/8,phase-2-m4,2,4,,t64r4m1/compact/10;t64r4m1/compact/10;t64r4m4/compact/8,152.680099487,160.737609863,1.0527738087876084,,,0.0,0.0,0.0,1
local,1,6,interleaved,rx,backward,28,uniform,t64r4m2/compact/10;t64r4m2/compact/10;t64r4m2/compact/8,t64r4m1/compact/10;t64r4m1/compact/10;t64r4m1/compact/8,phase-1-m4,1,4,,t64r4m1/compact/10;t64r4m4/compact/10;t64r4m1/compact/8,154.492355347,159.41394043,1.0318564958890413,,,0.0,0.0,0.0,1
local,1,6,interleaved,rx,backward,28,uniform,t64r4m2/compact/10;t64r4m2/compact/10;t64r4m2/compact/8,t64r4m1/compact/10;t64r4m1/compact/10;t64r4m1/compact/8,phase-2-m16,2,16,,t64r4m1/compact/10;t64r4m1/compact/10;t64r4m16/compact/8,152.377914429,160.41456604,1.052741577682799,,,0.0,0.0,0.0,1
local,1,6,interleaved,rx,backward,28,uniform,t64r4m2/compact/10;t64r4m2/compact/10;t64r4m2/compact/8,t64r4m1/compact/10;t64r4m1/compact/10;t64r4m1/compact/8,phase-0-m8,0,8,,t64r4m8/compact/10;t64r4m1/compact/10;t64r4m1/compact/8,159.660903931,160.314529419,1.0040938355721853,,,0.0,0.0,0.0,1
local,1,6,interleaved,rx,backward,28,uniform,t64r4m2/compact/10;t64r4m2/compact/10;t64r4m2/compact/8,t64r4m1/compact/10;t64r4m1/compact/10;t64r4m1/compact/8,phase-1-m16,1,16,,t64r4m1/compact/10;t64r4m16/compact/10;t64r4m1/compact/8,156.045669556,159.992492676,1.0252927436642745,,,0.0,0.0,0.0,1
local,1,6,interleaved,rx,backward,28,uniform,t64r4m2/compact/10;t64r4m2/compact/10;t64r4m2/compact/8,t64r4m1/compact/10;t64r4m1/compact/10;t64r4m1/compact/8,phase-2-m2,2,2,,t64r4m1/compact/10;t64r4m1/compact/10;t64r4m2/compact/8,152.456161499,159.514953613,1.0463004711951003,,,0.0,0.0,0.0,1
local,1,6,interleaved,rx,backward,28,uniform,t64r4m2/compact/10;t64r4m2/compact/10;t64r4m2/compact/8,t64r4m1/compact/10;t64r4m1/compact/10;t64r4m1/compact/8,phase-1-m8,1,8,,t64r4m1/compact/10;t64r4m8/compact/10;t64r4m1/compact/8,155.135345459,159.857345581,1.0304379386143692,,,0.0,0.0,0.0,1
local,1,6,interleaved,rx,backward,28,uniform,t64r4m2/compact/10;t64r4m2/compact/10;t64r4m2/compact/8,t64r4m1/compact/10;t64r4m1/compact/10;t64r4m1/compact/8,phase-0-m4,0,4,,t64r4m4/compact/10;t64r4m1/compact/10;t64r4m1/compact/8,158.825561523,159.740264893,1.0057591697534627,,,0.0,0.0,0.0,1
local,1,6,interleaved,rx,backward,28,uniform,t64r4m2/compact/10;t64r4m2/compact/10;t64r4m2/compact/8,t64r4m1/compact/10;t64r4m1/compact/10;t64r4m1/compact/8,phase-2-m8,2,8,,t64r4m1/compact/10;t64r4m1/compact/10;t64r4m8/compact/8,153.162399292,159.516311646,1.0414848055617516,,,0.0,0.0,0.0,1
local,1,6,interleaved,rx,backward,28,uniform,t64r4m2/compact/10;t64r4m2/compact/10;t64r4m2/compact/8,t64r4m1/compact/10;t64r4m1/compact/10;t64r4m1/compact/8,phase-0-m2,0,2,,t64r4m2/compact/10;t64r4m1/compact/10;t64r4m1/compact/8,159.070236206,159.738006592,1.0041979593538493,,,0.0,0.0,0.0,1
local,1,6,interleaved,rx,backward,28,uniform,t64r4m2/compact/10;t64r4m2/compact/10;t64r4m2/compact/8,t64r4m1/compact/10;t64r4m1/compact/10;t64r4m1/compact/8,phase-0-m16,0,16,,t64r4m16/compact/10;t64r4m1/compact/10;t64r4m1/compact/8,159.864334106,160.828445435,1.0060308094009307,,,0.0,0.0,0.0,1
local,1,6,interleaved,rx,backward,28,uniform,t64r4m2/compact/10;t64r4m2/compact/10;t64r4m2/compact/8,t64r4m1/compact/10;t64r4m1/compact/10;t64r4m1/compact/8,phase-1-m2,1,2,,t64r4m1/compact/10;t64r4m2/compact/10;t64r4m1/compact/8,156.629928589,161.104553223,1.0285681330146137,,,0.0,0.0,0.0,1
local,1,6,interleaved,ry,backward,28,uniform,t64r4m2/compact/10;t64r4m2/fixed/5;t64r4m2/fixed/5;t64r4m2/fixed/5;t64r4m2/fixed/3,t64r4m1/compact/10;t64r4m1/fixed/5;t64r4m1/fixed/5;t64r4m1/fixed/5;t64r4m1/fixed/3,phase-4-m2,4,2,,t64r4m1/compact/10;t64r4m1/fixed/5;t64r4m1/fixed/5;t64r4m1/fixed/5;t64r4m2/fixed/3,156.650695801,156.096603394,0.9964628793752445,,,0.0,0.0,0.0,1
local,1,6,interleaved,ry,backward,28,uniform,t64r4m2/compact/10;t64r4m2/fixed/5;t64r4m2/fixed/5;t64r4m2/fixed/5;t64r4m2/fixed/3,t64r4m1/compact/10;t64r4m1/fixed/5;t64r4m1/fixed/5;t64r4m1/fixed/5;t64r4m1/fixed/3,phase-4-m8,4,8,,t64r4m1/compact/10;t64r4m1/fixed/5;t64r4m1/fixed/5;t64r4m1/fixed/5;t64r4m8/fixed/3,157.257873535,157.122207642,0.9991373030173285,,,0.0,0.0,0.0,1
local,1,6,interleaved,ry,backward,28,uniform,t64r4m2/compact/10;t64r4m2/fixed/5;t64r4m2/fixed/5;t64r4m2/fixed/5;t64r4m2/fixed/3,t64r4m1/compact/10;t64r4m1/fixed/5;t64r4m1/fixed/5;t64r4m1/fixed/5;t64r4m1/fixed/3,phase-3-m8,3,8,,t64r4m1/compact/10;t64r4m1/fixed/5;t64r4m1/fixed/5;t64r4m8/fixed/5;t64r4m1/fixed/3,155.8490448,156.728652954,1.0056439752654809,,,0.0,0.0,0.0,1
local,1,6,interleaved,ry,backward,28,uniform,t64r4m2/compact/10;t64r4m2/fixed/5;t64r4m2/fixed/5;t64r4m2/fixed/5;t64r4m2/fixed/3,t64r4m1/compact/10;t64r4m1/fixed/5;t64r4m1/fixed/5;t64r4m1/fixed/5;t64r4m1/fixed/3,phase-3-m4,3,4,,t64r4m1/compact/10;t64r4m1/fixed/5;t64r4m1/fixed/5;t64r4m4/fixed/5;t64r4m1/fixed/3,157.269165039,156.767181396,0.9968081241934774,,,0.0,0.0,0.0,1
local,1,6,interleaved,ry,backward,28,uniform,t64r4m2/compact/10;t64r4m2/fixed/5;t64r4m2/fixed/5;t64r4m2/fixed/5;t64r4m2/fixed/3,t64r4m1/compact/10;t64r4m1/fixed/5;t64r4m1/fixed/5;t64r4m1/fixed/5;t64r4m1/fixed/3,phase-0-m4,0,4,,t64r4m4/compact/10;t64r4m1/fixed/5;t64r4m1/fixed/5;t64r4m1/fixed/5;t64r4m1/fixed/3,156.518554688,157.042907715,1.0033501013860322,,,0.0,0.0,0.0,1
local,1,6,interleaved,ry,backward,28,uniform,t64r4m2/compact/10;t64r4m2/fixed/5;t64r4m2/fixed/5;t64r4m2/fixed/5;t64r4m2/fixed/3,t64r4m1/compact/10;t64r4m1/fixed/5;t64r4m1/fixed/5;t64r4m1/fixed/5;t64r4m1/fixed/3,phase-2-m8,2,8,,t64r4m1/compact/10;t64r4m1/fixed/5;t64r4m8/fixed/5;t64r4m1/fixed/5;t64r4m1/fixed/3,155.695602417,156.677688599,1.0063077323107024,,,0.0,0.0,0.0,1
local,1,6,interleaved,ry,backward,28,uniform,t64r4m2/compact/10;t64r4m2/fixed/5;t64r4m2/fixed/5;t64r4m2/fixed/5;t64r4m2/fixed/3,t64r4m1/compact/10;t64r4m1/fixed/5;t64r4m1/fixed/5;t64r4m1/fixed/5;t64r4m1/fixed/3,phase-1-m16,1,16,,t64r4m1/compact/10;t64r4m16/fixed/5;t64r4m1/fixed/5;t64r4m1/fixed/5;t64r4m1/fixed/3,156.598449707,157.591033936,1.0063384039296503,,,0.0,0.0,0.0,1
local,1,6,interleaved,ry,backward,28,uniform,t64r4m2/compact/10;t64r4m2/fixed/5;t64r4m2/fixed/5;t64r4m2/fixed/5;t64r4m2/fixed/3,t64r4m1/compact/10;t64r4m1/fixed/5;t64r4m1/fixed/5;t64r4m1/fixed/5;t64r4m1/fixed/3,phase-3-m16,3,16,,t64r4m1/compact/10;t64r4m1/fixed/5;t64r4m1/fixed/5;t64r4m16/fixed/5;t64r4m1/fixed/3,156.260147095,156.875961304,1.0039409550064329,,,0.0,0.0,0.0,1
local,1,6,interleaved,ry,backward,28,uniform,t64r4m2/compact/10;t64r4m2/fixed/5;t64r4m2/fixed/5;t64r4m2/fixed/5;t64r4m2/fixed/3,t64r4m1/compact/10;t64r4m1/fixed/5;t64r4m1/fixed/5;t64r4m1/fixed/5;t64r4m1/fixed/3,phase-2-m2,2,2,,t64r4m1/compact/10;t64r4m1/fixed/5;t64r4m2/fixed/5;t64r4m1/fixed/5;t64r4m1/fixed/3,155.910934448,157.892959595,1.0127125474170067,,,0.0,0.0,0.0,1
local,1,6,interleaved,ry,backward,28,uniform,t64r4m2/compact/10;t64r4m2/fixed/5;t64r4m2/fixed/5;t64r4m2/fixed/5;t64r4m2/fixed/3,t64r4m1/compact/10;t64r4m1/fixed/5;t64r4m1/fixed/5;t64r4m1/fixed/5;t64r4m1/fixed/3,phase-0-m8,0,8,,t64r4m8/compact/10;t64r4m1/fixed/5;t64r4m1/fixed/5;t64r4m1/fixed/5;t64r4m1/fixed/3,155.774795532,156.866897583,1.0070107750568393,,,0.0,0.0,0.0,1
local,1,6,interleaved,ry,backward,28,uniform,t64r4m2/compact/10;t64r4m2/fixed/5;t64r4m2/fixed/5;t64r4m2/fixed/5;t64r4m2/fixed/3,t64r4m1/compact/10;t64r4m1/fixed/5;t64r4m1/fixed/5;t64r4m1/fixed/5;t64r4m1/fixed/3,phase-2-m16,2,16,,t64r4m1/compact/10;t64r4m1/fixed/5;t64r4m16/fixed/5;t64r4m1/fixed/5;t64r4m1/fixed/3,155.972091675,156.397781372,1.0027292683737743,,,0.0,0.0,0.0,1
local,1,6,interleaved,ry,backward,28,uniform,t64r4m2/compact/10;t64r4m2/fixed/5;t64r4m2/fixed/5;t64r4m2/fixed/5;t64r4m2/fixed/3,t64r4m1/compact/10;t64r4m1/fixed/5;t64r4m1/fixed/5;t64r4m1/fixed/5;t64r4m1/fixed/3,phase-1-m2,1,2,,t64r4m1/compact/10;t64r4m2/fixed/5;t64r4m1/fixed/5;t64r4m1/fixed/5;t64r4m1/fixed/3,156.00163269,157.273925781,1.0081556395856974,,,0.0,0.0,0.0,1
local,1,6,interleaved,ry,backward,28,uniform,t64r4m2/compact/10;t64r4m2/fixed/5;t64r4m2/fixed/5;t64r4m2/fixed/5;t64r4m2/fixed/3,t64r4m1/compact/10;t64r4m1/fixed/5;t64r4m1/fixed/5;t64r4m1/fixed/5;t64r4m1/fixed/3,phase-1-m4,1,4,,t64r4m1/compact/10;t64r4m4/fixed/5;t64r4m1/fixed/5;t64r4m1/fixed/5;t64r4m1/fixed/3,156.404541016,157.172546387,1.0049103777039405,,,0.0,0.0,0.0,1
local,1,6,interleaved,ry,backward,28,uniform,t64r4m2/compact/10;t64r4m2/fixed/5;t64r4m2/fixed/5;t64r4m2/fixed/5;t64r4m2/fixed/3,t64r4m1/compact/10;t64r4m1/fixed/5;t64r4m1/fixed/5;t64r4m1/fixed/5;t64r4m1/fixed/3,phase-1-m8,1,8,,t64r4m1/compact/10;t64r4m8/fixed/5;t64r4m1/fixed/5;t64r4m1/fixed/5;t64r4m1/fixed/3,155.933517456,156.892959595,1.0061528923008534,,,0.0,0.0,0.0,1
local,1,6,interleaved,ry,backward,28,uniform,t64r4m2/compact/10;t64r4m2/fixed/5;t64r4m2/fixed/5;t64r4m2/fixed/5;t64r4m2/fixed/3,t64r4m1/compact/10;t64r4m1/fixed/5;t64r4m1/fixed/5;t64r4m1/fixed/5;t64r4m1/fixed/3,phase-2-m4,2,4,,t64r4m1/compact/10;t64r4m1/fixed/5;t64r4m4/fixed/5;t64r4m1/fixed/5;t64r4m1/fixed/3,157.193069458,156.740249634,0.9971193397675782,,,0.0,0.0,0.0,1
local,1,6,interleaved,ry,backward,28,uniform,t64r4m2/compact/10;t64r4m2/fixed/5;t64r4m2/fixed/5;t64r4m2/fixed/5;t64r4m2/fixed/3,t64r4m1/compact/10;t64r4m1/fixed/5;t64r4m1/fixed/5;t64r4m1/fixed/5;t64r4m1/fixed/3,phase-4-m16,4,16,,t64r4m1/compact/10;t64r4m1/fixed/5;t64r4m1/fixed/5;t64r4m1/fixed/5;t64r4m16/fixed/3,156.946792603,156.647384644,0.9980922964143819,,,0.0,0.0,0.0,1
local,1,6,interleaved,ry,backward,28,uniform,t64r4m2/compact/10;t64r4m2/fixed/5;t64r4m2/fixed/5;t64r4m2/fixed/5;t64r4m2/fixed/3,t64r4m1/compact/10;t64r4m1/fixed/5;t64r4m1/fixed/5;t64r4m1/fixed/5;t64r4m1/fixed/3,phase-0-m16,0,16,,t64r4m16/compact/10;t64r4m1/fixed/5;t64r4m1/fixed/5;t64r4m1/fixed/5;t64r4m1/fixed/3,157.107376099,156.465454102,0.9959141192925564,,,0.0,0.0,0.0,1
local,1,6,interleaved,ry,backward,28,uniform,t64r4m2/compact/10;t64r4m2/fixed/5;t64r4m2/fixed/5;t64r4m2/fixed/5;t64r4m2/fixed/3,t64r4m1/compact/10;t64r4m1/fixed/5;t64r4m1/fixed/5;t64r4m1/fixed/5;t64r4m1/fixed/3,phase-4-m4,4,4,,t64r4m1/compact/10;t64r4m1/fixed/5;t64r4m1/fixed/5;t64r4m1/fixed/5;t64r4m4/fixed/3,157.063171387,157.209396362,1.0009309946673604,,,0.0,0.0,0.0,1
local,1,6,interleaved,ry,backward,28,uniform,t64r4m2/compact/10;t64r4m2/fixed/5;t64r4m2/fixed/5;t64r4m2/fixed/5;t64r4m2/fixed/3,t64r4m1/compact/10;t64r4m1/fixed/5;t64r4m1/fixed/5;t64r4m1/fixed/5;t64r4m1/fixed/3,phase-0-m2,0,2,,t64r4m2/compact/10;t64r4m1/fixed/5;t64r4m1/fixed/5;t64r4m1/fixed/5;t64r4m1/fixed/3,156.694473267,157.001022339,1.001956348973953,,,0.0,0.0,0.0,1
local,1,6,interleaved,ry,backward,28,uniform,t64r4m2/compact/10;t64r4m2/fixed/5;t64r4m2/fixed/5;t64r4m2/fixed/5;t64r4m2/fixed/3,t64r4m1/compact/10;t64r4m1/fixed/5;t64r4m1/fixed/5;t64r4m1/fixed/5;t64r4m1/fixed/3,phase-3-m2,3,2,,t64r4m1/compact/10;t64r4m1/fixed/5;t64r4m1/fixed/5;t64r4m2/fixed/5;t64r4m1/fixed/3,156.073654175,157.147125244,1.0068779774182537,,,0.0,0.0,0.0,1
local,1,6,interleaved,rx,forward,28,heterogeneous-1,t32r4m1/compact/9;t32r4m1/compact/9;t64r4m2/compact/10,t32r4m1/compact/9;t32r4m1/compact/9;t64r4m1/compact/10,phase-2-m4,2,4,,t32r4m1/compact/9;t32r4m1/compact/9;t64r4m4/compact/10,56.386859894,58.458248138,1.0367353005273559,,,0.0,0.0,0.0,1
local,1,6,interleaved,rx,forward,28,heterogeneous-1,t32r4m1/compact/9;t32r4m1/compact/9;t64r4m2/compact/10,t32r4m1/compact/9;t32r4m1/compact/9;t64r4m1/compact/10,phase-2-m16,2,16,,t32r4m1/compact/9;t32r4m1/compact/9;t64r4m16/compact/10,56.02935791,59.208023071,1.0567321361438031,,,0.0,0.0,0.0,1
local,1,6,interleaved,rx,forward,28,heterogeneous-1,t32r4m1/compact/9;t32r4m1/compact/9;t64r4m2/compact/10,t32r4m1/compact/9;t32r4m1/compact/9;t64r4m1/compact/10,phase-2-m2,2,2,,t32r4m1/compact/9;t32r4m1/compact/9;t64r4m2/compact/10,55.956466675,58.719753265,1.0493827926278727,,,0.0,0.0,0.0,1
local,1,6,interleaved,rx,forward,28,heterogeneous-1,t32r4m1/compact/9;t32r4m1/compact/9;t64r4m2/compact/10,t32r4m1/compact/9;t32r4m1/compact/9;t64r4m1/compact/10,phase-2-m8,2,8,,t32r4m1/compact/9;t32r4m1/compact/9;t64r4m8/compact/10,55.946895599,59.740020752,1.0677986707285292,,,0.0,0.0,0.0,1
local,1,6,interleaved,ry,forward,28,uniform,t64r4m2/compact/10;t64r4m2/compact/10;t64r4m2/compact/8,t64r4m1/compact/10;t64r4m1/compact/10;t64r4m1/compact/8,phase-0-m4,0,4,,t64r4m4/compact/10;t64r4m1/compact/10;t64r4m1/compact/8,59.409915924,58.911388397,0.9916086814928716,,,0.0,0.0,0.0,1
local,1,6,interleaved,ry,forward,28,uniform,t64r4m2/compact/10;t64r4m2/compact/10;t64r4m2/compact/8,t64r4m1/compact/10;t64r4m1/compact/10;t64r4m1/compact/8,phase-2-m4,2,4,,t64r4m1/compact/10;t64r4m1/compact/10;t64r4m4/compact/8,55.964336395,59.957050323,1.0713438983680457,,,0.0,0.0,0.0,1
local,1,6,interleaved,ry,forward,28,uniform,t64r4m2/compact/10;t64r4m2/compact/10;t64r4m2/compact/8,t64r4m1/compact/10;t64r4m1/compact/10;t64r4m1/compact/8,phase-0-m8,0,8,,t64r4m8/compact/10;t64r4m1/compact/10;t64r4m1/compact/8,58.880954742,59.309371948,1.0072759894583436,,,0.0,0.0,0.0,1
local,1,6,interleaved,ry,forward,28,uniform,t64r4m2/compact/10;t64r4m2/compact/10;t64r4m2/compact/8,t64r4m1/compact/10;t64r4m1/compact/10;t64r4m1/compact/8,phase-0-m2,0,2,,t64r4m2/compact/10;t64r4m1/compact/10;t64r4m1/compact/8,58.995544434,59.367950439,1.0063124428899308,,,0.0,0.0,0.0,1
local,1,6,interleaved,ry,forward,28,uniform,t64r4m2/compact/10;t64r4m2/compact/10;t64r4m2/compact/8,t64r4m1/compact/10;t64r4m1/compact/10;t64r4m1/compact/8,phase-2-m2,2,2,,t64r4m1/compact/10;t64r4m1/compact/10;t64r4m2/compact/8,55.839752197,59.497730255,1.0655084937536046,,,0.0,0.0,0.0,1
local,1,6,interleaved,ry,forward,28,uniform,t64r4m2/compact/10;t64r4m2/compact/10;t64r4m2/compact/8,t64r4m1/compact/10;t64r4m1/compact/10;t64r4m1/compact/8,phase-1-m8,1,8,,t64r4m1/compact/10;t64r4m8/compact/10;t64r4m1/compact/8,56.152179718,59.326358795,1.0565281542576075,,,0.0,0.0,0.0,1
local,1,6,interleaved,ry,forward,28,uniform,t64r4m2/compact/10;t64r4m2/compact/10;t64r4m2/compact/8,t64r4m1/compact/10;t64r4m1/compact/10;t64r4m1/compact/8,phase-2-m16,2,16,,t64r4m1/compact/10;t64r4m1/compact/10;t64r4m16/compact/8,55.313709259,60.218494415,1.0886721433385333,,,0.0,0.0,0.0,1
local,1,6,interleaved,ry,forward,28,uniform,t64r4m2/compact/10;t64r4m2/compact/10;t64r4m2/compact/8,t64r4m1/compact/10;t64r4m1/compact/10;t64r4m1/compact/8,phase-0-m16,0,16,,t64r4m16/compact/10;t64r4m1/compact/10;t64r4m1/compact/8,58.834472656,58.614238739,0.9962567197927024,,,0.0,0.0,0.0,1
local,1,6,interleaved,ry,forward,28,uniform,t64r4m2/compact/10;t64r4m2/compact/10;t64r4m2/compact/8,t64r4m1/compact/10;t64r4m1/compact/10;t64r4m1/compact/8,phase-2-m8,2,8,,t64r4m1/compact/10;t64r4m1/compact/10;t64r4m8/compact/8,55.374172211,59.301544189,1.0709242562224675,,,0.0,0.0,0.0,1
local,1,6,interleaved,ry,forward,28,uniform,t64r4m2/compact/10;t64r4m2/compact/10;t64r4m2/compact/8,t64r4m1/compact/10;t64r4m1/compact/10;t64r4m1/compact/8,phase-1-m4,1,4,,t64r4m1/compact/10;t64r4m4/compact/10;t64r4m1/compact/8,57.127090454,59.471298218,1.041034958114795,,,0.0,0.0,0.0,1
local,1,6,interleaved,ry,forward,28,uniform,t64r4m2/compact/10;t64r4m2/compact/10;t64r4m2/compact/8,t64r4m1/compact/10;t64r4m1/compact/10;t64r4m1/compact/8,phase-1-m16,1,16,,t64r4m1/compact/10;t64r4m16/compact/10;t64r4m1/compact/8,57.145172119,58.718669891,1.0275350955059392,,,0.0,0.0,0.0,1
local,1,6,interleaved,ry,forward,28,uniform,t64r4m2/compact/10;t64r4m2/compact/10;t64r4m2/compact/8,t64r4m1/compact/10;t64r4m1/compact/10;t64r4m1/compact/8,phase-1-m2,1,2,,t64r4m1/compact/10;t64r4m2/compact/10;t64r4m1/compact/8,57.071121216,58.879566193,1.0316875669947938,,,0.0,0.0,0.0,1
local,2,6,interleaved,rx,forward,28,heterogeneous-1,t32r4m1/compact/9;t32r4m1/compact/9;t64r4m2/compact/10,t32r4m1/compact/9;t32r4m1/compact/9;t64r4m1/compact/10,phase-2-m8,2,8,,t32r4m1/compact/9;t32r4m1/compact/9;t64r4m8/compact/10,55.44990921,59.462696075,1.0723677806180487,,,0.0,0.0,0.0,1
local,2,6,interleaved,rx,forward,28,heterogeneous-1,t32r4m1/compact/9;t32r4m1/compact/9;t64r4m2/compact/10,t32r4m1/compact/9;t32r4m1/compact/9;t64r4m1/compact/10,phase-2-m16,2,16,,t32r4m1/compact/9;t32r4m1/compact/9;t64r4m16/compact/10,55.542953491,58.688686371,1.0566360389983533,,,0.0,0.0,0.0,1
local,2,6,interleaved,rx,forward,28,heterogeneous-1,t32r4m1/compact/9;t32r4m1/compact/9;t64r4m2/compact/10,t32r4m1/compact/9;t32r4m1/compact/9;t64r4m1/compact/10,phase-2-m4,2,4,,t32r4m1/compact/9;t32r4m1/compact/9;t64r4m4/compact/10,56.347171783,59.274410248,1.0519500513046718,,,0.0,0.0,0.0,1
local,2,6,interleaved,rx,forward,28,heterogeneous-1,t32r4m1/compact/9;t32r4m1/compact/9;t64r4m2/compact/10,t32r4m1/compact/9;t32r4m1/compact/9;t64r4m1/compact/10,phase-2-m2,2,2,,t32r4m1/compact/9;t32r4m1/compact/9;t64r4m2/compact/10,55.811374664,59.056167603,1.058138559720748,,,0.0,0.0,0.0,1
local,2,30,interleaved,rx,forward,24,heterogeneous-3,t64r4m2/compact/10;t64r4m2/fixed/5;t32r4m1/compact/9,t64r4m1/compact/10;t64r4m1/fixed/5;t32r4m1/compact/9,phase-1-m4,1,4,,t64r4m1/compact/10;t64r4m4/fixed/5;t32r4m1/compact/9,2.952386141,3.006927013,1.0184734886953257,,,0.0,0.0,0.0,1
local,2,30,interleaved,rx,forward,24,heterogeneous-3,t64r4m2/compact/10;t64r4m2/fixed/5;t32r4m1/compact/9,t64r4m1/compact/10;t64r4m1/fixed/5;t32r4m1/compact/9,phase-0-m8,0,8,,t64r4m8/compact/10;t64r4m1/fixed/5;t32r4m1/compact/9,2.9462924,2.980959654,1.0117663996961062,,,0.0,0.0,0.0,1
local,2,30,interleaved,rx,forward,24,heterogeneous-3,t64r4m2/compact/10;t64r4m2/fixed/5;t32r4m1/compact/9,t64r4m1/compact/10;t64r4m1/fixed/5;t32r4m1/compact/9,phase-1-m2,1,2,,t64r4m1/compact/10;t64r4m2/fixed/5;t32r4m1/compact/9,2.939880371,2.992504835,1.0179002059128344,,,0.0,0.0,0.0,1
local,2,30,interleaved,rx,forward,24,heterogeneous-3,t64r4m2/compact/10;t64r4m2/fixed/5;t32r4m1/compact/9,t64r4m1/compact/10;t64r4m1/fixed/5;t32r4m1/compact/9,phase-1-m16,1,16,,t64r4m1/compact/10;t64r4m16/fixed/5;t32r4m1/compact/9,2.977886677,2.925183058,0.982301670709278,,,0.0,0.0,0.0,1
local,2,30,interleaved,rx,forward,24,heterogeneous-3,t64r4m2/compact/10;t64r4m2/fixed/5;t32r4m1/compact/9,t64r4m1/compact/10;t64r4m1/fixed/5;t32r4m1/compact/9,phase-1-m8,1,8,,t64r4m1/compact/10;t64r4m8/fixed/5;t32r4m1/compact/9,2.948019266,3.021148443,1.0248062072875204,,,0.0,0.0,0.0,1
local,2,30,interleaved,rx,forward,24,heterogeneous-3,t64r4m2/compact/10;t64r4m2/fixed/5;t32r4m1/compact/9,t64r4m1/compact/10;t64r4m1/fixed/5;t32r4m1/compact/9,phase-0-m4,0,4,,t64r4m4/compact/10;t64r4m1/fixed/5;t32r4m1/compact/9,2.883300066,3.0087924,1.0435238550020551,,,0.0,0.0,0.0,1
local,2,30,interleaved,rx,forward,24,heterogeneous-3,t64r4m2/compact/10;t64r4m2/fixed/5;t32r4m1/compact/9,t64r4m1/compact/10;t64r4m1/fixed/5;t32r4m1/compact/9,phase-0-m16,0,16,,t64r4m16/compact/10;t64r4m1/fixed/5;t32r4m1/compact/9,2.923911572,3.011493206,1.0299535850669015,,,0.0,0.0,0.0,1
local,2,30,interleaved,rx,forward,24,heterogeneous-3,t64r4m2/compact/10;t64r4m2/fixed/5;t32r4m1/compact/9,t64r4m1/compact/10;t64r4m1/fixed/5;t32r4m1/compact/9,phase-0-m2,0,2,,t64r4m2/compact/10;t64r4m1/fixed/5;t32r4m1/compact/9,2.95464015,2.85192132,0.9652347410225236,,,0.0,0.0,0.0,1
local,2,30,interleaved,ry,backward,24,heterogeneous-2,t64r4m1/compact/10;t64r4m1/fixed/5;t64r4m2/fixed/5;t64r4m1/pairs/4,t64r4m1/compact/10;t64r4m1/fixed/5;t64r4m1/fixed/5;t64r4m1/pairs/4,phase-1-m16,1,16,,t64r4m1/compact/10;t64r4m16/fixed/5;t64r4m1/fixed/5;t64r4m1/pairs/4,8.174650192,8.126913071,0.9941603469409962,,,0.0,0.0,0.0,1
local,2,30,interleaved,ry,backward,24,heterogeneous-2,t64r4m1/compact/10;t64r4m1/fixed/5;t64r4m2/fixed/5;t64r4m1/pairs/4,t64r4m1/compact/10;t64r4m1/fixed/5;t64r4m1/fixed/5;t64r4m1/pairs/4,phase-1-m4,1,4,,t64r4m1/compact/10;t64r4m4/fixed/5;t64r4m1/fixed/5;t64r4m1/pairs/4,8.065452576,8.303240776,1.029482313330758,,,0.0,0.0,0.0,1
local,2,30,interleaved,ry,backward,24,heterogeneous-2,t64r4m1/compact/10;t64r4m1/fixed/5;t64r4m2/fixed/5;t64r4m1/pairs/4,t64r4m1/compact/10;t64r4m1/fixed/5;t64r4m1/fixed/5;t64r4m1/pairs/4,phase-0-m8,0,8,,t64r4m8/compact/10;t64r4m1/fixed/5;t64r4m1/fixed/5;t64r4m1/pairs/4,8.135797501,8.12446022,0.9986064942006475,,,0.0,0.0,0.0,1
local,2,30,interleaved,ry,backward,24,heterogeneous-2,t64r4m1/compact/10;t64r4m1/fixed/5;t64r4m2/fixed/5;t64r4m1/pairs/4,t64r4m1/compact/10;t64r4m1/fixed/5;t64r4m1/fixed/5;t64r4m1/pairs/4,phase-3-m2,3,2,,t64r4m1/compact/10;t64r4m1/fixed/5;t64r4m1/fixed/5;t64r4m2/pairs/4,8.194458008,8.150387764,0.9946219452272529,,,0.0,0.0,0.0,1
local,2,30,interleaved,ry,backward,24,heterogeneous-2,t64r4m1/compact/10;t64r4m1/fixed/5;t64r4m2/fixed/5;t64r4m1/pairs/4,t64r4m1/compact/10;t64r4m1/fixed/5;t64r4m1/fixed/5;t64r4m1/pairs/4,phase-0-m16,0,16,,t64r4m16/compact/10;t64r4m1/fixed/5;t64r4m1/fixed/5;t64r4m1/pairs/4,8.280825615,8.085943222,0.9764658257448403,,,0.0,0.0,0.0,1
local,2,30,interleaved,ry,backward,24,heterogeneous-2,t64r4m1/compact/10;t64r4m1/fixed/5;t64r4m2/fixed/5;t64r4m1/pairs/4,t64r4m1/compact/10;t64r4m1/fixed/5;t64r4m1/fixed/5;t64r4m1/pairs/4,phase-1-m2,1,2,,t64r4m1/compact/10;t64r4m2/fixed/5;t64r4m1/fixed/5;t64r4m1/pairs/4,8.047168732,8.116916656,1.0086673867943945,,,0.0,0.0,0.0,1
local,2,30,interleaved,ry,backward,24,heterogeneous-2,t64r4m1/compact/10;t64r4m1/fixed/5;t64r4m2/fixed/5;t64r4m1/pairs/4,t64r4m1/compact/10;t64r4m1/fixed/5;t64r4m1/fixed/5;t64r4m1/pairs/4,phase-2-m4,2,4,,t64r4m1/compact/10;t64r4m1/fixed/5;t64r4m4/fixed/5;t64r4m1/pairs/4,8.078314781,8.154243469,1.0093990751856543,,,0.0,0.0,0.0,1
local,2,30,interleaved,ry,backward,24,heterogeneous-2,t64r4m1/compact/10;t64r4m1/fixed/5;t64r4m2/fixed/5;t64r4m1/pairs/4,t64r4m1/compact/10;t64r4m1/fixed/5;t64r4m1/fixed/5;t64r4m1/pairs/4,phase-1-m8,1,8,,t64r4m1/compact/10;t64r4m8/fixed/5;t64r4m1/fixed/5;t64r4m1/pairs/4,8.026390076,8.150310516,1.0154391250396038,,,0.0,0.0,0.0,1
local,2,30,interleaved,ry,backward,24,heterogeneous-2,t64r4m1/compact/10;t64r4m1/fixed/5;t64r4m2/fixed/5;t64r4m1/pairs/4,t64r4m1/compact/10;t64r4m1/fixed/5;t64r4m1/fixed/5;t64r4m1/pairs/4,phase-0-m4,0,4,,t64r4m4/compact/10;t64r4m1/fixed/5;t64r4m1/fixed/5;t64r4m1/pairs/4,8.246313095,8.300974846,1.006628629106157,,,0.0,0.0,0.0,1
local,2,30,interleaved,ry,backward,24,heterogeneous-2,t64r4m1/compact/10;t64r4m1/fixed/5;t64r4m2/fixed/5;t64r4m1/pairs/4,t64r4m1/compact/10;t64r4m1/fixed/5;t64r4m1/fixed/5;t64r4m1/pairs/4,phase-2-m16,2,16,,t64r4m1/compact/10;t64r4m1/fixed/5;t64r4m16/fixed/5;t64r4m1/pairs/4,8.037345886,8.14622879,1.0135471218415097,,,0.0,0.0,0.0,1
local,2,30,interleaved,ry,backward,24,heterogeneous-2,t64r4m1/compact/10;t64r4m1/fixed/5;t64r4m2/fixed/5;t64r4m1/pairs/4,t64r4m1/compact/10;t64r4m1/fixed/5;t64r4m1/fixed/5;t64r4m1/pairs/4,phase-3-m8,3,8,,t64r4m1/compact/10;t64r4m1/fixed/5;t64r4m1/fixed/5;t64r4m8/pairs/4,8.147539139,8.127130508,0.9974951171572397,,,0.0,0.0,0.0,1
local,2,30,interleaved,ry,backward,24,heterogeneous-2,t64r4m1/compact/10;t64r4m1/fixed/5;t64r4m2/fixed/5;t64r4m1/pairs/4,t64r4m1/compact/10;t64r4m1/fixed/5;t64r4m1/fixed/5;t64r4m1/pairs/4,phase-3-m16,3,16,,t64r4m1/compact/10;t64r4m1/fixed/5;t64r4m1/fixed/5;t64r4m16/pairs/4,8.170418739,8.281639099,1.013612565469761,,,0.0,0.0,0.0,1
local,2,30,interleaved,ry,backward,24,heterogeneous-2,t64r4m1/compact/10;t64r4m1/fixed/5;t64r4m2/fixed/5;t64r4m1/pairs/4,t64r4m1/compact/10;t64r4m1/fixed/5;t64r4m1/fixed/5;t64r4m1/pairs/4,phase-3-m4,3,4,,t64r4m1/compact/10;t64r4m1/fixed/5;t64r4m1/fixed/5;t64r4m4/pairs/4,8.153398514,8.187597275,1.0041944179401117,,,0.0,0.0,0.0,1
local,2,30,interleaved,ry,backward,24,heterogeneous-2,t64r4m1/compact/10;t64r4m1/fixed/5;t64r4m2/fixed/5;t64r4m1/pairs/4,t64r4m1/compact/10;t64r4m1/fixed/5;t64r4m1/fixed/5;t64r4m1/pairs/4,phase-2-m8,2,8,,t64r4m1/compact/10;t64r4m1/fixed/5;t64r4m8/fixed/5;t64r4m1/pairs/4,8.260828018,8.106974602,0.9813755454459577,,,0.0,0.0,0.0,1
local,2,30,interleaved,ry,backward,24,heterogeneous-2,t64r4m1/compact/10;t64r4m1/fixed/5;t64r4m2/fixed/5;t64r4m1/pairs/4,t64r4m1/compact/10;t64r4m1/fixed/5;t64r4m1/fixed/5;t64r4m1/pairs/4,phase-2-m2,2,2,,t64r4m1/compact/10;t64r4m1/fixed/5;t64r4m2/fixed/5;t64r4m1/pairs/4,8.135809898,8.252574921,1.01435198516975,,,0.0,0.0,0.0,1
local,2,30,interleaved,ry,backward,24,heterogeneous-2,t64r4m1/compact/10;t64r4m1/fixed/5;t64r4m2/fixed/5;t64r4m1/pairs/4,t64r4m1/compact/10;t64r4m1/fixed/5;t64r4m1/fixed/5;t64r4m1/pairs/4,phase-0-m2,0,2,,t64r4m2/compact/10;t64r4m1/fixed/5;t64r4m1/fixed/5;t64r4m1/pairs/4,8.152253151,8.139657974,0.9984550066384463,,,0.0,0.0,0.0,1
local,2,6,interleaved,ry,forward,28,uniform,t64r4m2/compact/10;t64r4m2/compact/10;t64r4m2/compact/8,t64r4m1/compact/10;t64r4m1/compact/10;t64r4m1/compact/8,phase-1-m2,1,2,,t64r4m1/compact/10;t64r4m2/compact/10;t64r4m1/compact/8,57.263957977,59.436306,1.0379356946278937,,,0.0,0.0,0.0,1
local,2,6,interleaved,ry,forward,28,uniform,t64r4m2/compact/10;t64r4m2/compact/10;t64r4m2/compact/8,t64r4m1/compact/10;t64r4m1/compact/10;t64r4m1/compact/8,phase-2-m8,2,8,,t64r4m1/compact/10;t64r4m1/compact/10;t64r4m8/compact/8,55.335021973,59.064865112,1.0674047466868257,,,0.0,0.0,0.0,1
local,2,6,interleaved,ry,forward,28,uniform,t64r4m2/compact/10;t64r4m2/compact/10;t64r4m2/compact/8,t64r4m1/compact/10;t64r4m1/compact/10;t64r4m1/compact/8,phase-2-m16,2,16,,t64r4m1/compact/10;t64r4m1/compact/10;t64r4m16/compact/8,55.910694122,59.323928833,1.06104797596596,,,0.0,0.0,0.0,1
local,2,6,interleaved,ry,forward,28,uniform,t64r4m2/compact/10;t64r4m2/compact/10;t64r4m2/compact/8,t64r4m1/compact/10;t64r4m1/compact/10;t64r4m1/compact/8,phase-0-m4,0,4,,t64r4m4/compact/10;t64r4m1/compact/10;t64r4m1/compact/8,58.649410248,58.72725296,1.0013272548124668,,,0.0,0.0,0.0,1
local,2,6,interleaved,ry,forward,28,uniform,t64r4m2/compact/10;t64r4m2/compact/10;t64r4m2/compact/8,t64r4m1/compact/10;t64r4m1/compact/10;t64r4m1/compact/8,phase-1-m8,1,8,,t64r4m1/compact/10;t64r4m8/compact/10;t64r4m1/compact/8,56.034423828,59.004505157,1.053004584077045,,,0.0,0.0,0.0,1
local,2,6,interleaved,ry,forward,28,uniform,t64r4m2/compact/10;t64r4m2/compact/10;t64r4m2/compact/8,t64r4m1/compact/10;t64r4m1/compact/10;t64r4m1/compact/8,phase-0-m16,0,16,,t64r4m16/compact/10;t64r4m1/compact/10;t64r4m1/compact/8,59.022994995,58.536251068,0.9917533170412441,,,0.0,0.0,0.0,1
local,2,6,interleaved,ry,forward,28,uniform,t64r4m2/compact/10;t64r4m2/compact/10;t64r4m2/compact/8,t64r4m1/compact/10;t64r4m1/compact/10;t64r4m1/compact/8,phase-1-m16,1,16,,t64r4m1/compact/10;t64r4m16/compact/10;t64r4m1/compact/8,56.484344482,58.356769562,1.0331494522450675,,,0.0,0.0,0.0,1
local,2,6,interleaved,ry,forward,28,uniform,t64r4m2/compact/10;t64r4m2/compact/10;t64r4m2/compact/8,t64r4m1/compact/10;t64r4m1/compact/10;t64r4m1/compact/8,phase-0-m8,0,8,,t64r4m8/compact/10;t64r4m1/compact/10;t64r4m1/compact/8,58.659122467,58.533336639,0.9978556476348454,,,0.0,0.0,0.0,1
local,2,6,interleaved,ry,forward,28,uniform,t64r4m2/compact/10;t64r4m2/compact/10;t64r4m2/compact/8,t64r4m1/compact/10;t64r4m1/compact/10;t64r4m1/compact/8,phase-0-m2,0,2,,t64r4m2/compact/10;t64r4m1/compact/10;t64r4m1/compact/8,58.896533966,58.849315643,0.9991982835012454,,,0.0,0.0,0.0,1
local,2,6,interleaved,ry,forward,28,uniform,t64r4m2/compact/10;t64r4m2/compact/10;t64r4m2/compact/8,t64r4m1/compact/10;t64r4m1/compact/10;t64r4m1/compact/8,phase-2-m2,2,2,,t64r4m1/compact/10;t64r4m1/compact/10;t64r4m2/compact/8,55.424175262,58.951076508,1.063634708668694,,,0.0,0.0,0.0,1
local,2,6,interleaved,ry,forward,28,uniform,t64r4m2/compact/10;t64r4m2/compact/10;t64r4m2/compact/8,t64r4m1/compact/10;t64r4m1/compact/10;t64r4m1/compact/8,phase-1-m4,1,4,,t64r4m1/compact/10;t64r4m4/compact/10;t64r4m1/compact/8,57.161182404,59.249118805,1.0365271730427656,,,0.0,0.0,0.0,1
local,2,6,interleaved,ry,forward,28,uniform,t64r4m2/compact/10;t64r4m2/compact/10;t64r4m2/compact/8,t64r4m1/compact/10;t64r4m1/compact/10;t64r4m1/compact/8,phase-2-m4,2,4,,t64r4m1/compact/10;t64r4m1/compact/10;t64r4m4/compact/8,55.127849579,59.362442017,1.0768140326593312,,,0.0,0.0,0.0,1
local,2,6,interleaved,ry,backward,28,uniform,t64r4m2/compact/10;t64r4m2/fixed/5;t64r4m2/fixed/5;t64r4m2/fixed/5;t64r4m2/fixed/3,t64r4m1/compact/10;t64r4m1/fixed/5;t64r4m1/fixed/5;t64r4m1/fixed/5;t64r4m1/fixed/3,phase-2-m4,2,4,,t64r4m1/compact/10;t64r4m1/fixed/5;t64r4m4/fixed/5;t64r4m1/fixed/5;t64r4m1/fixed/3,156.272659302,156.365509033,1.000594152114738,,,0.0,0.0,0.0,1
local,2,6,interleaved,ry,backward,28,uniform,t64r4m2/compact/10;t64r4m2/fixed/5;t64r4m2/fixed/5;t64r4m2/fixed/5;t64r4m2/fixed/3,t64r4m1/compact/10;t64r4m1/fixed/5;t64r4m1/fixed/5;t64r4m1/fixed/5;t64r4m1/fixed/3,phase-1-m16,1,16,,t64r4m1/compact/10;t64r4m16/fixed/5;t64r4m1/fixed/5;t64r4m1/fixed/5;t64r4m1/fixed/3,156.062179565,157.304275513,1.0079589811667513,,,0.0,0.0,0.0,1
local,2,6,interleaved,ry,backward,28,uniform,t64r4m2/compact/10;t64r4m2/fixed/5;t64r4m2/fixed/5;t64r4m2/fixed/5;t64r4m2/fixed/3,t64r4m1/compact/10;t64r4m1/fixed/5;t64r4m1/fixed/5;t64r4m1/fixed/5;t64r4m1/fixed/3,phase-1-m8,1,8,,t64r4m1/compact/10;t64r4m8/fixed/5;t64r4m1/fixed/5;t64r4m1/fixed/5;t64r4m1/fixed/3,155.477005005,156.802261353,1.0085238093437507,,,0.0,0.0,0.0,1
local,2,6,interleaved,ry,backward,28,uniform,t64r4m2/compact/10;t64r4m2/fixed/5;t64r4m2/fixed/5;t64r4m2/fixed/5;t64r4m2/fixed/3,t64r4m1/compact/10;t64r4m1/fixed/5;t64r4m1/fixed/5;t64r4m1/fixed/5;t64r4m1/fixed/3,phase-4-m8,4,8,,t64r4m1/compact/10;t64r4m1/fixed/5;t64r4m1/fixed/5;t64r4m1/fixed/5;t64r4m8/fixed/3,157.190292358,157.393875122,1.0012951357297328,,,0.0,0.0,0.0,1
local,2,6,interleaved,ry,backward,28,uniform,t64r4m2/compact/10;t64r4m2/fixed/5;t64r4m2/fixed/5;t64r4m2/fixed/5;t64r4m2/fixed/3,t64r4m1/compact/10;t64r4m1/fixed/5;t64r4m1/fixed/5;t64r4m1/fixed/5;t64r4m1/fixed/3,phase-0-m16,0,16,,t64r4m16/compact/10;t64r4m1/fixed/5;t64r4m1/fixed/5;t64r4m1/fixed/5;t64r4m1/fixed/3,155.518478394,156.878143311,1.0087427869089314,,,0.0,0.0,0.0,1
local,2,6,interleaved,ry,backward,28,uniform,t64r4m2/compact/10;t64r4m2/fixed/5;t64r4m2/fixed/5;t64r4m2/fixed/5;t64r4m2/fixed/3,t64r4m1/compact/10;t64r4m1/fixed/5;t64r4m1/fixed/5;t64r4m1/fixed/5;t64r4m1/fixed/3,phase-0-m2,0,2,,t64r4m2/compact/10;t64r4m1/fixed/5;t64r4m1/fixed/5;t64r4m1/fixed/5;t64r4m1/fixed/3,155.975097656,156.779998779,1.005160446347501,,,0.0,0.0,0.0,1
local,2,6,interleaved,ry,backward,28,uniform,t64r4m2/compact/10;t64r4m2/fixed/5;t64r4m2/fixed/5;t64r4m2/fixed/5;t64r4m2/fixed/3,t64r4m1/compact/10;t64r4m1/fixed/5;t64r4m1/fixed/5;t64r4m1/fixed/5;t64r4m1/fixed/3,phase-3-m16,3,16,,t64r4m1/compact/10;t64r4m1/fixed/5;t64r4m1/fixed/5;t64r4m16/fixed/5;t64r4m1/fixed/3,156.81703186,156.396255493,0.9973167687080341,,,0.0,0.0,0.0,1
local,2,6,interleaved,ry,backward,28,uniform,t64r4m2/compact/10;t64r4m2/fixed/5;t64r4m2/fixed/5;t64r4m2/fixed/5;t64r4m2/fixed/3,t64r4m1/compact/10;t64r4m1/fixed/5;t64r4m1/fixed/5;t64r4m1/fixed/5;t64r4m1/fixed/3,phase-0-m8,0,8,,t64r4m8/compact/10;t64r4m1/fixed/5;t64r4m1/fixed/5;t64r4m1/fixed/5;t64r4m1/fixed/3,155.820388794,156.189559937,1.002369209484441,,,0.0,0.0,0.0,1
local,2,6,interleaved,ry,backward,28,uniform,t64r4m2/compact/10;t64r4m2/fixed/5;t64r4m2/fixed/5;t64r4m2/fixed/5;t64r4m2/fixed/3,t64r4m1/compact/10;t64r4m1/fixed/5;t64r4m1/fixed/5;t64r4m1/fixed/5;t64r4m1/fixed/3,phase-2-m16,2,16,,t64r4m1/compact/10;t64r4m1/fixed/5;t64r4m16/fixed/5;t64r4m1/fixed/5;t64r4m1/fixed/3,156.590927124,156.905136108,1.0020065593184155,,,0.0,0.0,0.0,1
local,2,6,interleaved,ry,backward,28,uniform,t64r4m2/compact/10;t64r4m2/fixed/5;t64r4m2/fixed/5;t64r4m2/fixed/5;t64r4m2/fixed/3,t64r4m1/compact/10;t64r4m1/fixed/5;t64r4m1/fixed/5;t64r4m1/fixed/5;t64r4m1/fixed/3,phase-4-m2,4,2,,t64r4m1/compact/10;t64r4m1/fixed/5;t64r4m1/fixed/5;t64r4m1/fixed/5;t64r4m2/fixed/3,156.189437866,156.771682739,1.0037278120784296,,,0.0,0.0,0.0,1
local,2,6,interleaved,ry,backward,28,uniform,t64r4m2/compact/10;t64r4m2/fixed/5;t64r4m2/fixed/5;t64r4m2/fixed/5;t64r4m2/fixed/3,t64r4m1/compact/10;t64r4m1/fixed/5;t64r4m1/fixed/5;t64r4m1/fixed/5;t64r4m1/fixed/3,phase-3-m2,3,2,,t64r4m1/compact/10;t64r4m1/fixed/5;t64r4m1/fixed/5;t64r4m2/fixed/5;t64r4m1/fixed/3,157.296936035,156.490234375,0.9948714725134856,,,0.0,0.0,0.0,1
local,2,6,interleaved,ry,backward,28,uniform,t64r4m2/compact/10;t64r4m2/fixed/5;t64r4m2/fixed/5;t64r4m2/fixed/5;t64r4m2/fixed/3,t64r4m1/compact/10;t64r4m1/fixed/5;t64r4m1/fixed/5;t64r4m1/fixed/5;t64r4m1/fixed/3,phase-4-m16,4,16,,t64r4m1/compact/10;t64r4m1/fixed/5;t64r4m1/fixed/5;t64r4m1/fixed/5;t64r4m16/fixed/3,157.514068604,156.983886719,0.996634066469752,,,0.0,0.0,0.0,1
local,2,6,interleaved,ry,backward,28,uniform,t64r4m2/compact/10;t64r4m2/fixed/5;t64r4m2/fixed/5;t64r4m2/fixed/5;t64r4m2/fixed/3,t64r4m1/compact/10;t64r4m1/fixed/5;t64r4m1/fixed/5;t64r4m1/fixed/5;t64r4m1/fixed/3,phase-4-m4,4,4,,t64r4m1/compact/10;t64r4m1/fixed/5;t64r4m1/fixed/5;t64r4m1/fixed/5;t64r4m4/fixed/3,156.71786499,157.254806519,1.0034261666915527,,,0.0,0.0,0.0,1
local,2,6,interleaved,ry,backward,28,uniform,t64r4m2/compact/10;t64r4m2/fixed/5;t64r4m2/fixed/5;t64r4m2/fixed/5;t64r4m2/fixed/3,t64r4m1/compact/10;t64r4m1/fixed/5;t64r4m1/fixed/5;t64r4m1/fixed/5;t64r4m1/fixed/3,phase-0-m4,0,4,,t64r4m4/compact/10;t64r4m1/fixed/5;t64r4m1/fixed/5;t64r4m1/fixed/5;t64r4m1/fixed/3,156.348312378,156.7631073,1.0026530182238051,,,0.0,0.0,0.0,1
local,2,6,interleaved,ry,backward,28,uniform,t64r4m2/compact/10;t64r4m2/fixed/5;t64r4m2/fixed/5;t64r4m2/fixed/5;t64r4m2/fixed/3,t64r4m1/compact/10;t64r4m1/fixed/5;t64r4m1/fixed/5;t64r4m1/fixed/5;t64r4m1/fixed/3,phase-2-m2,2,2,,t64r4m1/compact/10;t64r4m1/fixed/5;t64r4m2/fixed/5;t64r4m1/fixed/5;t64r4m1/fixed/3,156.19859314,157.826705933,1.0104233511984368,,,0.0,0.0,0.0,1
local,2,6,interleaved,ry,backward,28,uniform,t64r4m2/compact/10;t64r4m2/fixed/5;t64r4m2/fixed/5;t64r4m2/fixed/5;t64r4m2/fixed/3,t64r4m1/compact/10;t64r4m1/fixed/5;t64r4m1/fixed/5;t64r4m1/fixed/5;t64r4m1/fixed/3,phase-3-m8,3,8,,t64r4m1/compact/10;t64r4m1/fixed/5;t64r4m1/fixed/5;t64r4m8/fixed/5;t64r4m1/fixed/3,156.405776978,156.534622192,1.0008237880754118,,,0.0,0.0,0.0,1
local,2,6,interleaved,ry,backward,28,uniform,t64r4m2/compact/10;t64r4m2/fixed/5;t64r4m2/fixed/5;t64r4m2/fixed/5;t64r4m2/fixed/3,t64r4m1/compact/10;t64r4m1/fixed/5;t64r4m1/fixed/5;t64r4m1/fixed/5;t64r4m1/fixed/3,phase-3-m4,3,4,,t64r4m1/compact/10;t64r4m1/fixed/5;t64r4m1/fixed/5;t64r4m4/fixed/5;t64r4m1/fixed/3,157.089385986,156.905639648,0.9988303071092507,,,0.0,0.0,0.0,1
local,2,6,interleaved,ry,backward,28,uniform,t64r4m2/compact/10;t64r4m2/fixed/5;t64r4m2/fixed/5;t64r4m2/fixed/5;t64r4m2/fixed/3,t64r4m1/compact/10;t64r4m1/fixed/5;t64r4m1/fixed/5;t64r4m1/fixed/5;t64r4m1/fixed/3,phase-2-m8,2,8,,t64r4m1/compact/10;t64r4m1/fixed/5;t64r4m8/fixed/5;t64r4m1/fixed/5;t64r4m1/fixed/3,156.333358765,157.09236145,1.0048550270460248,,,0.0,0.0,0.0,1
local,2,6,interleaved,ry,backward,28,uniform,t64r4m2/compact/10;t64r4m2/fixed/5;t64r4m2/fixed/5;t64r4m2/fixed/5;t64r4m2/fixed/3,t64r4m1/compact/10;t64r4m1/fixed/5;t64r4m1/fixed/5;t64r4m1/fixed/5;t64r4m1/fixed/3,phase-1-m4,1,4,,t64r4m1/compact/10;t64r4m4/fixed/5;t64r4m1/fixed/5;t64r4m1/fixed/5;t64r4m1/fixed/3,157.119110107,157.710006714,1.0037608194610927,,,0.0,0.0,0.0,1
local,2,6,interleaved,ry,backward,28,uniform,t64r4m2/compact/10;t64r4m2/fixed/5;t64r4m2/fixed/5;t64r4m2/fixed/5;t64r4m2/fixed/3,t64r4m1/compact/10;t64r4m1/fixed/5;t64r4m1/fixed/5;t64r4m1/fixed/5;t64r4m1/fixed/3,phase-1-m2,1,2,,t64r4m1/compact/10;t64r4m2/fixed/5;t64r4m1/fixed/5;t64r4m1/fixed/5;t64r4m1/fixed/3,156.132461548,157.195907593,1.0068111783703162,,,0.0,0.0,0.0,1
local,2,6,interleaved,rx,backward,28,uniform,t64r4m2/compact/10;t64r4m2/compact/10;t64r4m2/compact/8,t64r4m1/compact/10;t64r4m1/compact/10;t64r4m1/compact/8,phase-2-m4,2,4,,t64r4m1/compact/10;t64r4m1/compact/10;t64r4m4/compact/8,154.905715942,160.581161499,1.036638064144289,,,0.0,0.0,0.0,1
local,2,6,interleaved,rx,backward,28,uniform,t64r4m2/compact/10;t64r4m2/compact/10;t64r4m2/compact/8,t64r4m1/compact/10;t64r4m1/compact/10;t64r4m1/compact/8,phase-0-m16,0,16,,t64r4m16/compact/10;t64r4m1/compact/10;t64r4m1/compact/8,160.164886475,160.623840332,1.0028655085836908,,,0.0,0.0,0.0,1
local,2,6,interleaved,rx,backward,28,uniform,t64r4m2/compact/10;t64r4m2/compact/10;t64r4m2/compact/8,t64r4m1/compact/10;t64r4m1/compact/10;t64r4m1/compact/8,phase-0-m2,0,2,,t64r4m2/compact/10;t64r4m1/compact/10;t64r4m1/compact/8,160.341049194,160.471755981,1.0008151798161298,,,0.0,0.0,0.0,1
local,2,6,interleaved,rx,backward,28,uniform,t64r4m2/compact/10;t64r4m2/compact/10;t64r4m2/compact/8,t64r4m1/compact/10;t64r4m1/compact/10;t64r4m1/compact/8,phase-1-m4,1,4,,t64r4m1/compact/10;t64r4m4/compact/10;t64r4m1/compact/8,155.92805481,161.44670105,1.0353922598901433,,,0.0,0.0,0.0,1
local,2,6,interleaved,rx,backward,28,uniform,t64r4m2/compact/10;t64r4m2/compact/10;t64r4m2/compact/8,t64r4m1/compact/10;t64r4m1/compact/10;t64r4m1/compact/8,phase-2-m8,2,8,,t64r4m1/compact/10;t64r4m1/compact/10;t64r4m8/compact/8,153.823226929,161.693527222,1.0511645767035735,,,0.0,0.0,0.0,1
local,2,6,interleaved,rx,backward,28,uniform,t64r4m2/compact/10;t64r4m2/compact/10;t64r4m2/compact/8,t64r4m1/compact/10;t64r4m1/compact/10;t64r4m1/compact/8,phase-1-m16,1,16,,t64r4m1/compact/10;t64r4m16/compact/10;t64r4m1/compact/8,155.673721313,160.850082397,1.0332513480139165,,,0.0,0.0,0.0,1
local,2,6,interleaved,rx,backward,28,uniform,t64r4m2/compact/10;t64r4m2/compact/10;t64r4m2/compact/8,t64r4m1/compact/10;t64r4m1/compact/10;t64r4m1/compact/8,phase-2-m2,2,2,,t64r4m1/compact/10;t64r4m1/compact/10;t64r4m2/compact/8,154.360107422,160.824996948,1.0418818672387022,,,0.0,0.0,0.0,1
local,2,6,interleaved,rx,backward,28,uniform,t64r4m2/compact/10;t64r4m2/compact/10;t64r4m2/compact/8,t64r4m1/compact/10;t64r4m1/compact/10;t64r4m1/compact/8,phase-1-m2,1,2,,t64r4m1/compact/10;t64r4m2/compact/10;t64r4m1/compact/8,156.712341309,160.688980103,1.0253754028609592,,,0.0,0.0,0.0,1
local,2,6,interleaved,rx,backward,28,uniform,t64r4m2/compact/10;t64r4m2/compact/10;t64r4m2/compact/8,t64r4m1/compact/10;t64r4m1/compact/10;t64r4m1/compact/8,phase-2-m16,2,16,,t64r4m1/compact/10;t64r4m1/compact/10;t64r4m16/compact/8,153.002151489,161.016494751,1.0523805919328932,,,0.0,0.0,0.0,1
local,2,6,interleaved,rx,backward,28,uniform,t64r4m2/compact/10;t64r4m2/compact/10;t64r4m2/compact/8,t64r4m1/compact/10;t64r4m1/compact/10;t64r4m1/compact/8,phase-0-m8,0,8,,t64r4m8/compact/10;t64r4m1/compact/10;t64r4m1/compact/8,159.946105957,160.285842896,1.0021240713361996,,,0.0,0.0,0.0,1
local,2,6,interleaved,rx,backward,28,uniform,t64r4m2/compact/10;t64r4m2/compact/10;t64r4m2/compact/8,t64r4m1/compact/10;t64r4m1/compact/10;t64r4m1/compact/8,phase-1-m8,1,8,,t64r4m1/compact/10;t64r4m8/compact/10;t64r4m1/compact/8,156.757705688,161.128036499,1.0278795277834598,,,0.0,0.0,0.0,1
local,2,6,interleaved,rx,backward,28,uniform,t64r4m2/compact/10;t64r4m2/compact/10;t64r4m2/compact/8,t64r4m1/compact/10;t64r4m1/compact/10;t64r4m1/compact/8,phase-0-m4,0,4,,t64r4m4/compact/10;t64r4m1/compact/10;t64r4m1/compact/8,160.21055603,161.308303833,1.0068519068293755,,,0.0,0.0,0.0,1
local,2,30,interleaved,rx,backward,24,heterogeneous-2,t64r4m2/compact/10;t64r4m2/fixed/5;t64r4m2/fixed/5;t64r4m2/pairs/4,t64r4m1/compact/10;t64r4m1/fixed/5;t64r4m1/fixed/5;t64r4m1/pairs/4,phase-2-m16,2,16,,t64r4m1/compact/10;t64r4m1/fixed/5;t64r4m16/fixed/5;t64r4m1/pairs/4,7.782348156,7.967307091,1.0237664688462185,,,0.0,0.0,0.0,1
local,2,30,interleaved,rx,backward,24,heterogeneous-2,t64r4m2/compact/10;t64r4m2/fixed/5;t64r4m2/fixed/5;t64r4m2/pairs/4,t64r4m1/compact/10;t64r4m1/fixed/5;t64r4m1/fixed/5;t64r4m1/pairs/4,phase-1-m2,1,2,,t64r4m1/compact/10;t64r4m2/fixed/5;t64r4m1/fixed/5;t64r4m1/pairs/4,7.901237011,7.823185921,0.9901216619763035,,,0.0,0.0,0.0,1
local,2,30,interleaved,rx,backward,24,heterogeneous-2,t64r4m2/compact/10;t64r4m2/fixed/5;t64r4m2/fixed/5;t64r4m2/pairs/4,t64r4m1/compact/10;t64r4m1/fixed/5;t64r4m1/fixed/5;t64r4m1/pairs/4,phase-2-m4,2,4,,t64r4m1/compact/10;t64r4m1/fixed/5;t64r4m4/fixed/5;t64r4m1/pairs/4,7.808291912,7.940495968,1.016931238930351,,,0.0,0.0,0.0,1
local,2,30,interleaved,rx,backward,24,heterogeneous-2,t64r4m2/compact/10;t64r4m2/fixed/5;t64r4m2/fixed/5;t64r4m2/pairs/4,t64r4m1/compact/10;t64r4m1/fixed/5;t64r4m1/fixed/5;t64r4m1/pairs/4,phase-2-m2,2,2,,t64r4m1/compact/10;t64r4m1/fixed/5;t64r4m2/fixed/5;t64r4m1/pairs/4,7.935218811,7.752022266,0.9769134853917262,,,0.0,0.0,0.0,1
local,2,30,interleaved,rx,backward,24,heterogeneous-2,t64r4m2/compact/10;t64r4m2/fixed/5;t64r4m2/fixed/5;t64r4m2/pairs/4,t64r4m1/compact/10;t64r4m1/fixed/5;t64r4m1/fixed/5;t64r4m1/pairs/4,phase-1-m8,1,8,,t64r4m1/compact/10;t64r4m8/fixed/5;t64r4m1/fixed/5;t64r4m1/pairs/4,7.920788288,7.801003933,0.9848772179428815,,,0.0,0.0,0.0,1
local,2,30,interleaved,rx,backward,24,heterogeneous-2,t64r4m2/compact/10;t64r4m2/fixed/5;t64r4m2/fixed/5;t64r4m2/pairs/4,t64r4m1/compact/10;t64r4m1/fixed/5;t64r4m1/fixed/5;t64r4m1/pairs/4,phase-3-m4,3,4,,t64r4m1/compact/10;t64r4m1/fixed/5;t64r4m1/fixed/5;t64r4m4/pairs/4,7.884038925,7.835345268,0.99382376755579,,,0.0,0.0,0.0,1
local,2,30,interleaved,rx,backward,24,heterogeneous-2,t64r4m2/compact/10;t64r4m2/fixed/5;t64r4m2/fixed/5;t64r4m2/pairs/4,t64r4m1/compact/10;t64r4m1/fixed/5;t64r4m1/fixed/5;t64r4m1/pairs/4,phase-0-m8,0,8,,t64r4m8/compact/10;t64r4m1/fixed/5;t64r4m1/fixed/5;t64r4m1/pairs/4,7.806784153,7.891558647,1.0108590800435315,,,0.0,0.0,0.0,1
local,2,30,interleaved,rx,backward,24,heterogeneous-2,t64r4m2/compact/10;t64r4m2/fixed/5;t64r4m2/fixed/5;t64r4m2/pairs/4,t64r4m1/compact/10;t64r4m1/fixed/5;t64r4m1/fixed/5;t64r4m1/pairs/4,phase-2-m8,2,8,,t64r4m1/compact/10;t64r4m1/fixed/5;t64r4m8/fixed/5;t64r4m1/pairs/4,7.718604565,8.015237808,1.0384309418240032,,,0.0,0.0,0.0,1
local,2,30,interleaved,rx,backward,24,heterogeneous-2,t64r4m2/compact/10;t64r4m2/fixed/5;t64r4m2/fixed/5;t64r4m2/pairs/4,t64r4m1/compact/10;t64r4m1/fixed/5;t64r4m1/fixed/5;t64r4m1/pairs/4,phase-0-m4,0,4,,t64r4m4/compact/10;t64r4m1/fixed/5;t64r4m1/fixed/5;t64r4m1/pairs/4,8.014481544,7.846367836,0.9790237575472541,,,0.0,0.0,0.0,1
local,2,30,interleaved,rx,backward,24,heterogeneous-2,t64r4m2/compact/10;t64r4m2/fixed/5;t64r4m2/fixed/5;t64r4m2/pairs/4,t64r4m1/compact/10;t64r4m1/fixed/5;t64r4m1/fixed/5;t64r4m1/pairs/4,phase-3-m16,3,16,,t64r4m1/compact/10;t64r4m1/fixed/5;t64r4m1/fixed/5;t64r4m16/pairs/4,7.917841911,7.726288319,0.975807348245501,,,0.0,0.0,0.0,1
local,2,30,interleaved,rx,backward,24,heterogeneous-2,t64r4m2/compact/10;t64r4m2/fixed/5;t64r4m2/fixed/5;t64r4m2/pairs/4,t64r4m1/compact/10;t64r4m1/fixed/5;t64r4m1/fixed/5;t64r4m1/pairs/4,phase-3-m8,3,8,,t64r4m1/compact/10;t64r4m1/fixed/5;t64r4m1/fixed/5;t64r4m8/pairs/4,7.959006786,7.819310665,0.9824480459991908,,,0.0,0.0,0.0,1
local,2,30,interleaved,rx,backward,24,heterogeneous-2,t64r4m2/compact/10;t64r4m2/fixed/5;t64r4m2/fixed/5;t64r4m2/pairs/4,t64r4m1/compact/10;t64r4m1/fixed/5;t64r4m1/fixed/5;t64r4m1/pairs/4,phase-3-m2,3,2,,t64r4m1/compact/10;t64r4m1/fixed/5;t64r4m1/fixed/5;t64r4m2/pairs/4,8.008262634,8.056696892,1.0060480356618635,,,0.0,0.0,0.0,1
local,2,30,interleaved,rx,backward,24,heterogeneous-2,t64r4m2/compact/10;t64r4m2/fixed/5;t64r4m2/fixed/5;t64r4m2/pairs/4,t64r4m1/compact/10;t64r4m1/fixed/5;t64r4m1/fixed/5;t64r4m1/pairs/4,phase-0-m16,0,16,,t64r4m16/compact/10;t64r4m1/fixed/5;t64r4m1/fixed/5;t64r4m1/pairs/4,7.759032726,7.855031967,1.0123725784372983,,,0.0,0.0,0.0,1
local,2,30,interleaved,rx,backward,24,heterogeneous-2,t64r4m2/compact/10;t64r4m2/fixed/5;t64r4m2/fixed/5;t64r4m2/pairs/4,t64r4m1/compact/10;t64r4m1/fixed/5;t64r4m1/fixed/5;t64r4m1/pairs/4,phase-1-m4,1,4,,t64r4m1/compact/10;t64r4m4/fixed/5;t64r4m1/fixed/5;t64r4m1/pairs/4,7.861782551,7.896482468,1.004413746726636,,,0.0,0.0,0.0,1
local,2,30,interleaved,rx,backward,24,heterogeneous-2,t64r4m2/compact/10;t64r4m2/fixed/5;t64r4m2/fixed/5;t64r4m2/pairs/4,t64r4m1/compact/10;t64r4m1/fixed/5;t64r4m1/fixed/5;t64r4m1/pairs/4,phase-1-m16,1,16,,t64r4m1/compact/10;t64r4m16/fixed/5;t64r4m1/fixed/5;t64r4m1/pairs/4,7.874615669,7.907515526,1.004177963520114,,,0.0,0.0,0.0,1
local,2,30,interleaved,rx,backward,24,heterogeneous-2,t64r4m2/compact/10;t64r4m2/fixed/5;t64r4m2/fixed/5;t64r4m2/pairs/4,t64r4m1/compact/10;t64r4m1/fixed/5;t64r4m1/fixed/5;t64r4m1/pairs/4,phase-0-m2,0,2,,t64r4m2/compact/10;t64r4m1/fixed/5;t64r4m1/fixed/5;t64r4m1/pairs/4,7.823007584,7.915097237,1.01177164306837,,,0.0,0.0,0.0,1
combined,0,30,interleaved,rx,backward,24,heterogeneous-2,t64r4m2/compact/10;t64r4m2/fixed/5;t64r4m2/fixed/5;t64r4m2/pairs/4,t64r4m1/compact/10;t64r4m1/fixed/5;t64r4m1/fixed/5;t64r4m1/pairs/4,independent-combined,-1,-1,phase-0=m16(1.0117x);phase-2=m8(1.0235x),t64r4m16/compact/10;t64r4m1/fixed/5;t64r4m8/fixed/5;t64r4m1/pairs/4,7.865586758,7.841686726,0.9969614432164655,7.578931331500001,1.0360895198856308,0.0,0.0,0.0,1
combined,0,6,interleaved,ry,forward,28,uniform,t64r4m2/compact/10;t64r4m2/compact/10;t64r4m2/compact/8,t64r4m1/compact/10;t64r4m1/compact/10;t64r4m1/compact/8,independent-combined,-1,-1,phase-1=m8(1.0530x);phase-2=m4(1.0713x),t64r4m1/compact/10;t64r4m8/compact/10;t64r4m4/compact/8,53.359951019,60.653381348,1.1366836023969178,52.156307221000006,1.1334986241931737,0.0,0.0,0.0,1
combined,0,6,interleaved,rx,forward,28,heterogeneous-1,t32r4m1/compact/9;t32r4m1/compact/9;t64r4m2/compact/10,t32r4m1/compact/9;t32r4m1/compact/9;t64r4m1/compact/10,independent-combined,-1,-1,phase-2=m8(1.0678x),t32r4m1/compact/9;t32r4m1/compact/9;t64r4m8/compact/10,55.944782257,58.855636597,1.052030845819152,55.094835281,1.068847200171376,0.0,0.0,0.0,1
combined,0,6,interleaved,rx,backward,28,uniform,t64r4m2/compact/10;t64r4m2/compact/10;t64r4m2/compact/8,t64r4m1/compact/10;t64r4m1/compact/10;t64r4m1/compact/8,independent-combined,-1,-1,phase-1=m4(1.0354x);phase-2=m16(1.0527x),t64r4m1/compact/10;t64r4m4/compact/10;t64r4m16/compact/8,147.985290527,159.874542236,1.0803407667522928,146.59811401349998,1.092313530723552,0.0,0.0,0.0,1
combined,0,30,interleaved,ry,backward,24,heterogeneous-2,t64r4m1/compact/10;t64r4m1/fixed/5;t64r4m2/fixed/5;t64r4m1/pairs/4,t64r4m1/compact/10;t64r4m1/fixed/5;t64r4m1/fixed/5;t64r4m1/pairs/4,independent-combined,-1,-1,phase-2=m16(1.0123x);phase-3=m4(1.0231x),t64r4m1/compact/10;t64r4m1/fixed/5;t64r4m16/fixed/5;t64r4m4/pairs/4,8.275774002,8.062082291,0.9741786434781378,7.8651566514999995,1.036245571020589,0.0,0.0,0.0,1
combined,0,30,interleaved,rx,forward,24,heterogeneous-3,t64r4m2/compact/10;t64r4m2/fixed/5;t32r4m1/compact/9,t64r4m1/compact/10;t64r4m1/fixed/5;t32r4m1/compact/9,independent-combined,-1,-1,phase-0=m16(1.0300x);phase-1=m2(1.0194x),t64r4m16/compact/10;t64r4m2/fixed/5;t32r4m1/compact/9,3.050466776,2.874833345,0.9424240800188934,2.8442655810000006,1.050731389840631,0.0,0.0,0.0,1
combined,0,6,interleaved,ry,backward,28,uniform,t64r4m2/compact/10;t64r4m2/fixed/5;t64r4m2/fixed/5;t64r4m2/fixed/5;t64r4m2/fixed/3,t64r4m1/compact/10;t64r4m1/fixed/5;t64r4m1/fixed/5;t64r4m1/fixed/5;t64r4m1/fixed/3,independent-combined,-1,-1,phase-2=m2(1.0104x),t64r4m1/compact/10;t64r4m1/fixed/5;t64r4m2/fixed/5;t64r4m1/fixed/5;t64r4m1/fixed/3,156.007156372,156.840988159,1.0053448303679848,155.17814636250003,1.010491894839346,0.0,0.0,0.0,1
combined,0,30,interleaved,ry,forward,24,uniform,t32r4m1/compact/9;t32r4m1/compact/9;t32r4m1/compact/6,t32r4m1/compact/9;t32r4m1/compact/9;t32r4m1/compact/6,independent-combined,-1,-1,none,t32r4m1/compact/9;t32r4m1/compact/9;t32r4m1/compact/6,3.01666975,2.93392849,0.9725719860452076,2.93392849,1.0,0.0,0.0,0.0,1
combined,1,30,interleaved,rx,backward,24,heterogeneous-2,t64r4m2/compact/10;t64r4m2/fixed/5;t64r4m2/fixed/5;t64r4m2/pairs/4,t64r4m1/compact/10;t64r4m1/fixed/5;t64r4m1/fixed/5;t64r4m1/pairs/4,independent-combined,-1,-1,phase-0=m16(1.0117x);phase-2=m8(1.0235x),t64r4m16/compact/10;t64r4m1/fixed/5;t64r4m8/fixed/5;t64r4m1/pairs/4,7.863266468,7.838280201,0.9968224061715723,7.578931331500001,1.0360895198856308,0.0,0.0,0.0,1
combined,1,6,interleaved,rx,forward,28,heterogeneous-1,t32r4m1/compact/9;t32r4m1/compact/9;t64r4m2/compact/10,t32r4m1/compact/9;t32r4m1/compact/9;t64r4m1/compact/10,independent-combined,-1,-1,phase-2=m8(1.0678x),t32r4m1/compact/9;t32r4m1/compact/9;t64r4m8/compact/10,56.294734955,58.577098846,1.0405431146060895,55.094835281,1.068847200171376,0.0,0.0,0.0,1
combined,1,6,interleaved,ry,backward,28,uniform,t64r4m2/compact/10;t64r4m2/fixed/5;t64r4m2/fixed/5;t64r4m2/fixed/5;t64r4m2/fixed/3,t64r4m1/compact/10;t64r4m1/fixed/5;t64r4m1/fixed/5;t64r4m1/fixed/5;t64r4m1/fixed/3,independent-combined,-1,-1,phase-2=m2(1.0104x),t64r4m1/compact/10;t64r4m1/fixed/5;t64r4m2/fixed/5;t64r4m1/fixed/5;t64r4m1/fixed/3,156.559524536,156.260009766,0.9980868952503038,155.17814636250003,1.010491894839346,0.0,0.0,0.0,1
combined,1,6,interleaved,rx,backward,28,uniform,t64r4m2/compact/10;t64r4m2/compact/10;t64r4m2/compact/8,t64r4m1/compact/10;t64r4m1/compact/10;t64r4m1/compact/8,independent-combined,-1,-1,phase-1=m4(1.0354x);phase-2=m16(1.0527x),t64r4m1/compact/10;t64r4m4/compact/10;t64r4m16/compact/8,147.725158691,161.341598511,1.0921741424457145,146.59811401349998,1.092313530723552,0.0,0.0,0.0,1
combined,1,30,interleaved,rx,forward,24,heterogeneous-3,t64r4m2/compact/10;t64r4m2/fixed/5;t32r4m1/compact/9,t64r4m1/compact/10;t64r4m1/fixed/5;t32r4m1/compact/9,independent-combined,-1,-1,phase-0=m16(1.0300x);phase-1=m2(1.0194x),t64r4m16/compact/10;t64r4m2/fixed/5;t32r4m1/compact/9,3.027374029,2.90631175,0.9600107955474568,2.8442655810000006,1.050731389840631,0.0,0.0,0.0,1
combined,1,30,interleaved,ry,backward,24,heterogeneous-2,t64r4m1/compact/10;t64r4m1/fixed/5;t64r4m2/fixed/5;t64r4m1/pairs/4,t64r4m1/compact/10;t64r4m1/fixed/5;t64r4m1/fixed/5;t64r4m1/pairs/4,independent-combined,-1,-1,phase-2=m16(1.0123x);phase-3=m4(1.0231x),t64r4m1/compact/10;t64r4m1/fixed/5;t64r4m16/fixed/5;t64r4m4/pairs/4,8.244566917,8.025315285,0.9734065313306013,7.8651566514999995,1.036245571020589,0.0,0.0,0.0,1
combined,1,30,interleaved,ry,forward,24,uniform,t32r4m1/compact/9;t32r4m1/compact/9;t32r4m1/compact/6,t32r4m1/compact/9;t32r4m1/compact/9;t32r4m1/compact/6,independent-combined,-1,-1,none,t32r4m1/compact/9;t32r4m1/compact/9;t32r4m1/compact/6,2.959142208,3.003294945,1.0149207891667504,3.003294945,1.0,0.0,0.0,0.0,1
combined,1,6,interleaved,ry,forward,28,uniform,t64r4m2/compact/10;t64r4m2/compact/10;t64r4m2/compact/8,t64r4m1/compact/10;t64r4m1/compact/10;t64r4m1/compact/8,independent-combined,-1,-1,phase-1=m8(1.0530x);phase-2=m4(1.0713x),t64r4m1/compact/10;t64r4m8/compact/10;t64r4m4/compact/8,52.561695099,60.26292038,1.146517825699775,52.156307221000006,1.1334986241931737,0.0,0.0,0.0,1
combined,2,30,interleaved,ry,backward,24,heterogeneous-2,t64r4m1/compact/10;t64r4m1/fixed/5;t64r4m2/fixed/5;t64r4m1/pairs/4,t64r4m1/compact/10;t64r4m1/fixed/5;t64r4m1/fixed/5;t64r4m1/pairs/4,independent-combined,-1,-1,phase-2=m16(1.0123x);phase-3=m4(1.0231x),t64r4m1/compact/10;t64r4m1/fixed/5;t64r4m16/fixed/5;t64r4m4/pairs/4,8.249451637,7.975181103,0.9667528769100413,7.8651566514999995,1.036245571020589,0.0,0.0,0.0,1
combined,2,30,interleaved,rx,backward,24,heterogeneous-2,t64r4m2/compact/10;t64r4m2/fixed/5;t64r4m2/fixed/5;t64r4m2/pairs/4,t64r4m1/compact/10;t64r4m1/fixed/5;t64r4m1/fixed/5;t64r4m1/pairs/4,independent-combined,-1,-1,phase-0=m16(1.0117x);phase-2=m8(1.0235x),t64r4m16/compact/10;t64r4m1/fixed/5;t64r4m8/fixed/5;t64r4m1/pairs/4,7.89996624,7.858132362,0.9947045497753925,7.578931331500001,1.0360895198856308,0.0,0.0,0.0,1
combined,2,6,interleaved,rx,backward,28,uniform,t64r4m2/compact/10;t64r4m2/compact/10;t64r4m2/compact/8,t64r4m1/compact/10;t64r4m1/compact/10;t64r4m1/compact/8,independent-combined,-1,-1,phase-1=m4(1.0354x);phase-2=m16(1.0527x),t64r4m1/compact/10;t64r4m4/compact/10;t64r4m16/compact/8,148.408630371,160.826019287,1.0836702615269636,146.59811401349998,1.092313530723552,0.0,0.0,0.0,1
combined,2,6,interleaved,ry,backward,28,uniform,t64r4m2/compact/10;t64r4m2/fixed/5;t64r4m2/fixed/5;t64r4m2/fixed/5;t64r4m2/fixed/3,t64r4m1/compact/10;t64r4m1/fixed/5;t64r4m1/fixed/5;t64r4m1/fixed/5;t64r4m1/fixed/3,independent-combined,-1,-1,phase-2=m2(1.0104x),t64r4m1/compact/10;t64r4m1/fixed/5;t64r4m2/fixed/5;t64r4m1/fixed/5;t64r4m1/fixed/3,156.904129028,156.482391357,0.9973121314677147,155.17814636250003,1.010491894839346,0.0,0.0,0.0,1
combined,2,6,interleaved,rx,forward,28,heterogeneous-1,t32r4m1/compact/9;t32r4m1/compact/9;t64r4m2/compact/10,t32r4m1/compact/9;t32r4m1/compact/9;t64r4m1/compact/10,independent-combined,-1,-1,phase-2=m8(1.0678x),t32r4m1/compact/9;t32r4m1/compact/9;t64r4m8/compact/10,55.609191895,59.311946869,1.066585304476128,55.094835281,1.068847200171376,0.0,0.0,0.0,1
combined,2,6,interleaved,ry,forward,28,uniform,t64r4m2/compact/10;t64r4m2/compact/10;t64r4m2/compact/8,t64r4m1/compact/10;t64r4m1/compact/10;t64r4m1/compact/8,independent-combined,-1,-1,phase-1=m8(1.0530x);phase-2=m4(1.0713x),t64r4m1/compact/10;t64r4m8/compact/10;t64r4m4/compact/8,52.991832733,59.391448975,1.120766086242847,52.156307221000006,1.1334986241931737,0.0,0.0,0.0,1
combined,2,30,interleaved,ry,forward,24,uniform,t32r4m1/compact/9;t32r4m1/compact/9;t32r4m1/compact/6,t32r4m1/compact/9;t32r4m1/compact/9;t32r4m1/compact/6,independent-combined,-1,-1,none,t32r4m1/compact/9;t32r4m1/compact/9;t32r4m1/compact/6,2.953313351,3.09087348,1.0465782369329086,3.09087348,1.0,0.0,0.0,0.0,1
combined,2,30,interleaved,rx,forward,24,heterogeneous-3,t64r4m2/compact/10;t64r4m2/fixed/5;t32r4m1/compact/9,t64r4m1/compact/10;t64r4m1/fixed/5;t32r4m1/compact/9,independent-combined,-1,-1,phase-0=m16(1.0300x);phase-1=m2(1.0194x),t64r4m16/compact/10;t64r4m2/fixed/5;t32r4m1/compact/9,2.973847151,2.939219475,0.9883559328231256,2.8442655810000006,1.050731389840631,0.0,0.0,0.0,1
