experiment,variant,repetition,gate,layout,direction,qubits,threads,register_amplitudes,tile_bits,phase_count,gate_count,registers_per_thread,static_shared_bytes,dynamic_shared_bytes,active_cta_per_sm,average_ms,ms_per_gate,mailbox_bytes,mailbox_chunks,scalar_mailbox,persistent,legacy_reduction
shared-removal,128x4-full,0,ry,full-fixed,forward,20,128,4,9,4,20,64,16,8192,8,0.287914664,0.014395733,8192,1,0,1,1
shared-removal,128x4-full,0,ry,full-fixed,backward,20,128,4,9,4,20,80,9232,0,6,0.483532816,0.024176641,8192,1,0,1,1
shared-removal,128x4-full,0,rx,full-fixed,forward,24,128,4,9,5,24,55,16,8192,9,4.780168533,0.199173689,8192,1,0,1,1
shared-removal,128x4-full,0,rx,full-fixed,backward,24,128,4,9,5,24,74,9232,0,6,10.671649933,0.444652081,8192,1,0,1,1
shared-removal,128x4-full,0,ry,full-fixed,forward,24,128,4,9,5,24,64,16,8192,8,4.764910698,0.198537946,8192,1,0,1,1
shared-removal,128x4-full,0,ry,full-fixed,backward,24,128,4,9,5,24,80,9232,0,6,11.284379005,0.470182459,8192,1,0,1,1
shared-removal,32x4-no-mailbox,0,ry,full-fixed,forward,20,32,4,7,8,20,62,8,0,24,0.271693856,0.013584693,0,1,0,1,1
shared-removal,32x4-no-mailbox,0,ry,full-fixed,backward,20,32,4,7,8,20,72,264,0,24,0.595592558,0.029779628,0,1,0,1,1
shared-removal,32x4-no-mailbox,0,rx,full-fixed,forward,24,32,4,7,10,24,52,8,0,24,8.304639816,0.346026659,0,1,0,1,1
shared-removal,32x4-no-mailbox,0,rx,full-fixed,backward,24,32,4,7,10,24,72,264,0,24,16.560333252,0.690013885,0,1,0,1,1
shared-removal,32x4-no-mailbox,0,ry,full-fixed,forward,24,32,4,7,10,24,62,8,0,24,8.199885368,0.341661890,0,1,0,1,1
shared-removal,32x4-no-mailbox,0,ry,full-fixed,backward,24,32,4,7,10,24,72,264,0,24,16.523059845,0.688460827,0,1,0,1,1
shared-removal,32x16-no-mailbox,0,ry,full-fixed,forward,20,32,16,9,4,20,118,8,0,16,0.201250136,0.010062507,0,1,0,1,1
shared-removal,32x16-no-mailbox,0,ry,full-fixed,backward,20,32,16,9,4,20,172,264,0,8,0.498961061,0.024948053,0,1,0,1,1
shared-removal,32x16-no-mailbox,0,rx,full-fixed,forward,24,32,16,9,5,24,114,8,0,16,4.362315655,0.181763152,0,1,0,1,1
shared-removal,32x16-no-mailbox,0,rx,full-fixed,backward,24,32,16,9,5,24,170,264,0,8,9.362592697,0.390108029,0,1,0,1,1
shared-removal,32x16-no-mailbox,0,ry,full-fixed,forward,24,32,16,9,5,24,118,8,0,16,4.378521919,0.182438413,0,1,0,1,1
shared-removal,32x16-no-mailbox,0,ry,full-fixed,backward,24,32,16,9,5,24,172,264,0,8,9.543987274,0.397666136,0,1,0,1,1
mailbox-capacity,64x16-full,0,rx,full-fixed,forward,24,64,16,10,4,24,116,16,16384,5,3.884578228,0.161857426,16384,1,0,1,1
mailbox-capacity,64x16-full,0,rx,full-fixed,backward,24,64,16,10,4,24,172,16912,0,4,8.181862831,0.340910951,16384,1,0,1,1
mailbox-capacity,64x16-full,0,ry,full-fixed,forward,24,64,16,10,4,24,152,16,16384,5,3.947622538,0.164484272,16384,1,0,1,1
mailbox-capacity,64x16-full,0,ry,full-fixed,backward,24,64,16,10,4,24,255,16912,0,4,8.762503624,0.365104318,16384,1,0,1,1
mailbox-capacity,64x16-half,0,rx,full-fixed,forward,24,64,16,10,4,24,116,16,8192,8,3.863210440,0.160967102,8192,2,0,1,1
mailbox-capacity,64x16-half,0,rx,full-fixed,backward,24,64,16,10,4,24,172,8720,0,4,8.247910500,0.343662937,8192,2,0,1,1
mailbox-capacity,64x16-half,0,ry,full-fixed,forward,24,64,16,10,4,24,122,16,8192,8,3.798835278,0.158284803,8192,2,0,1,1
mailbox-capacity,64x16-half,0,ry,full-fixed,backward,24,64,16,10,4,24,255,8720,0,4,8.804522514,0.366855105,8192,2,0,1,1
mailbox-capacity,64x16-quarter,0,rx,full-fixed,forward,24,64,16,10,4,24,116,16,4096,8,3.884475708,0.161853155,4096,4,0,1,1
mailbox-capacity,64x16-quarter,0,rx,full-fixed,backward,24,64,16,10,4,24,172,4624,0,4,8.227191925,0.342799664,4096,4,0,1,1
mailbox-capacity,64x16-quarter,0,ry,full-fixed,forward,24,64,16,10,4,24,120,16,4096,8,3.841365337,0.160056889,4096,4,0,1,1
mailbox-capacity,64x16-quarter,0,ry,full-fixed,backward,24,64,16,10,4,24,255,4624,0,4,8.883234024,0.370134751,4096,4,0,1,1
mailbox-capacity,64x16-scalar-ry,0,ry,full-fixed,forward,24,64,16,10,4,24,120,16,8192,8,3.807635307,0.158651471,8192,1,1,1,1
mailbox-capacity,64x16-scalar-ry,0,ry,full-fixed,backward,24,64,16,10,4,24,255,8720,0,4,9.049534798,0.377063950,8192,1,1,1,1
mailbox-capacity,64x32-full,0,rx,full-fixed,forward,24,64,32,11,4,24,206,16,32768,3,4.043468952,0.168477873,32768,1,0,1,1
mailbox-capacity,64x32-full,0,rx,full-fixed,backward,24,64,32,11,4,24,255,33296,0,2,11.514742851,0.479780952,32768,1,0,1,1
mailbox-capacity,64x32-full,0,ry,full-fixed,forward,24,64,32,11,4,24,218,16,32768,3,3.949260712,0.164552530,32768,1,0,1,1
mailbox-capacity,64x32-full,0,ry,full-fixed,backward,24,64,32,11,4,24,255,33296,0,2,11.465600014,0.477733334,32768,1,0,1,1
mailbox-capacity,64x32-half,0,rx,full-fixed,forward,24,64,32,11,4,24,206,16,16384,4,3.938713551,0.164113065,16384,2,0,1,1
mailbox-capacity,64x32-half,0,rx,full-fixed,backward,24,64,32,11,4,24,255,16912,0,4,10.947072029,0.456128001,16384,2,0,1,1
mailbox-capacity,64x32-half,0,ry,full-fixed,forward,24,64,32,11,4,24,222,16,16384,4,3.867921114,0.161163380,16384,2,0,1,1
mailbox-capacity,64x32-half,0,ry,full-fixed,backward,24,64,32,11,4,24,255,16912,0,4,10.625432968,0.442726374,16384,2,0,1,1
mailbox-capacity,64x32-quarter,0,rx,full-fixed,forward,24,64,32,11,4,24,206,16,8192,4,3.879048347,0.161627014,8192,4,0,1,1
mailbox-capacity,64x32-quarter,0,rx,full-fixed,backward,24,64,32,11,4,24,255,8720,0,4,10.770808220,0.448783676,8192,4,0,1,1
mailbox-capacity,64x32-quarter,0,ry,full-fixed,forward,24,64,32,11,4,24,216,16,8192,4,3.826817036,0.159450710,8192,4,0,1,1
mailbox-capacity,64x32-quarter,0,ry,full-fixed,backward,24,64,32,11,4,24,255,8720,0,4,10.396842003,0.433201750,8192,4,0,1,1
mailbox-capacity,64x32-scalar-ry,0,ry,full-fixed,forward,24,64,32,11,4,24,218,16,16384,4,3.815150976,0.158964624,16384,1,1,1,1
mailbox-capacity,64x32-scalar-ry,0,ry,full-fixed,backward,24,64,32,11,4,24,255,16912,0,4,10.749781609,0.447907567,16384,1,1,1,1
warp-continuity,128x4-full,0,ry,full-fixed,forward,20,128,4,9,4,20,64,16,8192,8,0.246229336,0.012311467,8192,1,0,1,1
warp-continuity,128x4-full,0,ry,full-fixed,backward,20,128,4,9,4,20,80,9232,0,6,0.551933885,0.027596694,8192,1,0,1,1
warp-continuity,128x4-full,0,ry,full-pairs,forward,20,128,4,9,5,20,64,16,8192,8,0.269721597,0.013486080,8192,1,0,1,1
warp-continuity,128x4-full,0,ry,full-pairs,backward,20,128,4,9,5,20,80,9232,0,6,0.571392000,0.028569600,8192,1,0,1,1
warp-continuity,128x4-full,0,ry,full-fixed,forward,24,128,4,9,5,24,64,16,8192,8,4.829525471,0.201230228,8192,1,0,1,1
warp-continuity,128x4-full,0,ry,full-fixed,backward,24,128,4,9,5,24,80,9232,0,6,11.177983284,0.465749303,8192,1,0,1,1
warp-continuity,128x4-full,0,ry,full-pairs,forward,24,128,4,9,6,24,64,16,8192,8,5.736891747,0.239037156,8192,1,0,1,1
warp-continuity,128x4-full,0,ry,full-pairs,backward,24,128,4,9,6,24,80,9232,0,6,12.365585327,0.515232722,8192,1,0,1,1
warp-continuity,128x4-full,0,ry,full-fixed,forward,26,128,4,9,6,26,64,16,8192,8,23.003301620,0.884742370,8192,1,0,1,1
warp-continuity,128x4-full,0,ry,full-fixed,backward,26,128,4,9,6,26,80,9232,0,6,51.836589813,1.993714993,8192,1,0,1,1
warp-continuity,128x4-full,0,ry,full-pairs,forward,26,128,4,9,7,26,64,16,8192,8,26.018199921,1.000699997,8192,1,0,1,1
warp-continuity,128x4-full,0,ry,full-pairs,backward,26,128,4,9,7,26,80,9232,0,6,55.324333191,2.127858969,8192,1,0,1,1
warp-continuity,128x4-full,0,rx,full-fixed,forward,24,128,4,9,5,24,55,16,8192,9,4.836085320,0.201503555,8192,1,0,1,1
warp-continuity,128x4-full,0,rx,full-fixed,backward,24,128,4,9,5,24,74,9232,0,6,10.686433792,0.445268075,8192,1,0,1,1
warp-continuity,128x4-full,0,rx,full-pairs,forward,24,128,4,9,6,24,55,16,8192,9,5.496559143,0.229023298,8192,1,0,1,1
warp-continuity,128x4-full,0,rx,full-pairs,backward,24,128,4,9,6,24,74,9232,0,6,12.057839394,0.502409975,8192,1,0,1,1
warp-continuity,64x16-full,0,ry,full-fixed,forward,20,64,16,10,3,20,152,16,16384,5,0.217897609,0.010894880,16384,1,0,1,1
warp-continuity,64x16-full,0,ry,full-fixed,backward,20,64,16,10,3,20,255,16912,0,4,0.462133348,0.023106667,16384,1,0,1,1
warp-continuity,64x16-full,0,ry,full-pairs,forward,20,64,16,10,4,20,152,16,16384,5,0.266854405,0.013342720,16384,1,0,1,1
warp-continuity,64x16-full,0,ry,full-pairs,backward,20,64,16,10,4,20,255,16912,0,4,0.514488518,0.025724426,16384,1,0,1,1
warp-continuity,64x16-full,0,ry,full-fixed,forward,24,64,16,10,4,24,152,16,16384,5,3.950762749,0.164615115,16384,1,0,1,1
warp-continuity,64x16-full,0,ry,full-fixed,backward,24,64,16,10,4,24,255,16912,0,4,8.851660728,0.368819197,16384,1,0,1,1
warp-continuity,64x16-full,0,ry,full-pairs,forward,24,64,16,10,5,24,152,16,16384,5,4.757060051,0.198210835,16384,1,0,1,1
warp-continuity,64x16-full,0,ry,full-pairs,backward,24,64,16,10,5,24,255,16912,0,4,10.072644234,0.419693510,16384,1,0,1,1
warp-continuity,64x16-full,0,ry,full-fixed,forward,26,64,16,10,5,26,152,16,16384,5,18.948539734,0.728789990,16384,1,0,1,1
warp-continuity,64x16-full,0,ry,full-fixed,backward,26,64,16,10,5,26,255,16912,0,4,40.956348419,1.575244170,16384,1,0,1,1
warp-continuity,64x16-full,0,ry,full-pairs,forward,26,64,16,10,5,26,152,16,16384,5,18.703983307,0.719383973,16384,1,0,1,1
warp-continuity,64x16-full,0,ry,full-pairs,backward,26,64,16,10,5,26,255,16912,0,4,39.618419647,1.523785371,16384,1,0,1,1
warp-continuity,64x16-full,0,rx,full-fixed,forward,24,64,16,10,4,24,116,16,16384,5,3.904682636,0.162695110,16384,1,0,1,1
warp-continuity,64x16-full,0,rx,full-fixed,backward,24,64,16,10,4,24,172,16912,0,4,8.184115410,0.341004809,16384,1,0,1,1
warp-continuity,64x16-full,0,rx,full-pairs,forward,24,64,16,10,5,24,116,16,16384,5,4.690746784,0.195447783,16384,1,0,1,1
warp-continuity,64x16-full,0,rx,full-pairs,backward,24,64,16,10,5,24,172,16912,0,4,9.588018417,0.399500767,16384,1,0,1,1
persistent,128x4-full,0,ry,full,forward,12,128,4,9,2,12,64,16,8192,8,0.015734401,0.001311200,8192,1,0,1,1
persistent,128x4-full,0,ry,full,backward,12,128,4,9,2,12,80,9232,0,6,0.032665599,0.002722133,8192,1,0,1,1
persistent,128x4-full,0,ry,full-fixed,forward,12,128,4,9,2,12,64,16,8192,8,0.015564800,0.001297067,8192,1,0,1,1
persistent,128x4-full,0,ry,full-fixed,backward,12,128,4,9,2,12,80,9232,0,6,0.031982932,0.002665244,8192,1,0,1,1
persistent,128x4-full,0,ry,full,forward,20,128,4,9,3,20,64,16,8192,8,0.211210668,0.010560533,8192,1,0,1,1
persistent,128x4-full,0,ry,full,backward,20,128,4,9,3,20,80,9232,0,6,0.547566950,0.027378348,8192,1,0,1,1
persistent,128x4-full,0,ry,full-fixed,forward,20,128,4,9,4,20,64,16,8192,8,0.259142399,0.012957120,8192,1,0,1,1
persistent,128x4-full,0,ry,full-fixed,backward,20,128,4,9,4,20,80,9232,0,6,0.557711959,0.027885598,8192,1,0,1,1
persistent,128x4-full,0,ry,full,forward,24,128,4,9,3,24,64,16,8192,8,4.588509560,0.191187898,8192,1,0,1,1
persistent,128x4-full,0,ry,full,backward,24,128,4,9,3,24,80,9232,0,6,11.691783905,0.487157663,8192,1,0,1,1
persistent,128x4-full,0,ry,full-fixed,forward,24,128,4,9,5,24,64,16,8192,8,4.797171116,0.199882130,8192,1,0,1,1
persistent,128x4-full,0,ry,full-fixed,backward,24,128,4,9,5,24,80,9232,0,6,11.207073212,0.466961384,8192,1,0,1,1
persistent,128x4-full,0,rx,full,forward,24,128,4,9,3,24,55,16,8192,9,4.608990192,0.192041258,8192,1,0,1,1
persistent,128x4-full,0,rx,full,backward,24,128,4,9,3,24,74,9232,0,6,11.283011436,0.470125477,8192,1,0,1,1
persistent,128x4-full,0,rx,full-fixed,forward,24,128,4,9,5,24,55,16,8192,9,4.821230888,0.200884620,8192,1,0,1,1
persistent,128x4-full,0,rx,full-fixed,backward,24,128,4,9,5,24,74,9232,0,6,10.720252037,0.446677168,8192,1,0,1,1
persistent,128x4-nonpersistent,0,ry,full,forward,12,128,4,9,2,12,64,16,8192,8,0.014506667,0.001208889,8192,1,0,0,1
persistent,128x4-nonpersistent,0,ry,full,backward,12,128,4,9,2,12,76,9232,0,6,0.030856533,0.002571378,8192,1,0,0,1
persistent,128x4-nonpersistent,0,ry,full-fixed,forward,12,128,4,9,2,12,64,16,8192,8,0.014363733,0.001196978,8192,1,0,0,1
persistent,128x4-nonpersistent,0,ry,full-fixed,backward,12,128,4,9,2,12,76,9232,0,6,0.030404266,0.002533689,8192,1,0,0,1
persistent,128x4-nonpersistent,0,ry,full,forward,20,128,4,9,3,20,64,16,8192,8,0.152405322,0.007620266,8192,1,0,0,1
persistent,128x4-nonpersistent,0,ry,full,backward,20,128,4,9,3,20,76,9232,0,6,0.540910900,0.027045545,8192,1,0,0,1
persistent,128x4-nonpersistent,0,ry,full-fixed,forward,20,128,4,9,4,20,64,16,8192,8,0.172475740,0.008623787,8192,1,0,0,1
persistent,128x4-nonpersistent,0,ry,full-fixed,backward,20,128,4,9,4,20,76,9232,0,6,0.527667224,0.026383361,8192,1,0,0,1
persistent,128x4-nonpersistent,0,ry,full,forward,24,128,4,9,3,24,64,16,8192,8,2.959393978,0.123308082,8192,1,0,0,1
persistent,128x4-nonpersistent,0,ry,full,backward,24,128,4,9,3,24,76,9232,0,6,9.428445816,0.392851909,8192,1,0,0,1
persistent,128x4-nonpersistent,0,ry,full-fixed,forward,24,128,4,9,5,24,64,16,8192,8,4.035618305,0.168150763,8192,1,0,0,1
persistent,128x4-nonpersistent,0,ry,full-fixed,backward,24,128,4,9,5,24,76,9232,0,6,9.626179695,0.401090821,8192,1,0,0,1
persistent,128x4-nonpersistent,0,rx,full,forward,24,128,4,9,3,24,46,16,8192,10,3.138686895,0.130778621,8192,1,0,0,1
persistent,128x4-nonpersistent,0,rx,full,backward,24,128,4,9,3,24,68,9232,0,7,9.044377327,0.376849055,8192,1,0,0,1
persistent,128x4-nonpersistent,0,rx,full-fixed,forward,24,128,4,9,5,24,46,16,8192,10,4.136652946,0.172360539,8192,1,0,0,1
persistent,128x4-nonpersistent,0,rx,full-fixed,backward,24,128,4,9,5,24,68,9232,0,7,9.218935013,0.384122292,8192,1,0,0,1
reduction,128x4-full,0,rx,full-fixed,backward,20,128,4,9,4,20,74,9232,0,6,0.461516798,0.023075840,8192,1,0,1,1
reduction,128x4-full,0,ry,full-fixed,backward,20,128,4,9,4,20,80,9232,0,6,0.550434113,0.027521706,8192,1,0,1,1
reduction,128x4-full,0,rx,full-fixed,backward,24,128,4,9,5,24,74,9232,0,6,10.782651901,0.449277163,8192,1,0,1,1
reduction,128x4-full,0,ry,full-fixed,backward,24,128,4,9,5,24,80,9232,0,6,11.278472900,0.469936371,8192,1,0,1,1
reduction,128x4-hierarchical-reduction,0,rx,full-fixed,backward,20,128,4,9,4,20,72,9232,0,7,0.541422904,0.027071145,8192,1,0,1,0
reduction,128x4-hierarchical-reduction,0,ry,full-fixed,backward,20,128,4,9,4,20,74,9232,0,6,0.590707183,0.029535359,8192,1,0,1,0
reduction,128x4-hierarchical-reduction,0,rx,full-fixed,backward,24,128,4,9,5,24,72,9232,0,7,10.914645195,0.454776883,8192,1,0,1,0
reduction,128x4-hierarchical-reduction,0,ry,full-fixed,backward,24,128,4,9,5,24,74,9232,0,6,11.402479172,0.475103299,8192,1,0,1,0
reduction,64x16-full,0,rx,full-fixed,backward,20,64,16,10,3,20,172,16912,0,4,0.488038421,0.024401921,16384,1,0,1,1
reduction,64x16-full,0,ry,full-fixed,backward,20,64,16,10,3,20,255,16912,0,4,0.496878952,0.024843948,16384,1,0,1,1
reduction,64x16-full,0,rx,full-fixed,backward,24,64,16,10,4,24,172,16912,0,4,8.187903404,0.341162642,16384,1,0,1,1
reduction,64x16-full,0,ry,full-fixed,backward,24,64,16,10,4,24,255,16912,0,4,8.821350098,0.367556254,16384,1,0,1,1
reduction,64x16-hierarchical-reduction,0,rx,full-fixed,backward,20,64,16,10,3,20,174,16912,0,4,0.500793576,0.025039679,16384,1,0,1,0
reduction,64x16-hierarchical-reduction,0,ry,full-fixed,backward,20,64,16,10,3,20,255,16912,0,4,0.487560540,0.024378027,16384,1,0,1,0
reduction,64x16-hierarchical-reduction,0,rx,full-fixed,backward,24,64,16,10,4,24,174,16912,0,4,8.300475121,0.345853130,16384,1,0,1,0
reduction,64x16-hierarchical-reduction,0,ry,full-fixed,backward,24,64,16,10,4,24,255,16912,0,4,8.875078201,0.369794925,16384,1,0,1,0
shared-removal,128x4-full,1,ry,full-fixed,backward,20,128,4,9,4,20,80,9232,0,6,0.560263455,0.028013173,8192,1,0,1,1
shared-removal,128x4-full,1,rx,full-fixed,forward,24,128,4,9,5,24,55,16,8192,9,4.851984978,0.202166041,8192,1,0,1,1
shared-removal,128x4-full,1,rx,full-fixed,backward,24,128,4,9,5,24,74,9232,0,6,10.788590431,0.449524601,8192,1,0,1,1
shared-removal,128x4-full,1,ry,full-fixed,forward,24,128,4,9,5,24,64,16,8192,8,4.861470222,0.202561259,8192,1,0,1,1
shared-removal,128x4-full,1,ry,full-fixed,backward,24,128,4,9,5,24,80,9232,0,6,11.308237076,0.471176545,8192,1,0,1,1
shared-removal,32x4-no-mailbox,1,ry,full-fixed,forward,20,32,4,7,8,20,62,8,0,24,0.304571718,0.015228586,0,1,0,1,1
shared-removal,32x4-no-mailbox,1,ry,full-fixed,backward,20,32,4,7,8,20,72,264,0,24,0.631671488,0.031583574,0,1,0,1,1
shared-removal,32x4-no-mailbox,1,rx,full-fixed,forward,24,32,4,7,10,24,52,8,0,24,8.365942955,0.348580956,0,1,0,1,1
shared-removal,32x4-no-mailbox,1,rx,full-fixed,backward,24,32,4,7,10,24,72,264,0,24,16.659490585,0.694145441,0,1,0,1,1
shared-removal,32x4-no-mailbox,1,ry,full-fixed,forward,24,32,4,7,10,24,62,8,0,24,8.358297348,0.348262390,0,1,0,1,1
shared-removal,32x4-no-mailbox,1,ry,full-fixed,backward,24,32,4,7,10,24,72,264,0,24,16.840534210,0.701688925,0,1,0,1,1
shared-removal,32x16-no-mailbox,1,ry,full-fixed,forward,20,32,16,9,4,20,118,8,0,16,0.201214939,0.010060747,0,1,0,1,1
shared-removal,32x16-no-mailbox,1,ry,full-fixed,backward,20,32,16,9,4,20,172,264,0,8,0.529268265,0.026463413,0,1,0,1,1
shared-removal,32x16-no-mailbox,1,rx,full-fixed,forward,24,32,16,9,5,24,114,8,0,16,4.397362232,0.183223426,0,1,0,1,1
shared-removal,32x16-no-mailbox,1,rx,full-fixed,backward,24,32,16,9,5,24,170,264,0,8,9.399125099,0.391630212,0,1,0,1,1
shared-removal,32x16-no-mailbox,1,ry,full-fixed,forward,24,32,16,9,5,24,118,8,0,16,4.466824532,0.186117689,0,1,0,1,1
shared-removal,32x16-no-mailbox,1,ry,full-fixed,backward,24,32,16,9,5,24,172,264,0,8,9.680725098,0.403363546,0,1,0,1,1
mailbox-capacity,64x16-full,1,rx,full-fixed,forward,24,64,16,10,4,24,116,16,16384,5,3.917584896,0.163232704,16384,1,0,1,1
mailbox-capacity,64x16-full,1,rx,full-fixed,backward,24,64,16,10,4,24,172,16912,0,4,8.218352318,0.342431347,16384,1,0,1,1
mailbox-capacity,64x16-full,1,ry,full-fixed,forward,24,64,16,10,4,24,152,16,16384,5,3.914922476,0.163121770,16384,1,0,1,1
mailbox-capacity,64x16-full,1,ry,full-fixed,backward,24,64,16,10,4,24,255,16912,0,4,8.793805122,0.366408547,16384,1,0,1,1
mailbox-capacity,64x16-half,1,rx,full-fixed,forward,24,64,16,10,4,24,116,16,8192,8,3.873317242,0.161388218,8192,2,0,1,1
mailbox-capacity,64x16-half,1,rx,full-fixed,backward,24,64,16,10,4,24,172,8720,0,4,8.276923180,0.344871799,8192,2,0,1,1
mailbox-capacity,64x16-half,1,ry,full-fixed,forward,24,64,16,10,4,24,122,16,8192,8,3.804842710,0.158535113,8192,2,0,1,1
mailbox-capacity,64x16-half,1,ry,full-fixed,backward,24,64,16,10,4,24,255,8720,0,4,8.787899971,0.366162499,8192,2,0,1,1
mailbox-capacity,64x16-quarter,1,rx,full-fixed,forward,24,64,16,10,4,24,116,16,4096,8,3.857752562,0.160739690,4096,4,0,1,1
mailbox-capacity,64x16-quarter,1,rx,full-fixed,backward,24,64,16,10,4,24,172,4624,0,4,8.275456429,0.344810685,4096,4,0,1,1
mailbox-capacity,64x16-quarter,1,ry,full-fixed,forward,24,64,16,10,4,24,120,16,4096,8,3.767432690,0.156976362,4096,4,0,1,1
mailbox-capacity,64x16-quarter,1,ry,full-fixed,backward,24,64,16,10,4,24,255,4624,0,4,8.895965576,0.370665232,4096,4,0,1,1
mailbox-capacity,64x16-scalar-ry,1,ry,full-fixed,forward,24,64,16,10,4,24,120,16,8192,8,3.791086912,0.157961955,8192,1,1,1,1
mailbox-capacity,64x16-scalar-ry,1,ry,full-fixed,backward,24,64,16,10,4,24,255,8720,0,4,9.051952362,0.377164682,8192,1,1,1,1
mailbox-capacity,64x32-full,1,rx,full-fixed,forward,24,64,32,11,4,24,206,16,32768,3,4.033373833,0.168057243,32768,1,0,1,1
mailbox-capacity,64x32-full,1,rx,full-fixed,backward,24,64,32,11,4,24,255,33296,0,2,11.585903168,0.482745965,32768,1,0,1,1
mailbox-capacity,64x32-full,1,ry,full-fixed,forward,24,64,32,11,4,24,218,16,32768,3,3.992746830,0.166364451,32768,1,0,1,1
mailbox-capacity,64x32-full,1,ry,full-fixed,backward,24,64,32,11,4,24,255,33296,0,2,11.685073853,0.486878077,32768,1,0,1,1
mailbox-capacity,64x32-half,1,rx,full-fixed,forward,24,64,32,11,4,24,206,16,16384,4,3.966566563,0.165273607,16384,2,0,1,1
mailbox-capacity,64x32-half,1,rx,full-fixed,backward,24,64,32,11,4,24,255,16912,0,4,10.786440849,0.449435035,16384,2,0,1,1
mailbox-capacity,64x32-half,1,ry,full-fixed,forward,24,64,32,11,4,24,222,16,16384,4,3.850478888,0.160436620,16384,2,0,1,1
mailbox-capacity,64x32-half,1,ry,full-fixed,backward,24,64,32,11,4,24,255,16912,0,4,10.517846107,0.438243588,16384,2,0,1,1
mailbox-capacity,64x32-quarter,1,rx,full-fixed,forward,24,64,32,11,4,24,206,16,8192,4,3.957828283,0.164909512,8192,4,0,1,1
mailbox-capacity,64x32-quarter,1,rx,full-fixed,backward,24,64,32,11,4,24,255,8720,0,4,10.475247383,0.436468641,8192,4,0,1,1
mailbox-capacity,64x32-quarter,1,ry,full-fixed,forward,24,64,32,11,4,24,216,16,8192,4,3.859629869,0.160817911,8192,4,0,1,1
mailbox-capacity,64x32-quarter,1,ry,full-fixed,backward,24,64,32,11,4,24,255,8720,0,4,10.370119095,0.432088296,8192,4,0,1,1
mailbox-capacity,64x32-scalar-ry,1,ry,full-fixed,forward,24,64,32,11,4,24,218,16,16384,4,3.860923767,0.160871824,16384,1,1,1,1
mailbox-capacity,64x32-scalar-ry,1,ry,full-fixed,backward,24,64,32,11,4,24,255,16912,0,4,10.678713799,0.444946408,16384,1,1,1,1
warp-continuity,128x4-full,1,ry,full-fixed,forward,20,128,4,9,4,20,64,16,8192,8,0.255010128,0.012750506,8192,1,0,1,1
warp-continuity,128x4-full,1,ry,full-fixed,backward,20,128,4,9,4,20,80,9232,0,6,0.524253905,0.026212695,8192,1,0,1,1
warp-continuity,128x4-full,1,ry,full-pairs,forward,20,128,4,9,5,20,64,16,8192,8,0.232379735,0.011618987,8192,1,0,1,1
warp-continuity,128x4-full,1,ry,full-pairs,backward,20,128,4,9,5,20,80,9232,0,6,0.558114111,0.027905706,8192,1,0,1,1
warp-continuity,128x4-full,1,ry,full-fixed,forward,24,128,4,9,5,24,64,16,8192,8,4.866593838,0.202774743,8192,1,0,1,1
warp-continuity,128x4-full,1,ry,full-fixed,backward,24,128,4,9,5,24,80,9232,0,6,11.295742989,0.470655958,8192,1,0,1,1
warp-continuity,128x4-full,1,ry,full-pairs,forward,24,128,4,9,6,24,64,16,8192,8,5.595477104,0.233144879,8192,1,0,1,1
warp-continuity,128x4-full,1,ry,full-pairs,backward,24,128,4,9,6,24,80,9232,0,6,12.419994354,0.517499765,8192,1,0,1,1
warp-continuity,128x4-full,1,ry,full-fixed,forward,26,128,4,9,6,26,64,16,8192,8,22.786491394,0.876403515,8192,1,0,1,1
warp-continuity,128x4-full,1,ry,full-fixed,backward,26,128,4,9,6,26,80,9232,0,6,52.120849609,2.004648062,8192,1,0,1,1
warp-continuity,128x4-full,1,ry,full-pairs,forward,26,128,4,9,7,26,64,16,8192,8,25.792341232,0.992013124,8192,1,0,1,1
warp-continuity,128x4-full,1,ry,full-pairs,backward,26,128,4,9,7,26,80,9232,0,6,55.721233368,2.143124360,8192,1,0,1,1
warp-continuity,128x4-full,1,rx,full-fixed,forward,24,128,4,9,5,24,55,16,8192,9,4.779390812,0.199141284,8192,1,0,1,1
warp-continuity,128x4-full,1,rx,full-fixed,backward,24,128,4,9,5,24,74,9232,0,6,10.798250198,0.449927092,8192,1,0,1,1
warp-continuity,128x4-full,1,rx,full-pairs,forward,24,128,4,9,6,24,55,16,8192,9,5.564279556,0.231844982,8192,1,0,1,1
warp-continuity,128x4-full,1,rx,full-pairs,backward,24,128,4,9,6,24,74,9232,0,6,12.072482109,0.503020088,8192,1,0,1,1
warp-continuity,64x16-full,1,ry,full-fixed,forward,20,64,16,10,3,20,152,16,16384,5,0.224426672,0.011221334,16384,1,0,1,1
warp-continuity,64x16-full,1,ry,full-fixed,backward,20,64,16,10,3,20,255,16912,0,4,0.504046977,0.025202349,16384,1,0,1,1
warp-continuity,64x16-full,1,ry,full-pairs,forward,20,64,16,10,4,20,152,16,16384,5,0.242385074,0.012119254,16384,1,0,1,1
warp-continuity,64x16-full,1,ry,full-pairs,backward,20,64,16,10,4,20,255,16912,0,4,0.525064528,0.026253226,16384,1,0,1,1
warp-continuity,64x16-full,1,ry,full-fixed,forward,24,64,16,10,4,24,152,16,16384,5,3.986124754,0.166088531,16384,1,0,1,1
warp-continuity,64x16-full,1,ry,full-fixed,backward,24,64,16,10,4,24,255,16912,0,4,8.867728233,0.369488676,16384,1,0,1,1
warp-continuity,64x16-full,1,ry,full-pairs,forward,24,64,16,10,5,24,152,16,16384,5,4.678656101,0.194944004,16384,1,0,1,1
warp-continuity,64x16-full,1,ry,full-pairs,backward,24,64,16,10,5,24,255,16912,0,4,10.092646599,0.420526942,16384,1,0,1,1
warp-continuity,64x16-full,1,ry,full-fixed,forward,26,64,16,10,5,26,152,16,16384,5,18.928195953,0.728007537,16384,1,0,1,1
warp-continuity,64x16-full,1,ry,full-fixed,backward,26,64,16,10,5,26,255,16912,0,4,41.117244720,1.581432489,16384,1,0,1,1
warp-continuity,64x16-full,1,ry,full-pairs,forward,26,64,16,10,5,26,152,16,16384,5,18.874197006,0.725930654,16384,1,0,1,1
warp-continuity,64x16-full,1,ry,full-pairs,backward,26,64,16,10,5,26,255,16912,0,4,39.884017944,1.534000690,16384,1,0,1,1
warp-continuity,64x16-full,1,rx,full-fixed,forward,24,64,16,10,4,24,116,16,16384,5,3.937928438,0.164080352,16384,1,0,1,1
warp-continuity,64x16-full,1,rx,full-fixed,backward,24,64,16,10,4,24,172,16912,0,4,8.236646652,0.343193611,16384,1,0,1,1
warp-continuity,64x16-full,1,rx,full-pairs,forward,24,64,16,10,5,24,116,16,16384,5,4.716544151,0.196522673,16384,1,0,1,1
warp-continuity,64x16-full,1,rx,full-pairs,backward,24,64,16,10,5,24,172,16912,0,4,9.586346626,0.399431109,16384,1,0,1,1
persistent,128x4-full,1,ry,full,forward,12,128,4,9,2,12,64,16,8192,8,0.015837867,0.001319822,8192,1,0,1,1
persistent,128x4-full,1,ry,full,backward,12,128,4,9,2,12,80,9232,0,6,0.032836266,0.002736355,8192,1,0,1,1
persistent,128x4-full,1,ry,full-fixed,forward,12,128,4,9,2,12,64,16,8192,8,0.015671467,0.001305956,8192,1,0,1,1
persistent,128x4-full,1,ry,full-fixed,backward,12,128,4,9,2,12,80,9232,0,6,0.032159999,0.002680000,8192,1,0,1,1
persistent,128x4-full,1,ry,full,forward,20,128,4,9,3,20,64,16,8192,8,0.219094411,0.010954721,8192,1,0,1,1
persistent,128x4-full,1,ry,full,backward,20,128,4,9,3,20,80,9232,0,6,0.511795223,0.025589761,8192,1,0,1,1
persistent,128x4-full,1,ry,full-fixed,forward,20,128,4,9,4,20,64,16,8192,8,0.241152003,0.012057600,8192,1,0,1,1
persistent,128x4-full,1,ry,full-fixed,backward,20,128,4,9,4,20,80,9232,0,6,0.488448024,0.024422401,8192,1,0,1,1
persistent,128x4-full,1,ry,full,forward,24,128,4,9,3,24,64,16,8192,8,4.693162441,0.195548435,8192,1,0,1,1
persistent,128x4-full,1,ry,full,backward,24,128,4,9,3,24,80,9232,0,6,11.895978928,0.495665789,8192,1,0,1,1
persistent,128x4-full,1,ry,full-fixed,forward,24,128,4,9,5,24,64,16,8192,8,4.882466316,0.203436097,8192,1,0,1,1
persistent,128x4-full,1,ry,full-fixed,backward,24,128,4,9,5,24,80,9232,0,6,11.370769501,0.473782063,8192,1,0,1,1
persistent,128x4-full,1,rx,full,forward,24,128,4,9,3,24,55,16,8192,9,4.665037155,0.194376548,8192,1,0,1,1
persistent,128x4-full,1,rx,full,backward,24,128,4,9,3,24,74,9232,0,6,11.310079575,0.471253316,8192,1,0,1,1
persistent,128x4-full,1,rx,full-fixed,forward,24,128,4,9,5,24,55,16,8192,9,4.770508766,0.198771199,8192,1,0,1,1
persistent,128x4-full,1,rx,full-fixed,backward,24,128,4,9,5,24,74,9232,0,6,10.709769249,0.446240385,8192,1,0,1,1
persistent,128x4-nonpersistent,1,ry,full,forward,12,128,4,9,2,12,64,16,8192,8,0.014779733,0.001231644,8192,1,0,0,1
persistent,128x4-nonpersistent,1,ry,full,backward,12,128,4,9,2,12,76,9232,0,6,0.031061333,0.002588444,8192,1,0,0,1
persistent,128x4-nonpersistent,1,ry,full-fixed,forward,12,128,4,9,2,12,64,16,8192,8,0.014574933,0.001214578,8192,1,0,0,1
persistent,128x4-nonpersistent,1,ry,full-fixed,backward,12,128,4,9,2,12,76,9232,0,6,0.030651735,0.002554311,8192,1,0,0,1
persistent,128x4-nonpersistent,1,ry,full,forward,20,128,4,9,3,20,64,16,8192,8,0.153368533,0.007668427,8192,1,0,0,1
persistent,128x4-nonpersistent,1,ry,full,backward,20,128,4,9,3,20,76,9232,0,6,0.512409568,0.025620478,8192,1,0,0,1
persistent,128x4-nonpersistent,1,ry,full-fixed,forward,20,128,4,9,4,20,64,16,8192,8,0.178790390,0.008939520,8192,1,0,0,1
persistent,128x4-nonpersistent,1,ry,full-fixed,backward,20,128,4,9,4,20,76,9232,0,6,0.540057600,0.027002880,8192,1,0,0,1
persistent,128x4-nonpersistent,1,ry,full,forward,24,128,4,9,3,24,64,16,8192,8,3.116271019,0.129844626,8192,1,0,0,1
persistent,128x4-nonpersistent,1,ry,full,backward,24,128,4,9,3,24,76,9232,0,6,9.507122993,0.396130125,8192,1,0,0,1
persistent,128x4-nonpersistent,1,ry,full-fixed,forward,24,128,4,9,5,24,64,16,8192,8,3.969088078,0.165378670,8192,1,0,0,1
persistent,128x4-nonpersistent,1,ry,full-fixed,backward,24,128,4,9,5,24,76,9232,0,6,9.704931259,0.404372136,8192,1,0,0,1
persistent,128x4-nonpersistent,1,rx,full,forward,24,128,4,9,3,24,46,16,8192,10,3.141392946,0.130891373,8192,1,0,0,1
persistent,128x4-nonpersistent,1,rx,full,backward,24,128,4,9,3,24,68,9232,0,7,9.158379555,0.381599148,8192,1,0,0,1
persistent,128x4-nonpersistent,1,rx,full-fixed,forward,24,128,4,9,5,24,46,16,8192,10,4.131572247,0.172148844,8192,1,0,0,1
persistent,128x4-nonpersistent,1,rx,full-fixed,backward,24,128,4,9,5,24,68,9232,0,7,9.213576317,0.383899013,8192,1,0,0,1
reduction,128x4-full,1,rx,full-fixed,backward,20,128,4,9,4,20,74,9232,0,6,0.534050107,0.026702505,8192,1,0,1,1
reduction,128x4-full,1,ry,full-fixed,backward,20,128,4,9,4,20,80,9232,0,6,0.542754114,0.027137706,8192,1,0,1,1
reduction,128x4-full,1,rx,full-fixed,backward,24,128,4,9,5,24,74,9232,0,6,10.713770866,0.446407119,8192,1,0,1,1
reduction,128x4-full,1,ry,full-fixed,backward,24,128,4,9,5,24,80,9232,0,6,11.375317574,0.473971566,8192,1,0,1,1
reduction,128x4-hierarchical-reduction,1,rx,full-fixed,backward,20,128,4,9,4,20,72,9232,0,7,0.606865048,0.030343252,8192,1,0,1,0
reduction,128x4-hierarchical-reduction,1,ry,full-fixed,backward,20,128,4,9,4,20,74,9232,0,6,0.576000035,0.028800002,8192,1,0,1,0
reduction,128x4-hierarchical-reduction,1,rx,full-fixed,backward,24,128,4,9,5,24,72,9232,0,7,10.966602325,0.456941764,8192,1,0,1,0
reduction,128x4-hierarchical-reduction,1,ry,full-fixed,backward,24,128,4,9,5,24,74,9232,0,6,11.446032524,0.476918022,8192,1,0,1,0
reduction,64x16-full,1,rx,full-fixed,backward,20,64,16,10,3,20,172,16912,0,4,0.504593074,0.025229654,16384,1,0,1,1
reduction,64x16-full,1,ry,full-fixed,backward,20,64,16,10,3,20,255,16912,0,4,0.491001606,0.024550080,16384,1,0,1,1
reduction,64x16-full,1,rx,full-fixed,backward,24,64,16,10,4,24,172,16912,0,4,8.279483795,0.344978491,16384,1,0,1,1
reduction,64x16-full,1,ry,full-fixed,backward,24,64,16,10,4,24,255,16912,0,4,8.835788727,0.368157864,16384,1,0,1,1
reduction,64x16-hierarchical-reduction,1,rx,full-fixed,backward,20,64,16,10,3,20,174,16912,0,4,0.485310942,0.024265547,16384,1,0,1,0
reduction,64x16-hierarchical-reduction,1,ry,full-fixed,backward,20,64,16,10,3,20,255,16912,0,4,0.528791487,0.026439574,16384,1,0,1,0
reduction,64x16-hierarchical-reduction,1,rx,full-fixed,backward,24,64,16,10,4,24,174,16912,0,4,8.361576080,0.348399003,16384,1,0,1,0
reduction,64x16-hierarchical-reduction,1,ry,full-fixed,backward,24,64,16,10,4,24,255,16912,0,4,8.914841652,0.371451735,16384,1,0,1,0
shared-removal,128x4-full,1,ry,full-fixed,forward,20,128,4,9,4,20,64,16,8192,8,0.273039997,0.013652000,8192,1,0,1,1
shared-removal,128x4-full,2,rx,full-fixed,forward,24,128,4,9,5,24,55,16,8192,9,4.869973183,0.202915549,8192,1,0,1,1
shared-removal,128x4-full,2,rx,full-fixed,backward,24,128,4,9,5,24,74,9232,0,6,10.784973145,0.449373881,8192,1,0,1,1
shared-removal,128x4-full,2,ry,full-fixed,forward,24,128,4,9,5,24,64,16,8192,8,4.809685230,0.200403551,8192,1,0,1,1
shared-removal,128x4-full,2,ry,full-fixed,backward,24,128,4,9,5,24,80,9232,0,6,11.404833794,0.475201408,8192,1,0,1,1
shared-removal,32x4-no-mailbox,2,ry,full-fixed,forward,20,32,4,7,8,20,62,8,0,24,0.300748795,0.015037440,0,1,0,1,1
shared-removal,32x4-no-mailbox,2,ry,full-fixed,backward,20,32,4,7,8,20,72,264,0,24,0.631227732,0.031561387,0,1,0,1,1
shared-removal,32x4-no-mailbox,2,rx,full-fixed,forward,24,32,4,7,10,24,52,8,0,24,8.333211899,0.347217162,0,1,0,1,1
shared-removal,32x4-no-mailbox,2,rx,full-fixed,backward,24,32,4,7,10,24,72,264,0,24,16.661197662,0.694216569,0,1,0,1,1
shared-removal,32x4-no-mailbox,2,ry,full-fixed,forward,24,32,4,7,10,24,62,8,0,24,8.443903923,0.351829330,0,1,0,1,1
shared-removal,32x4-no-mailbox,2,ry,full-fixed,backward,24,32,4,7,10,24,72,264,0,24,16.940240860,0.705843369,0,1,0,1,1
shared-removal,32x16-no-mailbox,2,ry,full-fixed,forward,20,32,16,9,4,20,118,8,0,16,0.205553070,0.010277653,0,1,0,1,1
shared-removal,32x16-no-mailbox,2,ry,full-fixed,backward,20,32,16,9,4,20,172,264,0,8,0.529954135,0.026497707,0,1,0,1,1
shared-removal,32x16-no-mailbox,2,rx,full-fixed,forward,24,32,16,9,5,24,114,8,0,16,4.448392868,0.185349703,0,1,0,1,1
shared-removal,32x16-no-mailbox,2,rx,full-fixed,backward,24,32,16,9,5,24,170,264,0,8,9.422135353,0.392588973,0,1,0,1,1
shared-removal,32x16-no-mailbox,2,ry,full-fixed,forward,24,32,16,9,5,24,118,8,0,16,4.399955273,0.183331470,0,1,0,1,1
shared-removal,32x16-no-mailbox,2,ry,full-fixed,backward,24,32,16,9,5,24,172,264,0,8,9.660893440,0.402537227,0,1,0,1,1
mailbox-capacity,64x16-full,2,rx,full-fixed,forward,24,64,16,10,4,24,116,16,16384,5,4.004496098,0.166854004,16384,1,0,1,1
mailbox-capacity,64x16-full,2,rx,full-fixed,backward,24,64,16,10,4,24,172,16912,0,4,8.248697281,0.343695720,16384,1,0,1,1
mailbox-capacity,64x16-full,2,ry,full-fixed,forward,24,64,16,10,4,24,152,16,16384,5,4.021759987,0.167573333,16384,1,0,1,1
mailbox-capacity,64x16-full,2,ry,full-fixed,backward,24,64,16,10,4,24,255,16912,0,4,8.829201698,0.367883404,16384,1,0,1,1
mailbox-capacity,64x16-half,2,rx,full-fixed,forward,24,64,16,10,4,24,116,16,8192,8,3.881164789,0.161715200,8192,2,0,1,1
mailbox-capacity,64x16-half,2,rx,full-fixed,backward,24,64,16,10,4,24,172,8720,0,4,8.325632095,0.346901337,8192,2,0,1,1
mailbox-capacity,64x16-half,2,ry,full-fixed,forward,24,64,16,10,4,24,122,16,8192,8,3.809894323,0.158745597,8192,2,0,1,1
mailbox-capacity,64x16-half,2,ry,full-fixed,backward,24,64,16,10,4,24,255,8720,0,4,8.856370926,0.369015455,8192,2,0,1,1
mailbox-capacity,64x16-quarter,2,rx,full-fixed,forward,24,64,16,10,4,24,116,16,4096,8,3.824367046,0.159348627,4096,4,0,1,1
mailbox-capacity,64x16-quarter,2,rx,full-fixed,backward,24,64,16,10,4,24,172,4624,0,4,8.300543785,0.345855991,4096,4,0,1,1
mailbox-capacity,64x16-quarter,2,ry,full-fixed,forward,24,64,16,10,4,24,120,16,4096,8,3.809031487,0.158709645,4096,4,0,1,1
mailbox-capacity,64x16-quarter,2,ry,full-fixed,backward,24,64,16,10,4,24,255,4624,0,4,8.915524483,0.371480187,4096,4,0,1,1
mailbox-capacity,64x16-scalar-ry,2,ry,full-fixed,forward,24,64,16,10,4,24,120,16,8192,8,3.796855450,0.158202310,8192,1,1,1,1
mailbox-capacity,64x16-scalar-ry,2,ry,full-fixed,backward,24,64,16,10,4,24,255,8720,0,4,9.099605560,0.379150232,8192,1,1,1,1
mailbox-capacity,64x32-full,2,rx,full-fixed,forward,24,64,32,11,4,24,206,16,32768,3,4.072251797,0.169677158,32768,1,0,1,1
mailbox-capacity,64x32-full,2,rx,full-fixed,backward,24,64,32,11,4,24,255,33296,0,2,11.589017868,0.482875745,32768,1,0,1,1
mailbox-capacity,64x32-full,2,ry,full-fixed,forward,24,64,32,11,4,24,218,16,32768,3,3.976840496,0.165701687,32768,1,0,1,1
mailbox-capacity,64x32-full,2,ry,full-fixed,backward,24,64,32,11,4,24,255,33296,0,2,11.595409393,0.483142058,32768,1,0,1,1
mailbox-capacity,64x32-half,2,rx,full-fixed,forward,24,64,32,11,4,24,206,16,16384,4,3.974075794,0.165586491,16384,2,0,1,1
mailbox-capacity,64x32-half,2,rx,full-fixed,backward,24,64,32,11,4,24,255,16912,0,4,10.906931877,0.454455495,16384,2,0,1,1
mailbox-capacity,64x32-half,2,ry,full-fixed,forward,24,64,32,11,4,24,222,16,16384,4,3.926664591,0.163611025,16384,2,0,1,1
mailbox-capacity,64x32-half,2,ry,full-fixed,backward,24,64,32,11,4,24,255,16912,0,4,10.461257935,0.435885747,16384,2,0,1,1
mailbox-capacity,64x32-quarter,2,rx,full-fixed,forward,24,64,32,11,4,24,206,16,8192,4,3.895300388,0.162304183,8192,4,0,1,1
mailbox-capacity,64x32-quarter,2,rx,full-fixed,backward,24,64,32,11,4,24,255,8720,0,4,10.468078613,0.436169942,8192,4,0,1,1
mailbox-capacity,64x32-quarter,2,ry,full-fixed,forward,24,64,32,11,4,24,216,16,8192,4,3.854089499,0.160587062,8192,4,0,1,1
mailbox-capacity,64x32-quarter,2,ry,full-fixed,backward,24,64,32,11,4,24,255,8720,0,4,10.347042084,0.431126753,8192,4,0,1,1
mailbox-capacity,64x32-scalar-ry,2,ry,full-fixed,forward,24,64,32,11,4,24,218,16,16384,4,3.900177002,0.162507375,16384,1,1,1,1
mailbox-capacity,64x32-scalar-ry,2,ry,full-fixed,backward,24,64,32,11,4,24,255,16912,0,4,10.762853622,0.448452234,16384,1,1,1,1
warp-continuity,128x4-full,2,ry,full-fixed,forward,20,128,4,9,4,20,64,16,8192,8,0.231826127,0.011591306,8192,1,0,1,1
warp-continuity,128x4-full,2,ry,full-fixed,backward,20,128,4,9,4,20,80,9232,0,6,0.572825611,0.028641281,8192,1,0,1,1
warp-continuity,128x4-full,2,ry,full-pairs,forward,20,128,4,9,5,20,64,16,8192,8,0.264191985,0.013209599,8192,1,0,1,1
warp-continuity,128x4-full,2,ry,full-pairs,backward,20,128,4,9,5,20,80,9232,0,6,0.571767509,0.028588375,8192,1,0,1,1
warp-continuity,128x4-full,2,ry,full-fixed,forward,24,128,4,9,5,24,64,16,8192,8,4.814540386,0.200605849,8192,1,0,1,1
warp-continuity,128x4-full,2,ry,full-fixed,backward,24,128,4,9,5,24,80,9232,0,6,11.325235367,0.471884807,8192,1,0,1,1
warp-continuity,128x4-full,2,ry,full-pairs,forward,24,128,4,9,6,24,64,16,8192,8,5.498299599,0.229095817,8192,1,0,1,1
warp-continuity,128x4-full,2,ry,full-pairs,backward,24,128,4,9,6,24,80,9232,0,6,12.439790726,0.518324614,8192,1,0,1,1
warp-continuity,128x4-full,2,ry,full-fixed,forward,26,128,4,9,6,26,64,16,8192,8,22.929304123,0.881896312,8192,1,0,1,1
warp-continuity,128x4-full,2,ry,full-fixed,backward,26,128,4,9,6,26,80,9232,0,6,51.933898926,1.997457651,8192,1,0,1,1
warp-continuity,128x4-full,2,ry,full-pairs,forward,26,128,4,9,7,26,64,16,8192,8,25.910032272,0.996539703,8192,1,0,1,1
warp-continuity,128x4-full,2,ry,full-pairs,backward,26,128,4,9,7,26,80,9232,0,6,55.599010468,2.138423480,8192,1,0,1,1
warp-continuity,128x4-full,2,rx,full-fixed,forward,24,128,4,9,5,24,55,16,8192,9,4.831603050,0.201316794,8192,1,0,1,1
warp-continuity,128x4-full,2,rx,full-fixed,backward,24,128,4,9,5,24,74,9232,0,6,10.768964767,0.448706865,8192,1,0,1,1
warp-continuity,128x4-full,2,rx,full-pairs,forward,24,128,4,9,6,24,55,16,8192,9,5.605341911,0.233555913,8192,1,0,1,1
warp-continuity,128x4-full,2,rx,full-pairs,backward,24,128,4,9,6,24,74,9232,0,6,12.018619537,0.500775814,8192,1,0,1,1
warp-continuity,64x16-full,2,ry,full-fixed,forward,20,64,16,10,3,20,152,16,16384,5,0.215756804,0.010787840,16384,1,0,1,1
warp-continuity,64x16-full,2,ry,full-fixed,backward,20,64,16,10,3,20,255,16912,0,4,0.462574929,0.023128746,16384,1,0,1,1
warp-continuity,64x16-full,2,ry,full-pairs,forward,20,64,16,10,4,20,152,16,16384,5,0.262485325,0.013124266,16384,1,0,1,1
warp-continuity,64x16-full,2,ry,full-pairs,backward,20,64,16,10,4,20,255,16912,0,4,0.527291715,0.026364586,16384,1,0,1,1
warp-continuity,64x16-full,2,ry,full-fixed,forward,24,64,16,10,4,24,152,16,16384,5,4.006334782,0.166930616,16384,1,0,1,1
warp-continuity,64x16-full,2,ry,full-fixed,backward,24,64,16,10,4,24,255,16912,0,4,8.862305641,0.369262735,16384,1,0,1,1
warp-continuity,64x16-full,2,ry,full-pairs,forward,24,64,16,10,5,24,152,16,16384,5,4.708386421,0.196182768,16384,1,0,1,1
warp-continuity,64x16-full,2,ry,full-pairs,backward,24,64,16,10,5,24,255,16912,0,4,10.105104446,0.421046019,16384,1,0,1,1
warp-continuity,64x16-full,2,ry,full-fixed,forward,26,64,16,10,5,26,152,16,16384,5,18.954784393,0.729030169,16384,1,0,1,1
warp-continuity,64x16-full,2,ry,full-fixed,backward,26,64,16,10,5,26,255,16912,0,4,41.137058258,1.582194548,16384,1,0,1,1
warp-continuity,64x16-full,2,ry,full-pairs,forward,26,64,16,10,5,26,152,16,16384,5,18.839551926,0.724598151,16384,1,0,1,1
warp-continuity,64x16-full,2,ry,full-pairs,backward,26,64,16,10,5,26,255,16912,0,4,39.833164215,1.532044778,16384,1,0,1,1
warp-continuity,64x16-full,2,rx,full-fixed,forward,24,64,16,10,4,24,116,16,16384,5,3.938747644,0.164114485,16384,1,0,1,1
warp-continuity,64x16-full,2,rx,full-fixed,backward,24,64,16,10,4,24,172,16912,0,4,8.377337456,0.349055727,16384,1,0,1,1
warp-continuity,64x16-full,2,rx,full-pairs,forward,24,64,16,10,5,24,116,16,16384,5,4.763921261,0.198496719,16384,1,0,1,1
warp-continuity,64x16-full,2,rx,full-pairs,backward,24,64,16,10,5,24,172,16912,0,4,9.533781052,0.397240877,16384,1,0,1,1
persistent,128x4-full,2,ry,full,forward,12,128,4,9,2,12,64,16,8192,8,0.015872000,0.001322667,8192,1,0,1,1
persistent,128x4-full,2,ry,full,backward,12,128,4,9,2,12,80,9232,0,6,0.032904532,0.002742044,8192,1,0,1,1
persistent,128x4-full,2,ry,full-fixed,forward,12,128,4,9,2,12,64,16,8192,8,0.015698133,0.001308178,8192,1,0,1,1
persistent,128x4-full,2,ry,full-fixed,backward,12,128,4,9,2,12,80,9232,0,6,0.032256000,0.002688000,8192,1,0,1,1
persistent,128x4-full,2,ry,full,forward,20,128,4,9,3,20,64,16,8192,8,0.221320540,0.011066027,8192,1,0,1,1
persistent,128x4-full,2,ry,full,backward,20,128,4,9,3,20,80,9232,0,6,0.569617093,0.028480855,8192,1,0,1,1
persistent,128x4-full,2,ry,full-fixed,forward,20,128,4,9,4,20,64,16,8192,8,0.241766408,0.012088320,8192,1,0,1,1
persistent,128x4-full,2,ry,full-fixed,backward,20,128,4,9,4,20,80,9232,0,6,0.530261338,0.026513067,8192,1,0,1,1
persistent,128x4-full,2,ry,full,forward,24,128,4,9,3,24,64,16,8192,8,4.635511398,0.193146308,8192,1,0,1,1
persistent,128x4-full,2,ry,full,backward,24,128,4,9,3,24,80,9232,0,6,11.789311409,0.491221309,8192,1,0,1,1
persistent,128x4-full,2,ry,full-fixed,forward,24,128,4,9,5,24,64,16,8192,8,4.813628674,0.200567861,8192,1,0,1,1
persistent,128x4-full,2,ry,full-fixed,backward,24,128,4,9,5,24,80,9232,0,6,11.247653008,0.468652209,8192,1,0,1,1
persistent,128x4-full,2,rx,full,forward,24,128,4,9,3,24,55,16,8192,9,4.609194279,0.192049762,8192,1,0,1,1
persistent,128x4-full,2,rx,full,backward,24,128,4,9,3,24,74,9232,0,6,11.314850807,0.471452117,8192,1,0,1,1
persistent,128x4-full,2,rx,full-fixed,forward,24,128,4,9,5,24,55,16,8192,9,4.761838913,0.198409955,8192,1,0,1,1
persistent,128x4-full,2,rx,full-fixed,backward,24,128,4,9,5,24,74,9232,0,6,10.723703384,0.446820974,8192,1,0,1,1
persistent,128x4-nonpersistent,2,ry,full,forward,12,128,4,9,2,12,64,16,8192,8,0.014717867,0.001226489,8192,1,0,0,1
persistent,128x4-nonpersistent,2,ry,full,backward,12,128,4,9,2,12,76,9232,0,6,0.031197866,0.002599822,8192,1,0,0,1
persistent,128x4-nonpersistent,2,ry,full-fixed,forward,12,128,4,9,2,12,64,16,8192,8,0.014609067,0.001217422,8192,1,0,0,1
persistent,128x4-nonpersistent,2,ry,full-fixed,backward,12,128,4,9,2,12,76,9232,0,6,0.030719999,0.002560000,8192,1,0,0,1
persistent,128x4-nonpersistent,2,ry,full,forward,20,128,4,9,3,20,64,16,8192,8,0.180906668,0.009045333,8192,1,0,0,1
persistent,128x4-nonpersistent,2,ry,full,backward,20,128,4,9,3,20,76,9232,0,6,0.546825588,0.027341279,8192,1,0,0,1
persistent,128x4-nonpersistent,2,ry,full-fixed,forward,20,128,4,9,4,20,64,16,8192,8,0.188279465,0.009413973,8192,1,0,0,1
persistent,128x4-nonpersistent,2,ry,full-fixed,backward,20,128,4,9,4,20,76,9232,0,6,0.535859168,0.026792958,8192,1,0,0,1
persistent,128x4-nonpersistent,2,ry,full,forward,24,128,4,9,3,24,64,16,8192,8,3.088554621,0.128689776,8192,1,0,0,1
persistent,128x4-nonpersistent,2,ry,full,backward,24,128,4,9,3,24,76,9232,0,6,9.619456291,0.400810679,8192,1,0,0,1
persistent,128x4-nonpersistent,2,ry,full-fixed,forward,24,128,4,9,5,24,64,16,8192,8,4.050602913,0.168775121,8192,1,0,0,1
persistent,128x4-nonpersistent,2,ry,full-fixed,backward,24,128,4,9,5,24,76,9232,0,6,9.632125854,0.401338577,8192,1,0,0,1
persistent,128x4-nonpersistent,2,rx,full,forward,24,128,4,9,3,24,46,16,8192,10,3.183066607,0.132627775,8192,1,0,0,1
persistent,128x4-nonpersistent,2,rx,full,backward,24,128,4,9,3,24,68,9232,0,7,9.193711281,0.383071303,8192,1,0,0,1
persistent,128x4-nonpersistent,2,rx,full-fixed,forward,24,128,4,9,5,24,46,16,8192,10,4.173038960,0.173876623,8192,1,0,0,1
persistent,128x4-nonpersistent,2,rx,full-fixed,backward,24,128,4,9,5,24,68,9232,0,7,9.181013107,0.382542213,8192,1,0,0,1
reduction,128x4-full,2,rx,full-fixed,backward,20,128,4,9,4,20,74,9232,0,6,0.519579709,0.025978985,8192,1,0,1,1
reduction,128x4-full,2,ry,full-fixed,backward,20,128,4,9,4,20,80,9232,0,6,0.564736009,0.028236800,8192,1,0,1,1
reduction,128x4-full,2,rx,full-fixed,backward,24,128,4,9,5,24,74,9232,0,6,10.837299347,0.451554139,8192,1,0,1,1
reduction,128x4-full,2,ry,full-fixed,backward,24,128,4,9,5,24,80,9232,0,6,11.330252647,0.472093860,8192,1,0,1,1
reduction,128x4-hierarchical-reduction,2,rx,full-fixed,backward,20,128,4,9,4,20,72,9232,0,7,0.563575506,0.028178775,8192,1,0,1,0
reduction,128x4-hierarchical-reduction,2,ry,full-fixed,backward,20,128,4,9,4,20,74,9232,0,6,0.579379201,0.028968960,8192,1,0,1,0
reduction,128x4-hierarchical-reduction,2,rx,full-fixed,backward,24,128,4,9,5,24,72,9232,0,7,10.938060760,0.455752532,8192,1,0,1,0
reduction,128x4-hierarchical-reduction,2,ry,full-fixed,backward,24,128,4,9,5,24,74,9232,0,6,11.434939384,0.476455808,8192,1,0,1,0
reduction,64x16-full,2,rx,full-fixed,backward,20,64,16,10,3,20,172,16912,0,4,0.477773845,0.023888692,16384,1,0,1,1
reduction,64x16-full,2,ry,full-fixed,backward,20,64,16,10,3,20,255,16912,0,4,0.511112511,0.025555626,16384,1,0,1,1
reduction,64x16-full,2,rx,full-fixed,backward,24,64,16,10,4,24,172,16912,0,4,8.260129929,0.344172080,16384,1,0,1,1
reduction,64x16-full,2,ry,full-fixed,backward,24,64,16,10,4,24,255,16912,0,4,8.841147423,0.368381143,16384,1,0,1,1
reduction,64x16-hierarchical-reduction,2,rx,full-fixed,backward,20,64,16,10,3,20,174,16912,0,4,0.484590948,0.024229547,16384,1,0,1,0
reduction,64x16-hierarchical-reduction,2,ry,full-fixed,backward,20,64,16,10,3,20,255,16912,0,4,0.501248002,0.025062400,16384,1,0,1,0
reduction,64x16-hierarchical-reduction,2,rx,full-fixed,backward,24,64,16,10,4,24,174,16912,0,4,8.452402115,0.352183421,16384,1,0,1,0
reduction,64x16-hierarchical-reduction,2,ry,full-fixed,backward,24,64,16,10,4,24,255,16912,0,4,8.842310905,0.368429621,16384,1,0,1,0
shared-removal,128x4-full,2,ry,full-fixed,forward,20,128,4,9,4,20,64,16,8192,8,0.261188269,0.013059413,8192,1,0,1,1
shared-removal,128x4-full,2,ry,full-fixed,backward,20,128,4,9,4,20,80,9232,0,6,0.554803193,0.027740160,8192,1,0,1,1
shared-removal,128x4-full,3,rx,full-fixed,backward,24,128,4,9,5,24,74,9232,0,6,10.809651375,0.450402141,8192,1,0,1,1
shared-removal,128x4-full,3,ry,full-fixed,forward,24,128,4,9,5,24,64,16,8192,8,4.883049488,0.203460395,8192,1,0,1,1
shared-removal,128x4-full,3,ry,full-fixed,backward,24,128,4,9,5,24,80,9232,0,6,11.314176559,0.471424023,8192,1,0,1,1
shared-removal,32x4-no-mailbox,3,ry,full-fixed,forward,20,32,4,7,8,20,62,8,0,24,0.312241077,0.015612054,0,1,0,1,1
shared-removal,32x4-no-mailbox,3,ry,full-fixed,backward,20,32,4,7,8,20,72,264,0,24,0.639351487,0.031967574,0,1,0,1,1
shared-removal,32x4-no-mailbox,3,rx,full-fixed,forward,24,32,4,7,10,24,52,8,0,24,8.415436745,0.350643198,0,1,0,1,1
shared-removal,32x4-no-mailbox,3,rx,full-fixed,backward,24,32,4,7,10,24,72,264,0,24,16.726663589,0.696944316,0,1,0,1,1
shared-removal,32x4-no-mailbox,3,ry,full-fixed,forward,24,32,4,7,10,24,62,8,0,24,8.314743996,0.346447666,0,1,0,1,1
shared-removal,32x4-no-mailbox,3,ry,full-fixed,backward,24,32,4,7,10,24,72,264,0,24,16.766702652,0.698612610,0,1,0,1,1
shared-removal,32x16-no-mailbox,3,ry,full-fixed,forward,20,32,16,9,4,20,118,8,0,16,0.196505591,0.009825280,0,1,0,1,1
shared-removal,32x16-no-mailbox,3,ry,full-fixed,backward,20,32,16,9,4,20,172,264,0,8,0.518826663,0.025941333,0,1,0,1,1
shared-removal,32x16-no-mailbox,3,rx,full-fixed,forward,24,32,16,9,5,24,114,8,0,16,4.400335312,0.183347305,0,1,0,1,1
shared-removal,32x16-no-mailbox,3,rx,full-fixed,backward,24,32,16,9,5,24,170,264,0,8,9.490431786,0.395434658,0,1,0,1,1
shared-removal,32x16-no-mailbox,3,ry,full-fixed,forward,24,32,16,9,5,24,118,8,0,16,4.403443336,0.183476806,0,1,0,1,1
shared-removal,32x16-no-mailbox,3,ry,full-fixed,backward,24,32,16,9,5,24,172,264,0,8,9.676298141,0.403179089,0,1,0,1,1
mailbox-capacity,64x16-full,3,rx,full-fixed,forward,24,64,16,10,4,24,116,16,16384,5,3.944004297,0.164333512,16384,1,0,1,1
mailbox-capacity,64x16-full,3,rx,full-fixed,backward,24,64,16,10,4,24,172,16912,0,4,8.305596352,0.346066515,16384,1,0,1,1
mailbox-capacity,64x16-full,3,ry,full-fixed,forward,24,64,16,10,4,24,152,16,16384,5,3.991893291,0.166328887,16384,1,0,1,1
mailbox-capacity,64x16-full,3,ry,full-fixed,backward,24,64,16,10,4,24,255,16912,0,4,8.827187538,0.367799481,16384,1,0,1,1
mailbox-capacity,64x16-half,3,rx,full-fixed,forward,24,64,16,10,4,24,116,16,8192,8,3.911372900,0.162973871,8192,2,0,1,1
mailbox-capacity,64x16-half,3,rx,full-fixed,backward,24,64,16,10,4,24,172,8720,0,4,8.282760620,0.345115026,8192,2,0,1,1
mailbox-capacity,64x16-half,3,ry,full-fixed,forward,24,64,16,10,4,24,122,16,8192,8,3.844396830,0.160183201,8192,2,0,1,1
mailbox-capacity,64x16-half,3,ry,full-fixed,backward,24,64,16,10,4,24,255,8720,0,4,8.873812675,0.369742195,8192,2,0,1,1
mailbox-capacity,64x16-quarter,3,rx,full-fixed,forward,24,64,16,10,4,24,116,16,4096,8,3.856349945,0.160681248,4096,4,0,1,1
mailbox-capacity,64x16-quarter,3,rx,full-fixed,backward,24,64,16,10,4,24,172,4624,0,4,8.227908134,0.342829506,4096,4,0,1,1
mailbox-capacity,64x16-quarter,3,ry,full-fixed,forward,24,64,16,10,4,24,120,16,4096,8,3.850137472,0.160422395,4096,4,0,1,1
mailbox-capacity,64x16-quarter,3,ry,full-fixed,backward,24,64,16,10,4,24,255,4624,0,4,8.897672653,0.370736361,4096,4,0,1,1
mailbox-capacity,64x16-scalar-ry,3,ry,full-fixed,forward,24,64,16,10,4,24,120,16,8192,8,3.850414991,0.160433958,8192,1,1,1,1
mailbox-capacity,64x16-scalar-ry,3,ry,full-fixed,backward,24,64,16,10,4,24,255,8720,0,4,9.136230469,0.380676270,8192,1,1,1,1
mailbox-capacity,64x32-full,3,rx,full-fixed,forward,24,64,32,11,4,24,206,16,32768,3,4.085282326,0.170220097,32768,1,0,1,1
mailbox-capacity,64x32-full,3,rx,full-fixed,backward,24,64,32,11,4,24,255,33296,0,2,11.557922363,0.481580098,32768,1,0,1,1
mailbox-capacity,64x32-full,3,ry,full-fixed,forward,24,64,32,11,4,24,218,16,32768,3,3.967522144,0.165313423,32768,1,0,1,1
mailbox-capacity,64x32-full,3,ry,full-fixed,backward,24,64,32,11,4,24,255,33296,0,2,11.659571648,0.485815485,32768,1,0,1,1
mailbox-capacity,64x32-half,3,rx,full-fixed,forward,24,64,32,11,4,24,206,16,16384,4,3.928541899,0.163689246,16384,2,0,1,1
mailbox-capacity,64x32-half,3,rx,full-fixed,backward,24,64,32,11,4,24,255,16912,0,4,10.810431480,0.450434645,16384,2,0,1,1
mailbox-capacity,64x32-half,3,ry,full-fixed,forward,24,64,32,11,4,24,222,16,16384,4,3.895807981,0.162325333,16384,2,0,1,1
mailbox-capacity,64x32-half,3,ry,full-fixed,backward,24,64,32,11,4,24,255,16912,0,4,10.606286049,0.441928585,16384,2,0,1,1
mailbox-capacity,64x32-quarter,3,rx,full-fixed,forward,24,64,32,11,4,24,206,16,8192,4,3.900142908,0.162505955,8192,4,0,1,1
mailbox-capacity,64x32-quarter,3,rx,full-fixed,backward,24,64,32,11,4,24,255,8720,0,4,10.466137886,0.436089079,8192,4,0,1,1
mailbox-capacity,64x32-quarter,3,ry,full-fixed,forward,24,64,32,11,4,24,216,16,8192,4,3.822319031,0.159263293,8192,4,0,1,1
mailbox-capacity,64x32-quarter,3,ry,full-fixed,backward,24,64,32,11,4,24,255,8720,0,4,10.389777184,0.432907383,8192,4,0,1,1
mailbox-capacity,64x32-scalar-ry,3,ry,full-fixed,forward,24,64,32,11,4,24,218,16,16384,4,3.808324099,0.158680171,16384,1,1,1,1
mailbox-capacity,64x32-scalar-ry,3,ry,full-fixed,backward,24,64,32,11,4,24,255,16912,0,4,10.698650360,0.445777098,16384,1,1,1,1
warp-continuity,128x4-full,3,ry,full-fixed,forward,20,128,4,9,4,20,64,16,8192,8,0.241698131,0.012084907,8192,1,0,1,1
warp-continuity,128x4-full,3,ry,full-fixed,backward,20,128,4,9,4,20,80,9232,0,6,0.510387182,0.025519359,8192,1,0,1,1
warp-continuity,128x4-full,3,ry,full-pairs,forward,20,128,4,9,5,20,64,16,8192,8,0.268970668,0.013448533,8192,1,0,1,1
warp-continuity,128x4-full,3,ry,full-pairs,backward,20,128,4,9,5,20,80,9232,0,6,0.555827200,0.027791360,8192,1,0,1,1
warp-continuity,128x4-full,3,ry,full-fixed,forward,24,128,4,9,5,24,64,16,8192,8,4.803208351,0.200133681,8192,1,0,1,1
warp-continuity,128x4-full,3,ry,full-fixed,backward,24,128,4,9,5,24,80,9232,0,6,11.268774033,0.469532251,8192,1,0,1,1
warp-continuity,128x4-full,3,ry,full-pairs,forward,24,128,4,9,6,24,64,16,8192,8,5.630897999,0.234620750,8192,1,0,1,1
warp-continuity,128x4-full,3,ry,full-pairs,backward,24,128,4,9,6,24,80,9232,0,6,12.228232384,0.509509683,8192,1,0,1,1
warp-continuity,128x4-full,3,ry,full-fixed,forward,26,128,4,9,6,26,64,16,8192,8,22.725252151,0.874048160,8192,1,0,1,1
warp-continuity,128x4-full,3,ry,full-fixed,backward,26,128,4,9,6,26,80,9232,0,6,51.782859802,1.991648454,8192,1,0,1,1
warp-continuity,128x4-full,3,ry,full-pairs,forward,26,128,4,9,7,26,64,16,8192,8,25.902046204,0.996232546,8192,1,0,1,1
warp-continuity,128x4-full,3,ry,full-pairs,backward,26,128,4,9,7,26,80,9232,0,6,55.289657593,2.126525292,8192,1,0,1,1
warp-continuity,128x4-full,3,rx,full-fixed,forward,24,128,4,9,5,24,55,16,8192,9,4.803038120,0.200126588,8192,1,0,1,1
warp-continuity,128x4-full,3,rx,full-fixed,backward,24,128,4,9,5,24,74,9232,0,6,10.690594673,0.445441445,8192,1,0,1,1
warp-continuity,128x4-full,3,rx,full-pairs,forward,24,128,4,9,6,24,55,16,8192,9,5.520657063,0.230027378,8192,1,0,1,1
warp-continuity,128x4-full,3,rx,full-pairs,backward,24,128,4,9,6,24,74,9232,0,6,11.971208572,0.498800357,8192,1,0,1,1
warp-continuity,64x16-full,3,ry,full-fixed,forward,20,64,16,10,3,20,152,16,16384,5,0.218419209,0.010920960,16384,1,0,1,1
warp-continuity,64x16-full,3,ry,full-fixed,backward,20,64,16,10,3,20,255,16912,0,4,0.480218679,0.024010934,16384,1,0,1,1
warp-continuity,64x16-full,3,ry,full-pairs,forward,20,64,16,10,4,20,152,16,16384,5,0.259720534,0.012986027,16384,1,0,1,1
warp-continuity,64x16-full,3,ry,full-pairs,backward,20,64,16,10,4,20,255,16912,0,4,0.509849608,0.025492480,16384,1,0,1,1
warp-continuity,64x16-full,3,ry,full-fixed,forward,24,64,16,10,4,24,152,16,16384,5,4.026094913,0.167753955,16384,1,0,1,1
warp-continuity,64x16-full,3,ry,full-fixed,backward,24,64,16,10,4,24,255,16912,0,4,8.826709747,0.367779573,16384,1,0,1,1
warp-continuity,64x16-full,3,ry,full-pairs,forward,24,64,16,10,5,24,152,16,16384,5,4.715110302,0.196462929,16384,1,0,1,1
warp-continuity,64x16-full,3,ry,full-pairs,backward,24,64,16,10,5,24,255,16912,0,4,10.047010422,0.418625434,16384,1,0,1,1
warp-continuity,64x16-full,3,ry,full-fixed,forward,26,64,16,10,5,26,152,16,16384,5,18.888463974,0.726479384,16384,1,0,1,1
warp-continuity,64x16-full,3,ry,full-fixed,backward,26,64,16,10,5,26,255,16912,0,4,41.289932251,1.588074317,16384,1,0,1,1
warp-continuity,64x16-full,3,ry,full-pairs,forward,26,64,16,10,5,26,152,16,16384,5,18.887540817,0.726443878,16384,1,0,1,1
warp-continuity,64x16-full,3,ry,full-pairs,backward,26,64,16,10,5,26,255,16912,0,4,39.760143280,1.529236280,16384,1,0,1,1
warp-continuity,64x16-full,3,rx,full-fixed,forward,24,64,16,10,4,24,116,16,16384,5,3.897105217,0.162379384,16384,1,0,1,1
warp-continuity,64x16-full,3,rx,full-fixed,backward,24,64,16,10,4,24,172,16912,0,4,8.224328041,0.342680335,16384,1,0,1,1
warp-continuity,64x16-full,3,rx,full-pairs,forward,24,64,16,10,5,24,116,16,16384,5,4.736033916,0.197334747,16384,1,0,1,1
warp-continuity,64x16-full,3,rx,full-pairs,backward,24,64,16,10,5,24,172,16912,0,4,9.644484520,0.401853522,16384,1,0,1,1
persistent,128x4-full,3,ry,full,forward,12,128,4,9,2,12,64,16,8192,8,0.015837867,0.001319822,8192,1,0,1,1
persistent,128x4-full,3,ry,full,backward,12,128,4,9,2,12,80,9232,0,6,0.033484802,0.002790400,8192,1,0,1,1
persistent,128x4-full,3,ry,full-fixed,forward,12,128,4,9,2,12,64,16,8192,8,0.015735466,0.001311289,8192,1,0,1,1
persistent,128x4-full,3,ry,full-fixed,backward,12,128,4,9,2,12,80,9232,0,6,0.032187734,0.002682311,8192,1,0,1,1
persistent,128x4-full,3,ry,full,forward,20,128,4,9,3,20,64,16,8192,8,0.210978121,0.010548906,8192,1,0,1,1
persistent,128x4-full,3,ry,full,backward,20,128,4,9,3,20,80,9232,0,6,0.547566950,0.027378348,8192,1,0,1,1
persistent,128x4-full,3,ry,full-fixed,forward,20,128,4,9,4,20,64,16,8192,8,0.252659202,0.012632960,8192,1,0,1,1
persistent,128x4-full,3,ry,full-fixed,backward,20,128,4,9,4,20,80,9232,0,6,0.551355720,0.027567786,8192,1,0,1,1
persistent,128x4-full,3,ry,full,forward,24,128,4,9,3,24,64,16,8192,8,4.589431286,0.191226304,8192,1,0,1,1
persistent,128x4-full,3,ry,full,backward,24,128,4,9,3,24,80,9232,0,6,11.829253197,0.492885550,8192,1,0,1,1
persistent,128x4-full,3,ry,full-fixed,forward,24,128,4,9,5,24,64,16,8192,8,4.882568359,0.203440348,8192,1,0,1,1
persistent,128x4-full,3,ry,full-fixed,backward,24,128,4,9,5,24,80,9232,0,6,11.404456139,0.475185672,8192,1,0,1,1
persistent,128x4-full,3,rx,full,forward,24,128,4,9,3,24,55,16,8192,9,4.708770275,0.196198761,8192,1,0,1,1
persistent,128x4-full,3,rx,full,backward,24,128,4,9,3,24,74,9232,0,6,11.191090584,0.466295441,8192,1,0,1,1
persistent,128x4-full,3,rx,full-fixed,forward,24,128,4,9,5,24,55,16,8192,9,4.768324375,0.198680182,8192,1,0,1,1
persistent,128x4-full,3,rx,full-fixed,backward,24,128,4,9,5,24,74,9232,0,6,10.738653183,0.447443883,8192,1,0,1,1
persistent,128x4-nonpersistent,3,ry,full,forward,12,128,4,9,2,12,64,16,8192,8,0.014745600,0.001228800,8192,1,0,0,1
persistent,128x4-nonpersistent,3,ry,full,backward,12,128,4,9,2,12,76,9232,0,6,0.031194666,0.002599556,8192,1,0,0,1
persistent,128x4-nonpersistent,3,ry,full-fixed,forward,12,128,4,9,2,12,64,16,8192,8,0.014577067,0.001214756,8192,1,0,0,1
persistent,128x4-nonpersistent,3,ry,full-fixed,backward,12,128,4,9,2,12,76,9232,0,6,0.030712534,0.002559378,8192,1,0,0,1
persistent,128x4-nonpersistent,3,ry,full,forward,20,128,4,9,3,20,64,16,8192,8,0.164664537,0.008233227,8192,1,0,0,1
persistent,128x4-nonpersistent,3,ry,full,backward,20,128,4,9,3,20,76,9232,0,6,0.537363172,0.026868159,8192,1,0,0,1
persistent,128x4-nonpersistent,3,ry,full-fixed,forward,20,128,4,9,4,20,64,16,8192,8,0.199304536,0.009965227,8192,1,0,0,1
persistent,128x4-nonpersistent,3,ry,full-fixed,backward,20,128,4,9,4,20,76,9232,0,6,0.518860757,0.025943038,8192,1,0,0,1
persistent,128x4-nonpersistent,3,ry,full,forward,24,128,4,9,3,24,64,16,8192,8,3.163136005,0.131797334,8192,1,0,0,1
persistent,128x4-nonpersistent,3,ry,full,backward,24,128,4,9,3,24,76,9232,0,6,9.473160744,0.394715031,8192,1,0,0,1
persistent,128x4-nonpersistent,3,ry,full-fixed,forward,24,128,4,9,5,24,64,16,8192,8,4.094504356,0.170604348,8192,1,0,0,1
persistent,128x4-nonpersistent,3,ry,full-fixed,backward,24,128,4,9,5,24,76,9232,0,6,9.629833221,0.401243051,8192,1,0,0,1
persistent,128x4-nonpersistent,3,rx,full,forward,24,128,4,9,3,24,46,16,8192,10,3.093780279,0.128907512,8192,1,0,0,1
persistent,128x4-nonpersistent,3,rx,full,backward,24,128,4,9,3,24,68,9232,0,7,9.157222748,0.381550948,8192,1,0,0,1
persistent,128x4-nonpersistent,3,rx,full-fixed,forward,24,128,4,9,5,24,46,16,8192,10,4.092313766,0.170513074,8192,1,0,0,1
persistent,128x4-nonpersistent,3,rx,full-fixed,backward,24,128,4,9,5,24,68,9232,0,7,9.261977196,0.385915716,8192,1,0,0,1
reduction,128x4-full,3,rx,full-fixed,backward,20,128,4,9,4,20,74,9232,0,6,0.496093869,0.024804693,8192,1,0,1,1
reduction,128x4-full,3,ry,full-fixed,backward,20,128,4,9,4,20,80,9232,0,6,0.548181355,0.027409068,8192,1,0,1,1
reduction,128x4-full,3,rx,full-fixed,backward,24,128,4,9,5,24,74,9232,0,6,10.742750168,0.447614590,8192,1,0,1,1
reduction,128x4-full,3,ry,full-fixed,backward,24,128,4,9,5,24,80,9232,0,6,11.277448654,0.469893694,8192,1,0,1,1
reduction,128x4-hierarchical-reduction,3,rx,full-fixed,backward,20,128,4,9,4,20,72,9232,0,7,0.609928489,0.030496424,8192,1,0,1,0
reduction,128x4-hierarchical-reduction,3,ry,full-fixed,backward,20,128,4,9,4,20,74,9232,0,6,0.575618088,0.028780904,8192,1,0,1,0
reduction,128x4-hierarchical-reduction,3,rx,full-fixed,backward,24,128,4,9,5,24,72,9232,0,7,10.895121574,0.453963399,8192,1,0,1,0
reduction,128x4-hierarchical-reduction,3,ry,full-fixed,backward,24,128,4,9,5,24,74,9232,0,6,11.453816414,0.477242351,8192,1,0,1,0
reduction,64x16-full,3,rx,full-fixed,backward,20,64,16,10,3,20,172,16912,0,4,0.509789884,0.025489494,16384,1,0,1,1
reduction,64x16-full,3,ry,full-fixed,backward,20,64,16,10,3,20,255,16912,0,4,0.454485327,0.022724266,16384,1,0,1,1
reduction,64x16-full,3,rx,full-fixed,backward,24,64,16,10,4,24,172,16912,0,4,8.266547203,0.344439467,16384,1,0,1,1
reduction,64x16-full,3,ry,full-fixed,backward,24,64,16,10,4,24,255,16912,0,4,8.826675415,0.367778142,16384,1,0,1,1
reduction,64x16-hierarchical-reduction,3,rx,full-fixed,backward,20,64,16,10,3,20,174,16912,0,4,0.524800003,0.026240000,16384,1,0,1,0
reduction,64x16-hierarchical-reduction,3,ry,full-fixed,backward,20,64,16,10,3,20,255,16912,0,4,0.511522114,0.025576106,16384,1,0,1,0
reduction,64x16-hierarchical-reduction,3,rx,full-fixed,backward,24,64,16,10,4,24,174,16912,0,4,8.352700233,0.348029176,16384,1,0,1,0
reduction,64x16-hierarchical-reduction,3,ry,full-fixed,backward,24,64,16,10,4,24,255,16912,0,4,8.850772858,0.368782202,16384,1,0,1,0
shared-removal,128x4-full,3,ry,full-fixed,forward,20,128,4,9,4,20,64,16,8192,8,0.242107734,0.012105387,8192,1,0,1,1
shared-removal,128x4-full,3,ry,full-fixed,backward,20,128,4,9,4,20,80,9232,0,6,0.581051767,0.029052588,8192,1,0,1,1
shared-removal,128x4-full,3,rx,full-fixed,forward,24,128,4,9,5,24,55,16,8192,9,4.736853600,0.197368900,8192,1,0,1,1
shared-removal,128x4-full,4,ry,full-fixed,forward,24,128,4,9,5,24,64,16,8192,8,4.823210716,0.200967113,8192,1,0,1,1
shared-removal,128x4-full,4,ry,full-fixed,backward,24,128,4,9,5,24,80,9232,0,6,11.299669266,0.470819553,8192,1,0,1,1
shared-removal,32x4-no-mailbox,4,ry,full-fixed,forward,20,32,4,7,8,20,62,8,0,24,0.283170134,0.014158507,0,1,0,1,1
shared-removal,32x4-no-mailbox,4,ry,full-fixed,backward,20,32,4,7,8,20,72,264,0,24,0.584260225,0.029213011,0,1,0,1,1
shared-removal,32x4-no-mailbox,4,rx,full-fixed,forward,24,32,4,7,10,24,52,8,0,24,8.403182983,0.350132624,0,1,0,1,1
shared-removal,32x4-no-mailbox,4,rx,full-fixed,backward,24,32,4,7,10,24,72,264,0,24,16.701299667,0.695887486,0,1,0,1,1
shared-removal,32x4-no-mailbox,4,ry,full-fixed,forward,24,32,4,7,10,24,62,8,0,24,8.355815887,0.348158995,0,1,0,1,1
shared-removal,32x4-no-mailbox,4,ry,full-fixed,backward,24,32,4,7,10,24,72,264,0,24,16.818584442,0.700774352,0,1,0,1,1
shared-removal,32x16-no-mailbox,4,ry,full-fixed,forward,20,32,16,9,4,20,118,8,0,16,0.195654392,0.009782720,0,1,0,1,1
shared-removal,32x16-no-mailbox,4,ry,full-fixed,backward,20,32,16,9,4,20,172,264,0,8,0.524629354,0.026231468,0,1,0,1,1
shared-removal,32x16-no-mailbox,4,rx,full-fixed,forward,24,32,16,9,5,24,114,8,0,16,4.492867947,0.187202831,0,1,0,1,1
shared-removal,32x16-no-mailbox,4,rx,full-fixed,backward,24,32,16,9,5,24,170,264,0,8,9.431551933,0.392981331,0,1,0,1,1
shared-removal,32x16-no-mailbox,4,ry,full-fixed,forward,24,32,16,9,5,24,118,8,0,16,4.457403660,0.185725152,0,1,0,1,1
shared-removal,32x16-no-mailbox,4,ry,full-fixed,backward,24,32,16,9,5,24,172,264,0,8,9.632631302,0.401359638,0,1,0,1,1
mailbox-capacity,64x16-full,4,rx,full-fixed,forward,24,64,16,10,4,24,116,16,16384,5,3.935709953,0.163987915,16384,1,0,1,1
mailbox-capacity,64x16-full,4,rx,full-fixed,backward,24,64,16,10,4,24,172,16912,0,4,8.330920219,0.347121676,16384,1,0,1,1
mailbox-capacity,64x16-full,4,ry,full-fixed,forward,24,64,16,10,4,24,152,16,16384,5,4.004830837,0.166867952,16384,1,0,1,1
mailbox-capacity,64x16-full,4,ry,full-fixed,backward,24,64,16,10,4,24,255,16912,0,4,8.869238853,0.369551619,16384,1,0,1,1
mailbox-capacity,64x16-half,4,rx,full-fixed,forward,24,64,16,10,4,24,116,16,8192,8,3.913557529,0.163064897,8192,2,0,1,1
mailbox-capacity,64x16-half,4,rx,full-fixed,backward,24,64,16,10,4,24,172,8720,0,4,8.256818771,0.344034115,8192,2,0,1,1
mailbox-capacity,64x16-half,4,ry,full-fixed,forward,24,64,16,10,4,24,122,16,8192,8,3.732241154,0.155510048,8192,2,0,1,1
mailbox-capacity,64x16-half,4,ry,full-fixed,backward,24,64,16,10,4,24,255,8720,0,4,8.884798050,0.370199919,8192,2,0,1,1
mailbox-capacity,64x16-quarter,4,rx,full-fixed,forward,24,64,16,10,4,24,116,16,4096,8,3.857747078,0.160739462,4096,4,0,1,1
mailbox-capacity,64x16-quarter,4,rx,full-fixed,backward,24,64,16,10,4,24,172,4624,0,4,8.363519669,0.348479986,4096,4,0,1,1
mailbox-capacity,64x16-quarter,4,ry,full-fixed,forward,24,64,16,10,4,24,120,16,4096,8,3.863654375,0.160985599,4096,4,0,1,1
mailbox-capacity,64x16-quarter,4,ry,full-fixed,backward,24,64,16,10,4,24,255,4624,0,4,8.929621696,0.372067571,4096,4,0,1,1
mailbox-capacity,64x16-scalar-ry,4,ry,full-fixed,forward,24,64,16,10,4,24,120,16,8192,8,3.843345165,0.160139382,8192,1,1,1,1
mailbox-capacity,64x16-scalar-ry,4,ry,full-fixed,backward,24,64,16,10,4,24,255,8720,0,4,9.209616661,0.383734028,8192,1,1,1,1
mailbox-capacity,64x32-full,4,rx,full-fixed,forward,24,64,32,11,4,24,206,16,32768,3,4.058112144,0.169088006,32768,1,0,1,1
mailbox-capacity,64x32-full,4,rx,full-fixed,backward,24,64,32,11,4,24,255,33296,0,2,11.642333984,0.485097249,32768,1,0,1,1
mailbox-capacity,64x32-full,4,ry,full-fixed,forward,24,64,32,11,4,24,218,16,32768,3,4.024217606,0.167675734,32768,1,0,1,1
mailbox-capacity,64x32-full,4,ry,full-fixed,backward,24,64,32,11,4,24,255,33296,0,2,11.652943611,0.485539317,32768,1,0,1,1
mailbox-capacity,64x32-half,4,rx,full-fixed,forward,24,64,32,11,4,24,206,16,16384,4,3.982779741,0.165949156,16384,2,0,1,1
mailbox-capacity,64x32-half,4,rx,full-fixed,backward,24,64,32,11,4,24,255,16912,0,4,10.807330132,0.450305422,16384,2,0,1,1
mailbox-capacity,64x32-half,4,ry,full-fixed,forward,24,64,32,11,4,24,222,16,16384,4,3.904955864,0.162706494,16384,2,0,1,1
mailbox-capacity,64x32-half,4,ry,full-fixed,backward,24,64,32,11,4,24,255,16912,0,4,10.609630585,0.442067941,16384,2,0,1,1
mailbox-capacity,64x32-quarter,4,rx,full-fixed,forward,24,64,32,11,4,24,206,16,8192,4,3.927381277,0.163640887,8192,4,0,1,1
mailbox-capacity,64x32-quarter,4,rx,full-fixed,backward,24,64,32,11,4,24,255,8720,0,4,10.480538368,0.436689099,8192,4,0,1,1
mailbox-capacity,64x32-quarter,4,ry,full-fixed,forward,24,64,32,11,4,24,216,16,8192,4,3.856418133,0.160684089,8192,4,0,1,1
mailbox-capacity,64x32-quarter,4,ry,full-fixed,backward,24,64,32,11,4,24,255,8720,0,4,10.403840065,0.433493336,8192,4,0,1,1
mailbox-capacity,64x32-scalar-ry,4,ry,full-fixed,forward,24,64,32,11,4,24,218,16,16384,4,3.881881714,0.161745071,16384,1,1,1,1
mailbox-capacity,64x32-scalar-ry,4,ry,full-fixed,backward,24,64,32,11,4,24,255,16912,0,4,10.706943512,0.446122646,16384,1,1,1,1
warp-continuity,128x4-full,4,ry,full-fixed,forward,20,128,4,9,4,20,64,16,8192,8,0.231486946,0.011574347,8192,1,0,1,1
warp-continuity,128x4-full,4,ry,full-fixed,backward,20,128,4,9,4,20,80,9232,0,6,0.488550395,0.024427520,8192,1,0,1,1
warp-continuity,128x4-full,4,ry,full-pairs,forward,20,128,4,9,5,20,64,16,8192,8,0.268627197,0.013431360,8192,1,0,1,1
warp-continuity,128x4-full,4,ry,full-pairs,backward,20,128,4,9,5,20,80,9232,0,6,0.570231438,0.028511572,8192,1,0,1,1
warp-continuity,128x4-full,4,ry,full-fixed,forward,24,128,4,9,5,24,64,16,8192,8,4.831641674,0.201318403,8192,1,0,1,1
warp-continuity,128x4-full,4,ry,full-fixed,backward,24,128,4,9,5,24,80,9232,0,6,11.296018600,0.470667442,8192,1,0,1,1
warp-continuity,128x4-full,4,ry,full-pairs,forward,24,128,4,9,6,24,64,16,8192,8,5.567146778,0.231964449,8192,1,0,1,1
warp-continuity,128x4-full,4,ry,full-pairs,backward,24,128,4,9,6,24,80,9232,0,6,12.317013741,0.513208906,8192,1,0,1,1
warp-continuity,128x4-full,4,ry,full-fixed,forward,26,128,4,9,6,26,64,16,8192,8,22.898681641,0.880718525,8192,1,0,1,1
warp-continuity,128x4-full,4,ry,full-fixed,backward,26,128,4,9,6,26,80,9232,0,6,52.092998505,2.003576866,8192,1,0,1,1
warp-continuity,128x4-full,4,ry,full-pairs,forward,26,128,4,9,7,26,64,16,8192,8,25.821184158,0.993122468,8192,1,0,1,1
warp-continuity,128x4-full,4,ry,full-pairs,backward,26,128,4,9,7,26,80,9232,0,6,55.533729553,2.135912675,8192,1,0,1,1
warp-continuity,128x4-full,4,rx,full-fixed,forward,24,128,4,9,5,24,55,16,8192,9,4.799317360,0.199971557,8192,1,0,1,1
warp-continuity,128x4-full,4,rx,full-fixed,backward,24,128,4,9,5,24,74,9232,0,6,10.754458427,0.448102434,8192,1,0,1,1
warp-continuity,128x4-full,4,rx,full-pairs,forward,24,128,4,9,6,24,55,16,8192,9,5.559773922,0.231657247,8192,1,0,1,1
warp-continuity,128x4-full,4,rx,full-pairs,backward,24,128,4,9,6,24,74,9232,0,6,12.011246681,0.500468612,8192,1,0,1,1
warp-continuity,64x16-full,4,ry,full-fixed,forward,20,64,16,10,3,20,152,16,16384,5,0.208145067,0.010407253,16384,1,0,1,1
warp-continuity,64x16-full,4,ry,full-fixed,backward,20,64,16,10,3,20,255,16912,0,4,0.525994658,0.026299733,16384,1,0,1,1
warp-continuity,64x16-full,4,ry,full-pairs,forward,20,64,16,10,4,20,152,16,16384,5,0.268253863,0.013412693,16384,1,0,1,1
warp-continuity,64x16-full,4,ry,full-pairs,backward,20,64,16,10,4,20,255,16912,0,4,0.498688012,0.024934401,16384,1,0,1,1
warp-continuity,64x16-full,4,ry,full-fixed,forward,24,64,16,10,4,24,152,16,16384,5,4.008821487,0.167034229,16384,1,0,1,1
warp-continuity,64x16-full,4,ry,full-fixed,backward,24,64,16,10,4,24,255,16912,0,4,8.922252655,0.371760527,16384,1,0,1,1
warp-continuity,64x16-full,4,ry,full-pairs,forward,24,64,16,10,5,24,152,16,16384,5,4.714768887,0.196448704,16384,1,0,1,1
warp-continuity,64x16-full,4,ry,full-pairs,backward,24,64,16,10,5,24,255,16912,0,4,10.077935219,0.419913967,16384,1,0,1,1
warp-continuity,64x16-full,4,ry,full-fixed,forward,26,64,16,10,5,26,152,16,16384,5,19.061622620,0.733139332,16384,1,0,1,1
warp-continuity,64x16-full,4,ry,full-fixed,backward,26,64,16,10,5,26,255,16912,0,4,41.464660645,1.594794640,16384,1,0,1,1
warp-continuity,64x16-full,4,ry,full-pairs,forward,26,64,16,10,5,26,152,16,16384,5,18.932733536,0.728182059,16384,1,0,1,1
warp-continuity,64x16-full,4,ry,full-pairs,backward,26,64,16,10,5,26,255,16912,0,4,39.755878448,1.529072248,16384,1,0,1,1
warp-continuity,64x16-full,4,rx,full-fixed,forward,24,64,16,10,4,24,116,16,16384,5,3.970218658,0.165425777,16384,1,0,1,1
warp-continuity,64x16-full,4,rx,full-fixed,backward,24,64,16,10,4,24,172,16912,0,4,8.208281517,0.342011730,16384,1,0,1,1
warp-continuity,64x16-full,4,rx,full-pairs,forward,24,64,16,10,5,24,116,16,16384,5,4.745181561,0.197715898,16384,1,0,1,1
warp-continuity,64x16-full,4,rx,full-pairs,backward,24,64,16,10,5,24,172,16912,0,4,9.662014008,0.402583917,16384,1,0,1,1
persistent,128x4-full,4,ry,full,forward,12,128,4,9,2,12,64,16,8192,8,0.015837867,0.001319822,8192,1,0,1,1
persistent,128x4-full,4,ry,full,backward,12,128,4,9,2,12,80,9232,0,6,0.032834131,0.002736178,8192,1,0,1,1
persistent,128x4-full,4,ry,full-fixed,forward,12,128,4,9,2,12,64,16,8192,8,0.015699200,0.001308267,8192,1,0,1,1
persistent,128x4-full,4,ry,full-fixed,backward,12,128,4,9,2,12,80,9232,0,6,0.032228269,0.002685689,8192,1,0,1,1
persistent,128x4-full,4,ry,full,forward,20,128,4,9,3,20,64,16,8192,8,0.214084253,0.010704213,8192,1,0,1,1
persistent,128x4-full,4,ry,full,backward,20,128,4,9,3,20,80,9232,0,6,0.555997849,0.027799892,8192,1,0,1,1
persistent,128x4-full,4,ry,full-fixed,forward,20,128,4,9,4,20,64,16,8192,8,0.240605861,0.012030293,8192,1,0,1,1
persistent,128x4-full,4,ry,full-fixed,backward,20,128,4,9,4,20,80,9232,0,6,0.573986113,0.028699306,8192,1,0,1,1
persistent,128x4-full,4,ry,full,forward,24,128,4,9,3,24,64,16,8192,8,4.590967178,0.191290299,8192,1,0,1,1
persistent,128x4-full,4,ry,full,backward,24,128,4,9,3,24,80,9232,0,6,11.934924126,0.497288505,8192,1,0,1,1
persistent,128x4-full,4,ry,full-fixed,forward,24,128,4,9,5,24,64,16,8192,8,4.914079666,0.204753319,8192,1,0,1,1
persistent,128x4-full,4,ry,full-fixed,backward,24,128,4,9,5,24,80,9232,0,6,11.428872108,0.476203005,8192,1,0,1,1
persistent,128x4-full,4,rx,full,forward,24,128,4,9,3,24,55,16,8192,9,4.706337929,0.196097414,8192,1,0,1,1
persistent,128x4-full,4,rx,full,backward,24,128,4,9,3,24,74,9232,0,6,11.427021027,0.476125876,8192,1,0,1,1
persistent,128x4-full,4,rx,full-fixed,forward,24,128,4,9,5,24,55,16,8192,9,4.863214970,0.202633957,8192,1,0,1,1
persistent,128x4-full,4,rx,full-fixed,backward,24,128,4,9,5,24,74,9232,0,6,10.863957405,0.452664892,8192,1,0,1,1
persistent,128x4-nonpersistent,4,ry,full,forward,12,128,4,9,2,12,64,16,8192,8,0.014600533,0.001216711,8192,1,0,0,1
persistent,128x4-nonpersistent,4,ry,full,backward,12,128,4,9,2,12,76,9232,0,6,0.031228801,0.002602400,8192,1,0,0,1
persistent,128x4-nonpersistent,4,ry,full-fixed,forward,12,128,4,9,2,12,64,16,8192,8,0.014439466,0.001203289,8192,1,0,0,1
persistent,128x4-nonpersistent,4,ry,full-fixed,backward,12,128,4,9,2,12,76,9232,0,6,0.030578133,0.002548178,8192,1,0,0,1
persistent,128x4-nonpersistent,4,ry,full,forward,20,128,4,9,3,20,64,16,8192,8,0.153531730,0.007676587,8192,1,0,0,1
persistent,128x4-nonpersistent,4,ry,full,backward,20,128,4,9,3,20,76,9232,0,6,0.535449624,0.026772481,8192,1,0,0,1
persistent,128x4-nonpersistent,4,ry,full-fixed,forward,20,128,4,9,4,20,64,16,8192,8,0.155886933,0.007794347,8192,1,0,0,1
persistent,128x4-nonpersistent,4,ry,full-fixed,backward,20,128,4,9,4,20,76,9232,0,6,0.538931191,0.026946560,8192,1,0,0,1
persistent,128x4-nonpersistent,4,ry,full,forward,24,128,4,9,3,24,64,16,8192,8,3.048379660,0.127015819,8192,1,0,0,1
persistent,128x4-nonpersistent,4,ry,full,backward,24,128,4,9,3,24,76,9232,0,6,9.535248756,0.397302032,8192,1,0,0,1
persistent,128x4-nonpersistent,4,ry,full-fixed,forward,24,128,4,9,5,24,64,16,8192,8,4.060159206,0.169173300,8192,1,0,0,1
persistent,128x4-nonpersistent,4,ry,full-fixed,backward,24,128,4,9,5,24,76,9232,0,6,9.721139908,0.405047496,8192,1,0,0,1
persistent,128x4-nonpersistent,4,rx,full,forward,24,128,4,9,3,24,46,16,8192,10,3.116339207,0.129847467,8192,1,0,0,1
persistent,128x4-nonpersistent,4,rx,full,backward,24,128,4,9,3,24,68,9232,0,7,9.150765419,0.381281892,8192,1,0,0,1
persistent,128x4-nonpersistent,4,rx,full-fixed,forward,24,128,4,9,5,24,46,16,8192,10,4.110745430,0.171281060,8192,1,0,0,1
persistent,128x4-nonpersistent,4,rx,full-fixed,backward,24,128,4,9,5,24,68,9232,0,7,9.203404427,0.383475184,8192,1,0,0,1
reduction,128x4-full,4,rx,full-fixed,backward,20,128,4,9,4,20,74,9232,0,6,0.507596791,0.025379840,8192,1,0,1,1
reduction,128x4-full,4,ry,full-fixed,backward,20,128,4,9,4,20,80,9232,0,6,0.565078437,0.028253922,8192,1,0,1,1
reduction,128x4-full,4,rx,full-fixed,backward,24,128,4,9,5,24,74,9232,0,6,10.831019402,0.451292475,8192,1,0,1,1
reduction,128x4-full,4,ry,full-fixed,backward,24,128,4,9,5,24,80,9232,0,6,11.348512650,0.472854694,8192,1,0,1,1
reduction,128x4-hierarchical-reduction,4,rx,full-fixed,backward,20,128,4,9,4,20,72,9232,0,7,0.596923769,0.029846188,8192,1,0,1,0
reduction,128x4-hierarchical-reduction,4,ry,full-fixed,backward,20,128,4,9,4,20,74,9232,0,6,0.551185012,0.027559251,8192,1,0,1,0
reduction,128x4-hierarchical-reduction,4,rx,full-fixed,backward,24,128,4,9,5,24,72,9232,0,7,11.007047653,0.458626986,8192,1,0,1,0
reduction,128x4-hierarchical-reduction,4,ry,full-fixed,backward,24,128,4,9,5,24,74,9232,0,6,11.489381790,0.478724241,8192,1,0,1,0
reduction,64x16-full,4,rx,full-fixed,backward,20,64,16,10,3,20,172,16912,0,4,0.505709887,0.025285494,16384,1,0,1,1
reduction,64x16-full,4,ry,full-fixed,backward,20,64,16,10,3,20,255,16912,0,4,0.506914139,0.025345707,16384,1,0,1,1
reduction,64x16-full,4,rx,full-fixed,backward,24,64,16,10,4,24,172,16912,0,4,8.297742844,0.345739285,16384,1,0,1,1
reduction,64x16-full,4,ry,full-fixed,backward,24,64,16,10,4,24,255,16912,0,4,8.895488739,0.370645364,16384,1,0,1,1
reduction,64x16-hierarchical-reduction,4,rx,full-fixed,backward,20,64,16,10,3,20,174,16912,0,4,0.509483695,0.025474185,16384,1,0,1,0
reduction,64x16-hierarchical-reduction,4,ry,full-fixed,backward,20,64,16,10,3,20,255,16912,0,4,0.488622934,0.024431147,16384,1,0,1,0
reduction,64x16-hierarchical-reduction,4,rx,full-fixed,backward,24,64,16,10,4,24,174,16912,0,4,8.423287392,0.350970308,16384,1,0,1,0
reduction,64x16-hierarchical-reduction,4,ry,full-fixed,backward,24,64,16,10,4,24,255,16912,0,4,8.888080597,0.370336692,16384,1,0,1,0
shared-removal,128x4-full,4,ry,full-fixed,forward,20,128,4,9,4,20,64,16,8192,8,0.232925862,0.011646293,8192,1,0,1,1
shared-removal,128x4-full,4,ry,full-fixed,backward,20,128,4,9,4,20,80,9232,0,6,0.533401608,0.026670080,8192,1,0,1,1
shared-removal,128x4-full,4,rx,full-fixed,forward,24,128,4,9,5,24,55,16,8192,9,4.852258205,0.202177425,8192,1,0,1,1
shared-removal,128x4-full,4,rx,full-fixed,backward,24,128,4,9,5,24,74,9232,0,6,10.776268959,0.449011207,8192,1,0,1,1
