experiment_group,hardware,category,decision,scope,circuit,qubits,layers,shape,forward_phase_plan,backward_phase_plan,production_choice,candidate_choice,paired_samples,candidate_over_production,paired_ratio_mad,production_improvement_percent,candidate_over_production_forward,candidate_over_production_hamiltonian,candidate_over_production_backward,verdict_at_2_percent,correct,max_energy_abs_error,max_gradient_abs_error,source_fingerprint,source_raw
structure_and_diagonal_strategy_experiment,NVIDIA RTX 6000 Ada,bond_schedule,xxz_matching,production_e2e,xxz-hva,10,8,f32r2_b32r2,,,cross-matching,separate-matchings,4,1.100254839485273,0.0011306466776038748,10.025483948527292,1.1913850272734483,1.0139061685290358,1.063857981907155,production_faster,1,8.326672684688674e-17,8.881784197001252e-16,eaaa4b6fbc890836,benchmark/results/structure_policy_paired_raw.csv
structure_and_diagonal_strategy_experiment,NVIDIA RTX 6000 Ada,bond_schedule,xxz_matching,production_e2e,xxz-hva,12,8,f32r2_b32r2,,,cross-matching,separate-matchings,4,1.1069570904722077,0.00104294899169044,10.69570904722077,1.1913061438378727,1.0104561585052998,1.0738166999667746,production_faster,1,2.0816681711721685e-16,4.3021142204224816e-16,eaaa4b6fbc890836,benchmark/results/structure_policy_paired_raw.csv
structure_and_diagonal_strategy_experiment,NVIDIA RTX 6000 Ada,bond_schedule,xxz_matching,production_e2e,xxz-hva,14,8,f32r2_b32r2,,,cross-matching,separate-matchings,4,1.1693963086594366,0.00021307297141948123,16.939630865943656,1.3013552104660893,1.004470636525692,1.1137534677074508,production_faster,1,2.255140518769849e-16,4.0766001685454967e-16,eaaa4b6fbc890836,benchmark/results/structure_policy_paired_raw.csv
structure_and_diagonal_strategy_experiment,NVIDIA RTX 6000 Ada,bond_schedule,xxz_matching,production_e2e,xxz-hva,16,8,f64r2_b64r2,,,cross-matching,separate-matchings,4,1.0959473682774896,0.0007063962460841511,9.594736827748962,1.1447760547495682,1.0166683660680778,1.0786533538243215,production_faster,1,1.1796119636642288e-16,1.942890293094024e-16,eaaa4b6fbc890836,benchmark/results/structure_policy_paired_raw.csv
structure_and_diagonal_strategy_experiment,NVIDIA RTX 6000 Ada,bond_schedule,xxz_matching,production_e2e,xxz-hva,18,8,f32r2_b32r2,,,cross-matching,separate-matchings,4,1.0542676136071383,0.00024641528284774505,5.426761360713828,1.0933968563572394,0.9972525638882634,1.052654259523187,production_faster,1,1.1796119636642288e-16,3.191891195797325e-16,eaaa4b6fbc890836,benchmark/results/structure_policy_paired_raw.csv
structure_and_diagonal_strategy_experiment,NVIDIA RTX 6000 Ada,bond_schedule,xxz_matching,production_e2e,xxz-hva,20,8,f128r2_b128r2,,,cross-matching,separate-matchings,4,1.012107359235285,0.00024621543070690866,1.2107359235284942,1.0231814053808586,1.0061995447832595,1.0033696303297037,near_tie_keep_production,1,6.245004513516506e-17,3.3306690738754696e-16,eaaa4b6fbc890836,benchmark/results/structure_policy_paired_raw.csv
structure_and_diagonal_strategy_experiment,NVIDIA RTX 6000 Ada,bond_schedule,xxz_matching,production_e2e,xxz-hva,22,8,f128r3_b32r3,,,cross-matching,separate-matchings,4,1.013767303885464,0.002167699893004027,1.3767303885463988,1.0164741136687159,0.9977478190959509,1.0147732564575218,near_tie_keep_production,1,9.71445146547012e-17,7.632783294297951e-16,eaaa4b6fbc890836,benchmark/results/structure_policy_paired_raw.csv
structure_and_diagonal_strategy_experiment,NVIDIA RTX 6000 Ada,bond_schedule,xxz_matching,production_e2e,xxz-hva,24,8,f128r3_b32r3,,,cross-matching,separate-matchings,4,1.0240260778245678,0.0027946374599802093,2.402607782456778,1.0282126335009967,1.016164433269386,1.0234422605802742,production_faster,1,2.7755575615628914e-17,1.4988010832439613e-15,eaaa4b6fbc890836,benchmark/results/structure_policy_paired_raw.csv
structure_and_diagonal_strategy_experiment,NVIDIA RTX 6000 Ada,bond_schedule,xxz_matching,production_e2e,xxz-hva,26,8,f128r3_b32r3,,,cross-matching,separate-matchings,3,1.0316000307001032,0.0011150614953003846,3.16000307001032,1.0385088136706642,1.0108726710458882,1.029734659962796,production_faster,1,5.551115123125783e-17,1.0103029524088925e-14,eaaa4b6fbc890836,benchmark/results/structure_policy_paired_raw.csv
structure_and_diagonal_strategy_experiment,NVIDIA RTX 6000 Ada,bond_schedule,xxz_matching,production_e2e,xxz-hva,28,8,f128r3_b32r3,,,cross-matching,separate-matchings,3,1.031039543170736,9.876308203260464e-06,3.1039543170735984,1.0421140994767144,1.0141927608075056,1.0265825874627925,production_faster,1,4.85722573273506e-17,6.8833827526759706e-15,eaaa4b6fbc890836,benchmark/results/structure_policy_paired_raw.csv
structure_and_diagonal_strategy_experiment,NVIDIA RTX 6000 Ada,bond_schedule,xxz_matching,production_e2e,xxz-hva,4,8,f32r2_b32r2,,,cross-matching,separate-matchings,4,1.0122872558376734,0.00018364508543844416,1.2287255837673428,0.9998131112666105,0.9960645371232304,1.0219676302078085,near_tie_keep_production,1,0.0,2.220446049250313e-16,eaaa4b6fbc890836,benchmark/results/structure_policy_paired_raw.csv
structure_and_diagonal_strategy_experiment,NVIDIA RTX 6000 Ada,bond_schedule,xxz_matching,production_e2e,xxz-hva,6,8,f32r2_b32r2_xsep,,,separate-matchings,cross-matching,4,1.0219633275612354,0.0015062834315654472,2.1963327561235424,1.0003730505656105,0.9931751030641206,1.03622224613351,production_faster,1,0.0,2.220446049250313e-16,2c2c68f153050e9e,benchmark/results/structure_policy_paired_raw.csv
structure_and_diagonal_strategy_experiment,NVIDIA RTX 6000 Ada,bond_schedule,xxz_matching,production_e2e,xxz-hva,8,8,f64r2_b64r2,,,cross-matching,separate-matchings,4,1.0040826737288018,0.002308978675411133,0.4082673728801778,1.0041608235862451,0.9977828709932157,1.0023343998742553,near_tie_keep_production,1,0.0,1.1102230246251565e-16,eaaa4b6fbc890836,benchmark/results/structure_policy_paired_raw.csv
structure_and_diagonal_strategy_experiment,NVIDIA RTX 6000 Ada,diagonal,diagonal_lookup_bits,production_e2e,rzz-hea,10,8,f32r2_b32r2_d6,compact:L2R2W0-L4R2W0,compact:L4R2W0-L2R2W0,k6,k10,4,1.01773830880694,0.00800856122350102,1.773830880694005,1.0311834873687529,0.9960336952329765,1.0092013027704057,near_tie_keep_production,1,0.0,9.43689570931383e-16,2280a4f95fff7184,benchmark/results/structure_policy_paired_raw.csv
structure_and_diagonal_strategy_experiment,NVIDIA RTX 6000 Ada,diagonal,diagonal_lookup_bits,production_e2e,rzz-hea,10,8,f32r2_b32r2_d6,compact:L2R2W0-L4R2W0,compact:L4R2W0-L2R2W0,k6,k8,4,1.0234958272397519,0.0019045161521595855,2.3495827239751854,1.0289910126835642,0.9903148737111708,1.0188015223301166,production_faster,1,2.220446049250313e-16,1.1102230246251565e-15,2280a4f95fff7184,benchmark/results/structure_policy_paired_raw.csv
structure_and_diagonal_strategy_experiment,NVIDIA RTX 6000 Ada,diagonal,diagonal_lookup_bits,production_e2e,rzz-hea,20,8,f128r2_b128r2_d10,,,k10,k6,4,1.0586921583166806,0.0005950471153022274,5.869215831668062,1.1243578608671747,1.0008781485183995,1.040056110299618,production_faster,1,9.992007221626409e-16,1.887379141862766e-15,2280a4f95fff7184,benchmark/results/structure_policy_paired_raw.csv
structure_and_diagonal_strategy_experiment,NVIDIA RTX 6000 Ada,diagonal,diagonal_lookup_bits,production_e2e,rzz-hea,20,8,f128r2_b128r2_d10,,,k10,k8,4,1.046044602581288,0.00047694965060984806,4.604460258128795,1.0921622846445316,1.0014695965310745,1.0285935264186588,production_faster,1,5.551115123125783e-16,1.9984014443252818e-15,2280a4f95fff7184,benchmark/results/structure_policy_paired_raw.csv
structure_and_diagonal_strategy_experiment,NVIDIA RTX 6000 Ada,diagonal,diagonal_lookup_bits,production_e2e,rzz-hea,24,8,f64r3_b64r4,,,k8,k10,4,1.0028727283856025,0.0019523750851988542,0.28727283856024854,1.003002850270614,1.0066746844217669,1.0041248349035965,near_tie_keep_production,1,1.7763568394002505e-15,1.9984014443252818e-15,2280a4f95fff7184,benchmark/results/structure_policy_paired_raw.csv
structure_and_diagonal_strategy_experiment,NVIDIA RTX 6000 Ada,diagonal,diagonal_lookup_bits,production_e2e,rzz-hea,24,8,f64r3_b64r4,,,k8,k6,4,1.0040573747490855,0.0035523807824095477,0.40573747490855183,1.0245579072788118,0.995030877487135,0.9962256207100462,near_tie_keep_production,1,5.329070518200751e-15,1.7763568394002505e-15,2280a4f95fff7184,benchmark/results/structure_policy_paired_raw.csv
structure_and_diagonal_strategy_experiment,NVIDIA RTX 6000 Ada,diagonal,diagonal_lookup_bits,production_e2e,rzz-hea,28,8,f64r4_b128r3,,,k8,k10,3,1.0014927262147708,0.0007895675982823036,0.1492726214770812,1.002573699531433,1.0018356423477857,0.9995391086736992,near_tie_keep_production,1,9.159339953157541e-16,2.4424906541753444e-15,2280a4f95fff7184,benchmark/results/structure_policy_paired_raw.csv
structure_and_diagonal_strategy_experiment,NVIDIA RTX 6000 Ada,diagonal,diagonal_lookup_bits,production_e2e,rzz-hea,28,8,f64r4_b128r3,,,k8,k6,3,1.0200074304835207,0.00038645288982785964,2.0007430483520716,1.0537080866037878,1.0094182204586577,1.0087184115454955,production_faster,1,2.609024107869118e-15,2.4424906541753444e-15,2280a4f95fff7184,benchmark/results/structure_policy_paired_raw.csv
structure_and_diagonal_strategy_experiment,NVIDIA RTX 6000 Ada,diagonal,diagonal_lookup_bits,production_e2e,su2-hea,10,8,f32r2_b32r2,compact:L4R0W0-L5R1W0,compact:L2R2W0-L4R2W0,k8,k10,4,0.9957753954246424,0.0006723614727162652,-0.422460457535756,0.9940568823506994,0.9949798321306691,0.9975539682997048,near_tie_keep_production,1,5.551115123125783e-17,5.967448757360216e-16,2280a4f95fff7184,benchmark/results/structure_policy_paired_raw.csv
structure_and_diagonal_strategy_experiment,NVIDIA RTX 6000 Ada,diagonal,diagonal_lookup_bits,production_e2e,su2-hea,10,8,f32r2_b32r2,compact:L4R0W0-L5R1W0,compact:L2R2W0-L4R2W0,k8,k6,4,0.9971515222963249,0.003239802601041286,-0.2848477703675134,0.9990178123334192,0.9941142708196189,0.9959560388503224,near_tie_keep_production,1,1.8041124150158794e-16,4.718447854656915e-16,2280a4f95fff7184,benchmark/results/structure_policy_paired_raw.csv
structure_and_diagonal_strategy_experiment,NVIDIA RTX 6000 Ada,diagonal,diagonal_lookup_bits,production_e2e,su2-hea,20,8,f128r2_b128r2,,,k8,k10,4,0.9871869763153907,0.0007239782755048552,-1.2813023684609348,0.9784697415586575,0.8465551135242035,0.9945928927004279,near_tie_keep_production,1,2.220446049250313e-16,1.8735013540549517e-16,2280a4f95fff7184,benchmark/results/structure_policy_paired_raw.csv
structure_and_diagonal_strategy_experiment,NVIDIA RTX 6000 Ada,diagonal,diagonal_lookup_bits,production_e2e,su2-hea,20,8,f128r2_b128r2,,,k8,k6,4,1.0179385872426976,0.0010713108684922146,1.793858724269759,1.0351294833882383,1.0081313815095458,1.012558197779395,near_tie_keep_production,1,1.6653345369377348e-16,1.734723475976807e-16,2280a4f95fff7184,benchmark/results/structure_policy_paired_raw.csv
structure_and_diagonal_strategy_experiment,NVIDIA RTX 6000 Ada,diagonal,diagonal_lookup_bits,production_e2e,su2-hea,24,8,f128r3_b64r4,,,k8,k10,4,1.0023250143406384,0.0060222641450726755,0.2325014340638365,0.9997921584883274,1.0135567355890234,1.002368745606486,near_tie_keep_production,1,1.1102230246251565e-16,1.6653345369377348e-16,2280a4f95fff7184,benchmark/results/structure_policy_paired_raw.csv
structure_and_diagonal_strategy_experiment,NVIDIA RTX 6000 Ada,diagonal,diagonal_lookup_bits,production_e2e,su2-hea,24,8,f128r3_b64r4,,,k8,k6,4,1.0078026643991893,0.0060517101979865595,0.7802664399189307,1.0213531324299707,0.9784940995273064,1.0069005654559116,near_tie_keep_production,1,6.938893903907228e-17,1.6653345369377348e-16,2280a4f95fff7184,benchmark/results/structure_policy_paired_raw.csv
structure_and_diagonal_strategy_experiment,NVIDIA RTX 6000 Ada,diagonal,diagonal_lookup_bits,production_e2e,su2-hea,28,8,f128r3_b64r4,,,k8,k10,3,0.9945616335229,0.0012705479658983165,-0.5438366477100054,0.9889125683706065,1.0045485365146365,0.9959397241224138,near_tie_keep_production,1,1.3183898417423734e-16,2.220446049250313e-16,2280a4f95fff7184,benchmark/results/structure_policy_paired_raw.csv
structure_and_diagonal_strategy_experiment,NVIDIA RTX 6000 Ada,diagonal,diagonal_lookup_bits,production_e2e,su2-hea,28,8,f128r3_b64r4,,,k8,k6,3,1.0106865646572845,0.0005864306079101933,1.0686564657284459,1.0252729467754595,1.0034196583276884,1.0062304971446883,near_tie_keep_production,1,1.1102230246251565e-16,1.942890293094024e-16,2280a4f95fff7184,benchmark/results/structure_policy_paired_raw.csv
structure_and_diagonal_strategy_experiment,NVIDIA RTX 6000 Ada,diagonal,diagonal_reduction,production_e2e,rzz-hea,20,8,f128r2_b128r2_d10,,,cta,warp-atomic,4,1.0074027250873452,0.0013581303267364842,0.7402725087345186,0.9993589294337811,1.0022852531129778,0.9990897362482983,near_tie_keep_production,1,5.551115123125783e-16,2.6645352591003757e-15,2280a4f95fff7184,benchmark/results/structure_policy_paired_raw.csv
structure_and_diagonal_strategy_experiment,NVIDIA RTX 6000 Ada,diagonal,diagonal_reduction,production_e2e,rzz-hea,24,8,f64r3_b64r4,,,cta,warp-atomic,4,0.9996627334362982,0.002090640332961524,-0.03372665637018102,0.9984686142890032,1.0035204604765278,0.999711748018512,near_tie_keep_production,1,3.552713678800501e-15,3.3306690738754696e-15,2280a4f95fff7184,benchmark/results/structure_policy_paired_raw.csv
structure_and_diagonal_strategy_experiment,NVIDIA RTX 6000 Ada,diagonal,diagonal_reduction,production_e2e,rzz-hea,28,8,f64r4_b128r3,,,cta,warp-atomic,3,1.0003674354232388,0.00012010312418242464,0.03674354232388044,1.000242402005137,0.9871445441483152,1.000408648692636,near_tie_keep_production,1,2.220446049250313e-16,2.886579864025407e-15,2280a4f95fff7184,benchmark/results/structure_policy_paired_raw.csv
structure_and_diagonal_strategy_experiment,NVIDIA RTX 6000 Ada,diagonal,diagonal_reduction,production_e2e,su2-hea,20,8,f128r2_b128r2,,,cta,warp-atomic,4,1.0059364412628335,0.002000784151290791,0.5936441262833547,0.9962977414478289,0.8861461148283616,1.010866523664193,near_tie_keep_production,1,1.1102230246251565e-16,2.636779683484747e-16,2280a4f95fff7184,benchmark/results/structure_policy_paired_raw.csv
structure_and_diagonal_strategy_experiment,NVIDIA RTX 6000 Ada,diagonal,diagonal_reduction,production_e2e,su2-hea,24,8,f128r3_b64r4,,,cta,warp-atomic,4,0.9952106727901424,0.004231363344854799,-0.47893272098575856,1.0004917825278812,0.9972808213338207,0.9979415649578705,near_tie_keep_production,1,7.632783294297951e-17,2.220446049250313e-16,2280a4f95fff7184,benchmark/results/structure_policy_paired_raw.csv
structure_and_diagonal_strategy_experiment,NVIDIA RTX 6000 Ada,diagonal,diagonal_reduction,production_e2e,su2-hea,28,8,f128r3_b64r4,,,cta,warp-atomic,3,1.0025181114411241,0.00035082214911863474,0.2518111441124127,0.9999750418118849,1.0063617623615526,1.002332090550986,near_tie_keep_production,1,5.551115123125783e-17,2.498001805406602e-16,2280a4f95fff7184,benchmark/results/structure_policy_paired_raw.csv
structure_and_diagonal_strategy_experiment,NVIDIA RTX 6000 Ada,diagonal,ordinary_diagonal_threads,production_e2e,rzz-hea,20,8,f128r2_b128r2_d10,,,t64,t128,4,1.0810374346038079,0.00028510566995287867,8.103743460380786,1.0021283815779851,1.1318158888853542,1.1017280103645393,production_faster,1,3.3306690738754696e-16,1.9984014443252818e-15,2280a4f95fff7184,benchmark/results/structure_policy_paired_raw.csv
structure_and_diagonal_strategy_experiment,NVIDIA RTX 6000 Ada,diagonal,ordinary_diagonal_threads,production_e2e,rzz-hea,24,8,f64r3_b64r4,,,t64,t128,4,1.0475941098059696,0.002453429073420388,4.759410980596956,0.9846068102230834,0.9883776549029144,1.0688322618590358,production_faster,1,4.440892098500626e-15,2.4424906541753444e-15,2280a4f95fff7184,benchmark/results/structure_policy_paired_raw.csv
structure_and_diagonal_strategy_experiment,NVIDIA RTX 6000 Ada,diagonal,ordinary_diagonal_threads,production_e2e,rzz-hea,28,8,f64r4_b128r3,,,t64,t128,3,1.0299932823901299,0.0025395168647386335,2.9993282390129883,1.0010855124616402,0.9895649951316429,1.0415855386651653,production_faster,1,1.6653345369377348e-16,2.6645352591003757e-15,2280a4f95fff7184,benchmark/results/structure_policy_paired_raw.csv
structure_and_diagonal_strategy_experiment,NVIDIA RTX 6000 Ada,diagonal,ordinary_diagonal_threads,production_e2e,su2-hea,20,8,f128r2_b128r2,,,t64,t128,4,1.0518894773897502,0.0010366395389020955,5.188947738975025,1.0019702479667751,0.9972002172121917,1.0827841407180328,production_faster,1,1.1102230246251565e-16,2.220446049250313e-16,2280a4f95fff7184,benchmark/results/structure_policy_paired_raw.csv
structure_and_diagonal_strategy_experiment,NVIDIA RTX 6000 Ada,diagonal,ordinary_diagonal_threads,production_e2e,su2-hea,24,8,f128r3_b64r4,,,t64,t128,4,1.0239808117541989,0.002564406981515388,2.398081175419886,0.9964932805342706,1.0067976618861563,1.0317505755985983,production_faster,1,4.163336342344337e-17,2.498001805406602e-16,2280a4f95fff7184,benchmark/results/structure_policy_paired_raw.csv
structure_and_diagonal_strategy_experiment,NVIDIA RTX 6000 Ada,diagonal,ordinary_diagonal_threads,production_e2e,su2-hea,28,8,f128r3_b64r4,,,t64,t128,3,1.0142825581039783,0.0011185912315005986,1.4282558103978271,1.00037477447556,1.0047070715853625,1.0183419681900958,near_tie_keep_production,1,4.163336342344337e-17,2.220446049250313e-16,2280a4f95fff7184,benchmark/results/structure_policy_paired_raw.csv
structure_and_diagonal_strategy_experiment,NVIDIA RTX 6000 Ada,diagonal,qaoa_domain_wall_lookup,isolated_same_split_backward,qaoa,10,8,f32r2_b32r2,compact:L2R2W0-L4R2W0,compact:L4R2W0-L2R2W0,compact-domain-wall,chunk-code,4,1.1368474158391584,0.0036758629907203133,13.684741583915837,1.299386542800237,1.0071297342545429,1.0695026739599238,production_faster,1,3.552713678800501e-15,1.8318679906315083e-15,2280a4f95fff7184,benchmark/results/structure_policy_paired_raw.csv
structure_and_diagonal_strategy_experiment,NVIDIA RTX 6000 Ada,diagonal,qaoa_domain_wall_lookup,isolated_same_split_backward,qaoa,20,8,f128r2_b128r2,,,compact-domain-wall,chunk-code,4,1.1103059498768526,0.0008190344458717247,11.03059498768526,1.2248194212496495,0.9951204696062603,1.072237747946423,production_faster,1,7.105427357601002e-15,1.9539925233402755e-14,2280a4f95fff7184,benchmark/results/structure_policy_paired_raw.csv
structure_and_diagonal_strategy_experiment,NVIDIA RTX 6000 Ada,diagonal,qaoa_domain_wall_lookup,isolated_same_split_backward,qaoa,24,8,f128r2_b128r2,,,compact-domain-wall,chunk-code,4,1.065653227071636,0.0013147338714758483,6.56532270716359,1.2197941997496784,0.9996088481512129,1.0217555644462621,production_faster,1,1.2434497875801753e-14,2.842170943040401e-14,2280a4f95fff7184,benchmark/results/structure_policy_paired_raw.csv
structure_and_diagonal_strategy_experiment,NVIDIA RTX 6000 Ada,diagonal,qaoa_domain_wall_lookup,isolated_same_split_backward,qaoa,28,8,f64r4_b128r3,,,compact-domain-wall,chunk-code,3,1.0895810900129899,0.00333229510669808,8.958109001298986,1.2469271367030481,0.9930510866086091,1.036378925630333,production_faster,1,8.881784197001252e-15,1.4210854715202004e-14,2280a4f95fff7184,benchmark/results/structure_policy_paired_raw.csv
structure_and_diagonal_strategy_experiment,NVIDIA RTX 6000 Ada,diagonal,qaoa_shared_diagonal_threads,production_e2e,qaoa,10,8,f32r2_b32r2,compact:L2R2W0-L4R2W0,compact:L4R2W0-L2R2W0,t128,t256,4,0.9983190893558875,0.0017720794036356624,-0.16809106441124655,1.0001573996409885,0.9935095213549765,0.9992465906517669,near_tie_keep_production,1,8.881784197001252e-16,8.881784197001252e-16,2280a4f95fff7184,benchmark/results/structure_policy_paired_raw.csv
structure_and_diagonal_strategy_experiment,NVIDIA RTX 6000 Ada,diagonal,qaoa_shared_diagonal_threads,production_e2e,qaoa,10,8,f32r2_b32r2,compact:L2R2W0-L4R2W0,compact:L4R2W0-L2R2W0,t128,t64,4,0.9980974478860621,0.002524425363367999,-0.1902552113937861,1.0011636231336305,0.9957777524984436,0.9988285877116494,near_tie_keep_production,1,0.0,4.440892098500626e-16,2280a4f95fff7184,benchmark/results/structure_policy_paired_raw.csv
structure_and_diagonal_strategy_experiment,NVIDIA RTX 6000 Ada,diagonal,qaoa_shared_diagonal_threads,production_e2e,qaoa,20,8,f128r2_b128r2,,,t128,t256,4,1.0004076176509376,0.0009891072554158997,0.04076176509375529,1.013961702943344,0.9783482314734524,1.0000202460549874,near_tie_keep_production,1,3.552713678800501e-15,7.993605777301127e-15,2280a4f95fff7184,benchmark/results/structure_policy_paired_raw.csv
structure_and_diagonal_strategy_experiment,NVIDIA RTX 6000 Ada,diagonal,qaoa_shared_diagonal_threads,production_e2e,qaoa,20,8,f128r2_b128r2,,,t128,t64,4,0.999727263419306,8.189528582491779e-05,-0.027273658069404405,0.9996171382173755,0.9975743434373769,1.0100529451190865,near_tie_keep_production,1,3.552713678800501e-15,9.769962616701378e-15,2280a4f95fff7184,benchmark/results/structure_policy_paired_raw.csv
structure_and_diagonal_strategy_experiment,NVIDIA RTX 6000 Ada,diagonal,qaoa_shared_diagonal_threads,production_e2e,qaoa,24,8,f128r2_b128r2,,,t128,t256,4,1.0011232070755027,0.007308904729127541,0.11232070755027301,0.9910176736566748,0.9922115954525468,1.0048428632213224,near_tie_keep_production,1,1.4210854715202004e-14,2.042810365310288e-14,2280a4f95fff7184,benchmark/results/structure_policy_paired_raw.csv
structure_and_diagonal_strategy_experiment,NVIDIA RTX 6000 Ada,diagonal,qaoa_shared_diagonal_threads,production_e2e,qaoa,24,8,f128r2_b128r2,,,t128,t64,4,0.9987464152550873,0.00841171832664156,-0.12535847449126614,0.9963178827783123,0.9969155418898688,0.9984623852070458,near_tie_keep_production,1,5.329070518200751e-15,1.9984014443252818e-14,2280a4f95fff7184,benchmark/results/structure_policy_paired_raw.csv
structure_and_diagonal_strategy_experiment,NVIDIA RTX 6000 Ada,diagonal,qaoa_shared_diagonal_threads,production_e2e,qaoa,28,8,f64r4_b128r3,,,t128,t256,3,1.0015791267424068,0.0013486325054101744,0.1579126742406789,1.002247265923385,0.995989327498569,1.0013742712321725,near_tie_keep_production,1,7.105427357601002e-15,1.5987211554602254e-14,2280a4f95fff7184,benchmark/results/structure_policy_paired_raw.csv
structure_and_diagonal_strategy_experiment,NVIDIA RTX 6000 Ada,diagonal,qaoa_shared_diagonal_threads,production_e2e,qaoa,28,8,f64r4_b128r3,,,t128,t64,3,1.0001073840228822,0.0009539116281958027,0.01073840228822398,0.9981595452907972,1.028161062506244,1.0004514556778938,near_tie_keep_production,1,1.7763568394002505e-15,7.216449660063518e-15,2280a4f95fff7184,benchmark/results/structure_policy_paired_raw.csv
structure_and_diagonal_strategy_experiment,NVIDIA RTX 6000 Ada,fusion,qaoa_backward,production_e2e,qaoa,10,8,f32r2_b32r2,compact:L2R2W0-L4R2W0,compact:L4R2W0-L2R2W0,cost-rx-fused,split,4,1.0158527195452414,0.0010331078958539797,1.5852719545241367,0.9992642192462644,1.0008166922965194,1.0278845919154689,near_tie_keep_production,1,8.881784197001252e-16,4.440892098500626e-16,eaaa4b6fbc890836,benchmark/results/structure_policy_paired_raw.csv
structure_and_diagonal_strategy_experiment,NVIDIA RTX 6000 Ada,fusion,qaoa_backward,production_e2e,qaoa,12,8,f32r2_b32r2,,,cost-rx-fused,split,4,1.0326057871714764,0.010593927586914798,3.260578717147644,0.9999300333419023,1.0081662133112619,1.0549703619987791,production_faster,1,1.7763568394002505e-15,1.7763568394002505e-15,40c2de1256d2d1d2,benchmark/results/structure_policy_paired_raw.csv
structure_and_diagonal_strategy_experiment,NVIDIA RTX 6000 Ada,fusion,qaoa_backward,production_e2e,qaoa,14,8,f32r2_b32r2,,,cost-rx-fused,split,4,1.0179761480086233,0.0007999293741282054,1.797614800862335,0.9996647586683194,0.9940298638755491,1.0307345366183658,near_tie_keep_production,1,1.7763568394002505e-15,4.440892098500626e-15,40c2de1256d2d1d2,benchmark/results/structure_policy_paired_raw.csv
structure_and_diagonal_strategy_experiment,NVIDIA RTX 6000 Ada,fusion,qaoa_backward,production_e2e,qaoa,16,8,f64r2_b64r2,,,cost-rx-fused,split,4,1.0266696911864799,0.00930009916130814,2.6669691186479882,0.9965648820959954,1.0005694952598243,1.0427187363834995,production_faster,1,7.105427357601002e-15,1.0658141036401503e-14,40c2de1256d2d1d2,benchmark/results/structure_policy_paired_raw.csv
structure_and_diagonal_strategy_experiment,NVIDIA RTX 6000 Ada,fusion,qaoa_backward,production_e2e,qaoa,18,8,f32r2_b32r2,,,cost-rx-fused,split,4,1.0038991983783836,0.0009502101070462121,0.3899198378383595,0.9987151537014717,0.9941329174132784,1.0049475775989782,near_tie_keep_production,1,1.0658141036401503e-14,2.6645352591003757e-14,40c2de1256d2d1d2,benchmark/results/structure_policy_paired_raw.csv
structure_and_diagonal_strategy_experiment,NVIDIA RTX 6000 Ada,fusion,qaoa_backward,production_e2e,qaoa,20,8,f128r2_b128r2,,,cost-rx-fused,split,4,0.9991781419445103,9.435739128638154e-05,-0.08218580554897326,1.000112434521977,1.0216615474546678,0.9990696054875137,near_tie_keep_production,1,5.329070518200751e-15,8.881784197001252e-15,eaaa4b6fbc890836,benchmark/results/structure_policy_paired_raw.csv
structure_and_diagonal_strategy_experiment,NVIDIA RTX 6000 Ada,fusion,qaoa_backward,production_e2e,qaoa,22,8,f128r2_b128r2,,,cost-rx-fused,split,4,1.0748236421124564,0.0037141463572711864,7.48236421124564,0.9871450041351943,1.0198482544050376,1.1033342996442435,production_faster,1,7.105427357601002e-15,5.1514348342607263e-14,40c2de1256d2d1d2,benchmark/results/structure_policy_paired_raw.csv
structure_and_diagonal_strategy_experiment,NVIDIA RTX 6000 Ada,fusion,qaoa_backward,production_e2e,qaoa,24,8,f128r2_b128r2,,,cost-rx-fused,split,4,1.0769358081049822,0.0035361202293822114,7.693580810498224,0.9957113629878024,0.999016041373194,1.1030688776379352,production_faster,1,1.2434497875801753e-14,8.704148513061227e-14,40c2de1256d2d1d2,benchmark/results/structure_policy_paired_raw.csv
structure_and_diagonal_strategy_experiment,NVIDIA RTX 6000 Ada,fusion,qaoa_backward,production_e2e,qaoa,26,8,f64r4_b128r3,,,cost-rx-fused,split,3,1.0719200698553748,0.0006207051715707568,7.19200698553748,0.9999433166974235,1.00057667725606,1.0992873531139151,production_faster,1,5.329070518200751e-15,8.260059303211165e-14,40c2de1256d2d1d2,benchmark/results/structure_policy_paired_raw.csv
structure_and_diagonal_strategy_experiment,NVIDIA RTX 6000 Ada,fusion,qaoa_backward,production_e2e,qaoa,28,8,f64r4_b128r3,,,cost-rx-fused,split,3,1.0734352443568758,0.0002397444479071975,7.343524435687576,1.0026167491368398,1.0028606054541995,1.1011668993578936,production_faster,1,7.105427357601002e-15,1.9984014443252818e-13,40c2de1256d2d1d2,benchmark/results/structure_policy_paired_raw.csv
structure_and_diagonal_strategy_experiment,NVIDIA RTX 6000 Ada,fusion,qaoa_backward,production_e2e,qaoa,4,8,f32r2_b32r2,,,cost-rx-fused,split,4,1.114043968206062,0.0012079470448312923,11.40439682060621,1.0046739349521299,0.9841364541604145,1.213488357992785,production_faster,1,0.0,0.0,40c2de1256d2d1d2,benchmark/results/structure_policy_paired_raw.csv
structure_and_diagonal_strategy_experiment,NVIDIA RTX 6000 Ada,fusion,qaoa_backward,production_e2e,qaoa,6,8,f32r2_b32r2,,,cost-rx-fused,split,4,1.0592559188710422,0.025728759977143856,5.92559188710422,0.9991838286852087,1.0052817677237353,1.09742778449695,production_faster,1,0.0,0.0,40c2de1256d2d1d2,benchmark/results/structure_policy_paired_raw.csv
structure_and_diagonal_strategy_experiment,NVIDIA RTX 6000 Ada,fusion,qaoa_backward,production_e2e,qaoa,8,8,f64r2_b64r2,,,cost-rx-fused,split,4,1.05366927050707,0.002750244706253957,5.366927050707004,0.9965637528056408,0.9899263754881825,1.0924575364007332,production_faster,1,0.0,8.881784197001252e-16,40c2de1256d2d1d2,benchmark/results/structure_policy_paired_raw.csv
structure_and_diagonal_strategy_experiment,NVIDIA RTX 6000 Ada,fusion,qaoa_forward,production_e2e,qaoa,10,8,f32r2_b32r2,compact:L2R2W0-L4R2W0,compact:L4R2W0-L2R2W0,cost-rx-fused,split,4,1.0062067819922822,0.0008658906558126622,0.6206781992282195,1.0190736769562352,1.0000782458368502,1.0000499434216692,near_tie_keep_production,1,1.7763568394002505e-15,8.881784197001252e-16,eaaa4b6fbc890836,benchmark/results/structure_policy_paired_raw.csv
structure_and_diagonal_strategy_experiment,NVIDIA RTX 6000 Ada,fusion,qaoa_forward,production_e2e,qaoa,12,8,f32r2_b32r2,,,cost-rx-fused,split,4,1.0030171143632365,0.0010814526988160988,0.3017114363236484,1.0299693213518137,0.9879821494814709,1.006498196591568,near_tie_keep_production,1,1.7763568394002505e-15,8.881784197001252e-16,40c2de1256d2d1d2,benchmark/results/structure_policy_paired_raw.csv
structure_and_diagonal_strategy_experiment,NVIDIA RTX 6000 Ada,fusion,qaoa_forward,production_e2e,qaoa,14,8,f32r2_b32r2,,,cost-rx-fused,split,4,0.9979726915214777,0.0009923701772549531,-0.20273084785222828,1.0120288132083433,0.9843006223666413,0.9917374041933826,near_tie_keep_production,1,1.7763568394002505e-15,2.6645352591003757e-15,40c2de1256d2d1d2,benchmark/results/structure_policy_paired_raw.csv
structure_and_diagonal_strategy_experiment,NVIDIA RTX 6000 Ada,fusion,qaoa_forward,production_e2e,qaoa,16,8,f64r2_b64r2,,,cost-rx-fused,split,4,1.017507578524623,0.002632625918555176,1.7507578524623035,1.060692932788518,0.9967177761896757,1.0038211389375076,near_tie_keep_production,1,8.881784197001252e-15,5.329070518200751e-15,40c2de1256d2d1d2,benchmark/results/structure_policy_paired_raw.csv
structure_and_diagonal_strategy_experiment,NVIDIA RTX 6000 Ada,fusion,qaoa_forward,production_e2e,qaoa,18,8,f32r2_b32r2,,,cost-rx-fused,split,4,1.0173409114106473,0.0001988944509775381,1.7340911410647308,1.0648490817366643,0.9925509601953021,1.0003608251017362,near_tie_keep_production,1,1.4210854715202004e-14,7.993605777301127e-15,40c2de1256d2d1d2,benchmark/results/structure_policy_paired_raw.csv
structure_and_diagonal_strategy_experiment,NVIDIA RTX 6000 Ada,fusion,qaoa_forward,production_e2e,qaoa,20,8,f128r2_b128r2,,,cost-rx-fused,split,4,1.019078297826694,2.2605831934252585e-05,1.9078297826693902,1.0597907368057813,0.9741304529744131,1.0002438553471138,near_tie_keep_production,1,1.7763568394002505e-15,7.105427357601002e-15,eaaa4b6fbc890836,benchmark/results/structure_policy_paired_raw.csv
structure_and_diagonal_strategy_experiment,NVIDIA RTX 6000 Ada,fusion,qaoa_forward,production_e2e,qaoa,22,8,f128r2_b128r2,,,cost-rx-fused,split,4,1.0128169999759267,0.003290927907200314,1.2816999975926668,1.0776565353313712,0.9903079946448362,0.999874699521428,near_tie_keep_production,1,3.552713678800501e-15,9.769962616701378e-15,40c2de1256d2d1d2,benchmark/results/structure_policy_paired_raw.csv
structure_and_diagonal_strategy_experiment,NVIDIA RTX 6000 Ada,fusion,qaoa_forward,production_e2e,qaoa,24,8,f128r2_b128r2,,,cost-rx-fused,split,4,1.0286302971429333,0.004381375235472107,2.8630297142933303,1.1619199493574806,1.013221483767907,0.9869974693628529,production_faster,1,8.881784197001252e-15,1.5987211554602254e-14,40c2de1256d2d1d2,benchmark/results/structure_policy_paired_raw.csv
structure_and_diagonal_strategy_experiment,NVIDIA RTX 6000 Ada,fusion,qaoa_forward,production_e2e,qaoa,26,8,f64r4_b128r3,,,cost-rx-fused,split,3,1.037285314561619,0.00029958575136257437,3.7285314561618987,1.144909170729408,0.9928498843918194,0.9976718587281543,production_faster,1,8.881784197001252e-15,1.1546319456101628e-14,40c2de1256d2d1d2,benchmark/results/structure_policy_paired_raw.csv
structure_and_diagonal_strategy_experiment,NVIDIA RTX 6000 Ada,fusion,qaoa_forward,production_e2e,qaoa,28,8,f64r4_b128r3,,,cost-rx-fused,split,3,1.0278633245318618,0.0014596000747872928,2.78633245318618,1.0985768671510325,1.003313453323803,1.0018007827475257,production_faster,1,5.329070518200751e-15,1.4210854715202004e-14,40c2de1256d2d1d2,benchmark/results/structure_policy_paired_raw.csv
structure_and_diagonal_strategy_experiment,NVIDIA RTX 6000 Ada,fusion,qaoa_forward,production_e2e,qaoa,4,8,f32r2_b32r2,,,cost-rx-fused,split,4,1.0532054333881358,0.0030006698368890694,5.320543338813577,1.1985457234792891,0.9850036724260843,0.986149753102403,production_faster,1,0.0,0.0,40c2de1256d2d1d2,benchmark/results/structure_policy_paired_raw.csv
structure_and_diagonal_strategy_experiment,NVIDIA RTX 6000 Ada,fusion,qaoa_forward,production_e2e,qaoa,6,8,f32r2_b32r2,,,cost-rx-fused,split,4,1.0291717139191672,0.006902187699508455,2.9171713919167175,1.1247354495627326,0.9780027905263384,0.9898302270598223,production_faster,1,0.0,0.0,40c2de1256d2d1d2,benchmark/results/structure_policy_paired_raw.csv
structure_and_diagonal_strategy_experiment,NVIDIA RTX 6000 Ada,fusion,qaoa_forward,production_e2e,qaoa,8,8,f64r2_b64r2,,,cost-rx-fused,split,4,1.0257125212119864,0.003536129636476204,2.5712521211986417,1.0953869876169033,0.9960669929145294,0.9936812057749742,production_faster,1,0.0,0.0,40c2de1256d2d1d2,benchmark/results/structure_policy_paired_raw.csv
structure_and_diagonal_strategy_experiment,NVIDIA RTX 6000 Ada,fusion,qaoa_initial_layer,production_e2e,qaoa,20,8,f128r2_b128r2,,,combined-init-cost,cost-rx-fused,4,0.9986705776528859,0.00035684353720921713,-0.13294223471140842,0.9954640860799278,0.9368946063861339,1.0001932684796153,near_tie_keep_production,1,3.552713678800501e-15,8.881784197001252e-15,eaaa4b6fbc890836,benchmark/results/structure_policy_paired_raw.csv
structure_and_diagonal_strategy_experiment,NVIDIA RTX 6000 Ada,fusion,qaoa_initial_layer,production_e2e,qaoa,20,8,f128r2_b128r2,,,combined-init-cost,split,4,1.001314048948491,0.00010212105714757502,0.13140489484910756,0.9965913695552565,0.9492971368530795,0.9997476102310843,near_tie_keep_production,1,3.552713678800501e-15,7.105427357601002e-15,eaaa4b6fbc890836,benchmark/results/structure_policy_paired_raw.csv
structure_and_diagonal_strategy_experiment,NVIDIA RTX 6000 Ada,fusion,qaoa_initial_layer,production_e2e,qaoa,24,8,f128r2_b128r2,,,combined-init-cost,cost-rx-fused,4,0.9948362624686078,0.0014401192073411062,-0.516373753139221,0.9980702585129302,0.987725578103485,0.997687814845108,near_tie_keep_production,1,1.2434497875801753e-14,1.2878587085651816e-14,40c2de1256d2d1d2,benchmark/results/structure_policy_paired_raw.csv
structure_and_diagonal_strategy_experiment,NVIDIA RTX 6000 Ada,fusion,qaoa_initial_layer,production_e2e,qaoa,24,8,f128r2_b128r2,,,combined-init-cost,split,4,1.0088241217641838,0.0019474186487523637,0.882412176418379,1.0376190670452656,1.006324477077802,0.9988194160916921,near_tie_keep_production,1,1.2434497875801753e-14,1.7319479184152442e-14,40c2de1256d2d1d2,benchmark/results/structure_policy_paired_raw.csv
structure_and_diagonal_strategy_experiment,NVIDIA RTX 6000 Ada,fusion,qaoa_initial_layer,production_e2e,qaoa,26,8,f64r4_b128r3,,,combined-init-cost,cost-rx-fused,3,0.999732341310844,0.003469993110880032,-0.0267658689156014,1.0034185599031469,1.002897348784437,0.998544522911454,near_tie_keep_production,1,1.7763568394002505e-15,9.769962616701378e-15,40c2de1256d2d1d2,benchmark/results/structure_policy_paired_raw.csv
structure_and_diagonal_strategy_experiment,NVIDIA RTX 6000 Ada,fusion,qaoa_initial_layer,production_e2e,qaoa,26,8,f64r4_b128r3,,,combined-init-cost,split,3,1.0081392825334115,0.0014258068276236102,0.8139282533411452,1.0217294544429092,0.9966604290798465,1.0032074945245217,near_tie_keep_production,1,5.329070518200751e-15,1.5987211554602254e-14,40c2de1256d2d1d2,benchmark/results/structure_policy_paired_raw.csv
structure_and_diagonal_strategy_experiment,NVIDIA RTX 6000 Ada,fusion,qaoa_initial_layer,production_e2e,qaoa,28,8,f64r4_b128r3,,,combined-init-cost,cost-rx-fused,3,1.0007507988726854,0.0008817427682519252,0.07507988726853654,1.0035542748410196,1.0065930461882815,0.999631889330598,near_tie_keep_production,1,0.0,1.0658141036401503e-14,40c2de1256d2d1d2,benchmark/results/structure_policy_paired_raw.csv
structure_and_diagonal_strategy_experiment,NVIDIA RTX 6000 Ada,fusion,qaoa_initial_layer,production_e2e,qaoa,28,8,f64r4_b128r3,,,combined-init-cost,split,3,1.006138858605905,0.0003748019410068082,0.6138858605905018,1.0222733117005787,1.0043925010424068,1.0000112280200302,near_tie_keep_production,1,5.329070518200751e-15,8.881784197001252e-15,40c2de1256d2d1d2,benchmark/results/structure_policy_paired_raw.csv
structure_and_diagonal_strategy_experiment,NVIDIA RTX 6000 Ada,fusion,ra_real_amplitude_fused_path,production_e2e,ra-hea,10,8,f32r2_b32r2,,compact:L2R2W0-L4R2W0,real-fused,complex-auto,4,1.1591179721592337,0.018068085865593053,15.911797215923373,1.0682698433122149,1.0015931150471027,1.2287031991195834,production_faster,1,2.7755575615628914e-17,8.326672684688674e-17,eaaa4b6fbc890836,benchmark/results/structure_policy_paired_raw.csv
structure_and_diagonal_strategy_experiment,NVIDIA RTX 6000 Ada,fusion,ra_real_amplitude_fused_path,production_e2e,ra-hea,12,8,f32r2_b32r2,compact:L5R1W0-L5R1W0,compact:L4R2W0-L4R2W0,real-fused,complex-auto,4,1.141060004561163,0.008939529216178355,14.106000456116297,0.9394468974363409,0.515025893745955,1.206070526386239,production_faster,1,1.1102230246251565e-16,1.1102230246251565e-16,40c2de1256d2d1d2,benchmark/results/structure_policy_paired_raw.csv
structure_and_diagonal_strategy_experiment,NVIDIA RTX 6000 Ada,fusion,ra_real_amplitude_fused_path,production_e2e,ra-hea,14,8,f32r2_b32r2,,,real-fused,complex-auto,4,1.1455765076802493,0.0037126594824555825,14.557650768024931,1.0499872936255796,1.000930961298488,1.2233223388594798,production_faster,1,1.3877787807814457e-16,2.220446049250313e-16,40c2de1256d2d1d2,benchmark/results/structure_policy_paired_raw.csv
structure_and_diagonal_strategy_experiment,NVIDIA RTX 6000 Ada,fusion,ra_real_amplitude_fused_path,production_e2e,ra-hea,16,8,f64r2_b64r2,,,real-fused,complex-auto,4,1.3423988212140587,0.007860889584045516,34.23988212140587,1.2625046241251383,1.0047252914321971,1.4057604660348806,production_faster,1,2.7755575615628914e-16,2.7755575615628914e-16,40c2de1256d2d1d2,benchmark/results/structure_policy_paired_raw.csv
structure_and_diagonal_strategy_experiment,NVIDIA RTX 6000 Ada,fusion,ra_real_amplitude_fused_path,production_e2e,ra-hea,18,8,f128r2_b128r2,,,real-fused,complex-auto,4,1.5520333928177648,0.00316011430639207,55.20333928177648,1.4272287183249983,1.3006623843060585,1.608780319078758,production_faster,1,7.771561172376096e-16,2.7755575615628914e-16,40c2de1256d2d1d2,benchmark/results/structure_policy_paired_raw.csv
structure_and_diagonal_strategy_experiment,NVIDIA RTX 6000 Ada,fusion,ra_real_amplitude_fused_path,production_e2e,ra-hea,20,8,f64r4_b64r4,,,real-fused,complex-auto,4,1.9000855895639552,0.0007269651145680456,90.00855895639552,1.7648608547691853,1.6921219248845432,1.957883405227589,production_faster,1,5.551115123125783e-17,2.220446049250313e-16,eaaa4b6fbc890836,benchmark/results/structure_policy_paired_raw.csv
structure_and_diagonal_strategy_experiment,NVIDIA RTX 6000 Ada,fusion,ra_real_amplitude_fused_path,production_e2e,ra-hea,22,8,f64r4_b64r4,,,real-fused,complex-auto,4,2.0796713245843765,0.00624660206094485,107.96713245843765,1.7399714250502676,1.7667199283743962,2.2294318856016364,production_faster,1,3.885780586188048e-16,2.636779683484747e-16,40c2de1256d2d1d2,benchmark/results/structure_policy_paired_raw.csv
structure_and_diagonal_strategy_experiment,NVIDIA RTX 6000 Ada,fusion,ra_real_amplitude_fused_path,production_e2e,ra-hea,24,8,f64r4_b64r4,,,real-fused,complex-auto,4,1.876827392771196,0.002465581103638592,87.68273927711961,1.707914637825485,1.833538897035242,1.9521807758920342,production_faster,1,1.1102230246251565e-16,1.942890293094024e-16,40c2de1256d2d1d2,benchmark/results/structure_policy_paired_raw.csv
structure_and_diagonal_strategy_experiment,NVIDIA RTX 6000 Ada,fusion,ra_real_amplitude_fused_path,production_e2e,ra-hea,26,8,f64r4_b64r4,,,real-fused,complex-auto,3,1.7285345384617927,0.003459517535681078,72.85345384617928,1.6169971749507335,2.032420586147801,1.7589699435967499,production_faster,1,5.551115123125783e-17,2.498001805406602e-16,40c2de1256d2d1d2,benchmark/results/structure_policy_paired_raw.csv
structure_and_diagonal_strategy_experiment,NVIDIA RTX 6000 Ada,fusion,ra_real_amplitude_fused_path,production_e2e,ra-hea,28,8,f64r3_b64r4,,,real-fused,complex-auto,3,1.6186327052800895,0.011304316731336472,61.863270528008954,1.2639584577889298,3.009504154002635,1.753102942927264,production_faster,1,4.440892098500626e-16,2.498001805406602e-16,40c2de1256d2d1d2,benchmark/results/structure_policy_paired_raw.csv
structure_and_diagonal_strategy_experiment,NVIDIA RTX 6000 Ada,fusion,ra_real_amplitude_fused_path,production_e2e,ra-hea,4,8,f32r2_b32r2,,,real-fused,complex-auto,4,1.2732684933206901,0.0025775972583060858,27.326849332069013,1.3019114861917818,0.9909250572773869,1.356977057318991,production_faster,1,0.0,0.0,40c2de1256d2d1d2,benchmark/results/structure_policy_paired_raw.csv
structure_and_diagonal_strategy_experiment,NVIDIA RTX 6000 Ada,fusion,ra_real_amplitude_fused_path,production_e2e,ra-hea,6,8,f32r2_b32r2,,,real-fused,complex-auto,4,1.307019910869171,0.003165362820168438,30.70199108691709,1.2384688444083545,0.9944447683697724,1.4377470482977475,production_faster,1,0.0,1.1102230246251565e-16,40c2de1256d2d1d2,benchmark/results/structure_policy_paired_raw.csv
structure_and_diagonal_strategy_experiment,NVIDIA RTX 6000 Ada,fusion,ra_real_amplitude_fused_path,production_e2e,ra-hea,8,8,f64r2_b64r2,,,real-fused,complex-auto,4,1.274755177913725,0.003174566131470602,27.475517791372496,1.193574403956895,1.0006247412597369,1.3682818900641176,production_faster,1,0.0,3.885780586188048e-16,40c2de1256d2d1d2,benchmark/results/structure_policy_paired_raw.csv
structure_and_diagonal_strategy_experiment,NVIDIA RTX 6000 Ada,fusion,rzz_backward,production_e2e,rzz-hea,10,8,f32r2_b32r2_d6,compact:L2R2W0-L4R2W0,compact:L4R2W0-L2R2W0,combined-diagonal,rx-rz-rzz-fused,4,1.3390756983714946,0.0005672283622143448,33.90756983714947,0.9997863870411218,0.9910635385132944,1.5429895640340539,production_faster,1,0.0,4.440892098500626e-16,eaaa4b6fbc890836,benchmark/results/structure_policy_paired_raw.csv
structure_and_diagonal_strategy_experiment,NVIDIA RTX 6000 Ada,fusion,rzz_backward,production_e2e,rzz-hea,10,8,f32r2_b32r2_d6,compact:L2R2W0-L4R2W0,compact:L4R2W0-L2R2W0,combined-diagonal,split,4,1.1176101714534377,0.0014967313874119093,11.761017145343766,1.0004931296881852,1.0009946262729645,1.1884434772289443,production_faster,1,0.0,4.440892098500626e-16,eaaa4b6fbc890836,benchmark/results/structure_policy_paired_raw.csv
structure_and_diagonal_strategy_experiment,NVIDIA RTX 6000 Ada,fusion,rzz_backward,production_e2e,rzz-hea,12,8,f32r2_b32r2,,,combined-diagonal,rx-rz-rzz-fused,4,1.3241942384217658,0.0010167618461756067,32.41942384217658,1.0015571832616905,0.9845312480930646,1.5113459743614486,production_faster,1,0.0,5.551115123125783e-16,40c2de1256d2d1d2,benchmark/results/structure_policy_paired_raw.csv
structure_and_diagonal_strategy_experiment,NVIDIA RTX 6000 Ada,fusion,rzz_backward,production_e2e,rzz-hea,12,8,f32r2_b32r2,,,combined-diagonal,split,4,1.1080987733093197,0.002086893136813317,10.809877330931972,0.999640595806268,0.9870823770096786,1.1737725255049787,production_faster,1,2.220446049250313e-16,5.551115123125783e-16,40c2de1256d2d1d2,benchmark/results/structure_policy_paired_raw.csv
structure_and_diagonal_strategy_experiment,NVIDIA RTX 6000 Ada,fusion,rzz_backward,production_e2e,rzz-hea,14,8,f32r2_b32r2,,,combined-diagonal,rx-rz-rzz-fused,4,1.2916642884761276,0.002369356543744039,29.166428847612757,0.9992453955709426,0.9885067859972932,1.4495807071507771,production_faster,1,2.7755575615628914e-16,7.771561172376096e-16,40c2de1256d2d1d2,benchmark/results/structure_policy_paired_raw.csv
structure_and_diagonal_strategy_experiment,NVIDIA RTX 6000 Ada,fusion,rzz_backward,production_e2e,rzz-hea,14,8,f32r2_b32r2,,,combined-diagonal,split,4,1.0651278062656906,0.006469304622608307,6.512780626569059,0.9995437154827335,0.9902870606188487,1.1036230275048236,production_faster,1,2.7755575615628914e-16,7.216449660063518e-16,40c2de1256d2d1d2,benchmark/results/structure_policy_paired_raw.csv
structure_and_diagonal_strategy_experiment,NVIDIA RTX 6000 Ada,fusion,rzz_backward,production_e2e,rzz-hea,16,8,f64r2_b64r2,,,split,combined-diagonal,4,1.1604434956458398,0.007937981908738734,16.04434956458398,0.9979890612951894,0.9887355429153317,1.2206502869285085,production_faster,1,2.220446049250313e-16,2.886579864025407e-15,40c2de1256d2d1d2,benchmark/results/structure_policy_paired_raw.csv
structure_and_diagonal_strategy_experiment,NVIDIA RTX 6000 Ada,fusion,rzz_backward,production_e2e,rzz-hea,16,8,f64r2_b64r2,,,split,rx-rz-rzz-fused,4,1.0092225766382383,0.0013269007833375257,0.9222576638238333,0.9971611296507799,0.9818153741889319,1.015299580082438,near_tie_keep_production,1,5.551115123125783e-16,1.887379141862766e-15,40c2de1256d2d1d2,benchmark/results/structure_policy_paired_raw.csv
structure_and_diagonal_strategy_experiment,NVIDIA RTX 6000 Ada,fusion,rzz_backward,production_e2e,rzz-hea,18,8,f128r2_b128r2,,,rx-rz-rzz-fused,combined-diagonal,4,1.121099815708396,0.0018244392224637807,12.1099815708396,0.9989101506549445,0.9997312161447877,1.1632005134913062,production_faster,1,1.3322676295501878e-15,1.9984014443252818e-15,40c2de1256d2d1d2,benchmark/results/structure_policy_paired_raw.csv
structure_and_diagonal_strategy_experiment,NVIDIA RTX 6000 Ada,fusion,rzz_backward,production_e2e,rzz-hea,18,8,f128r2_b128r2,,,rx-rz-rzz-fused,split,4,1.0154929922867348,0.0006462712266210868,1.5492992286734841,1.0004697306816652,0.9929636835169955,1.0207171094532244,near_tie_keep_production,1,2.220446049250313e-15,1.9984014443252818e-15,40c2de1256d2d1d2,benchmark/results/structure_policy_paired_raw.csv
structure_and_diagonal_strategy_experiment,NVIDIA RTX 6000 Ada,fusion,rzz_backward,production_e2e,rzz-hea,20,8,f128r2_b128r2_d10,,,split,combined-diagonal,4,1.08971182448458,0.00013274469783086662,8.971182448458004,0.9998160502774947,1.218700415238409,1.1101114840791189,production_faster,1,4.440892098500626e-16,2.1094237467877974e-15,eaaa4b6fbc890836,benchmark/results/structure_policy_paired_raw.csv
structure_and_diagonal_strategy_experiment,NVIDIA RTX 6000 Ada,fusion,rzz_backward,production_e2e,rzz-hea,20,8,f128r2_b128r2_d10,,,split,rx-rz-rzz-fused,4,1.1003695787938272,5.164364159471191e-05,10.036957879382724,1.0002240961111564,0.998752691453459,1.14437495932755,production_faster,1,1.1102230246251565e-16,2.6645352591003757e-15,eaaa4b6fbc890836,benchmark/results/structure_policy_paired_raw.csv
structure_and_diagonal_strategy_experiment,NVIDIA RTX 6000 Ada,fusion,rzz_backward,production_e2e,rzz-hea,22,8,f128r2_b128r2,,,split,combined-diagonal,4,1.0217367039675813,0.0027380556224391173,2.1736703967581317,0.9679415217924068,0.9937022075679636,1.030296784310663,production_faster,1,1.3322676295501878e-15,2.4424906541753444e-15,40c2de1256d2d1d2,benchmark/results/structure_policy_paired_raw.csv
structure_and_diagonal_strategy_experiment,NVIDIA RTX 6000 Ada,fusion,rzz_backward,production_e2e,rzz-hea,22,8,f128r2_b128r2,,,split,rx-rz-rzz-fused,4,1.053243839879126,0.003826297922876809,5.324383987912595,1.0000936279933812,1.0062796722384442,1.0731325052533904,production_faster,1,1.7763568394002505e-15,5.773159728050814e-15,40c2de1256d2d1d2,benchmark/results/structure_policy_paired_raw.csv
structure_and_diagonal_strategy_experiment,NVIDIA RTX 6000 Ada,fusion,rzz_backward,production_e2e,rzz-hea,24,8,f64r3_b64r4,,,split,combined-diagonal,4,1.0307930878107812,0.002420944500346578,3.079308781078116,0.9768187369374497,0.9971469721800843,1.0440395666856994,production_faster,1,5.329070518200751e-15,2.9976021664879227e-15,40c2de1256d2d1d2,benchmark/results/structure_policy_paired_raw.csv
structure_and_diagonal_strategy_experiment,NVIDIA RTX 6000 Ada,fusion,rzz_backward,production_e2e,rzz-hea,24,8,f64r3_b64r4,,,split,rx-rz-rzz-fused,4,1.096559969999371,0.004007702971902338,9.655996999937111,0.9805530203015358,1.0053865653181062,1.1326756608567496,production_faster,1,1.7763568394002505e-15,8.215650382226158e-15,40c2de1256d2d1d2,benchmark/results/structure_policy_paired_raw.csv
structure_and_diagonal_strategy_experiment,NVIDIA RTX 6000 Ada,fusion,rzz_backward,production_e2e,rzz-hea,26,8,f64r4_b128r3,,,split,combined-diagonal,3,1.0240069264847813,0.006134394518144237,2.400692648478131,0.9985075667177278,1.0029863792980864,1.032558464754062,production_faster,1,2.6645352591003757e-15,2.9976021664879227e-15,40c2de1256d2d1d2,benchmark/results/structure_policy_paired_raw.csv
structure_and_diagonal_strategy_experiment,NVIDIA RTX 6000 Ada,fusion,rzz_backward,production_e2e,rzz-hea,26,8,f64r4_b128r3,,,split,rx-rz-rzz-fused,3,1.070608537003176,0.0034028557682217464,7.060853700317593,1.006727594400198,0.9967063081295112,1.0936092363009164,production_faster,1,3.1086244689504383e-15,1.3322676295501878e-14,40c2de1256d2d1d2,benchmark/results/structure_policy_paired_raw.csv
structure_and_diagonal_strategy_experiment,NVIDIA RTX 6000 Ada,fusion,rzz_backward,production_e2e,rzz-hea,28,8,f64r4_b128r3,,,split,combined-diagonal,3,1.0163788604617876,0.0014237437642901085,1.6378860461787603,1.0030949757062644,1.0043088618141014,1.0215166056611227,near_tie_keep_production,1,2.7755575615628914e-17,2.220446049250313e-15,40c2de1256d2d1d2,benchmark/results/structure_policy_paired_raw.csv
structure_and_diagonal_strategy_experiment,NVIDIA RTX 6000 Ada,fusion,rzz_backward,production_e2e,rzz-hea,28,8,f64r4_b128r3,,,split,rx-rz-rzz-fused,3,1.0703971374253134,0.0015199418884372928,7.039713742531339,1.004534415577652,1.0052974321766226,1.0960647193940476,production_faster,1,1.1102230246251565e-16,6.550315845288424e-14,40c2de1256d2d1d2,benchmark/results/structure_policy_paired_raw.csv
structure_and_diagonal_strategy_experiment,NVIDIA RTX 6000 Ada,fusion,rzz_backward,production_e2e,rzz-hea,4,8,f32r2_b32r2,,,combined-diagonal,rx-rz-rzz-fused,4,1.02049017863993,0.002860484552391296,2.049017863993008,0.9962887722806115,0.9846582796750256,1.0360090481731117,production_faster,1,0.0,4.440892098500626e-16,40c2de1256d2d1d2,benchmark/results/structure_policy_paired_raw.csv
structure_and_diagonal_strategy_experiment,NVIDIA RTX 6000 Ada,fusion,rzz_backward,production_e2e,rzz-hea,4,8,f32r2_b32r2,,,combined-diagonal,split,4,1.1523695722125393,0.016916907882092214,15.236957221253933,1.0032793511467872,1.000009212187466,1.2375739492074276,production_faster,1,0.0,1.3877787807814457e-15,40c2de1256d2d1d2,benchmark/results/structure_policy_paired_raw.csv
structure_and_diagonal_strategy_experiment,NVIDIA RTX 6000 Ada,fusion,rzz_backward,production_e2e,rzz-hea,6,8,f32r2_b32r2,,,combined-diagonal,rx-rz-rzz-fused,4,1.092113503396839,0.0065329314473977496,9.2113503396839,0.9818735396426423,0.9863009413343018,1.1665958019226137,production_faster,1,0.0,2.220446049250313e-16,40c2de1256d2d1d2,benchmark/results/structure_policy_paired_raw.csv
structure_and_diagonal_strategy_experiment,NVIDIA RTX 6000 Ada,fusion,rzz_backward,production_e2e,rzz-hea,6,8,f32r2_b32r2,,,combined-diagonal,split,4,1.1165276726664848,0.018404656542404085,11.652767266648478,0.9971633768561786,0.9935774602122354,1.1745197492911372,production_faster,1,0.0,8.881784197001252e-16,40c2de1256d2d1d2,benchmark/results/structure_policy_paired_raw.csv
structure_and_diagonal_strategy_experiment,NVIDIA RTX 6000 Ada,fusion,rzz_backward,production_e2e,rzz-hea,8,8,f64r2_b64r2,,,combined-diagonal,rx-rz-rzz-fused,4,1.3211631311371774,0.007586579465618137,32.116313113717744,0.9997799404848763,0.9904384423926018,1.5131619311669435,production_faster,1,0.0,1.6653345369377348e-16,40c2de1256d2d1d2,benchmark/results/structure_policy_paired_raw.csv
structure_and_diagonal_strategy_experiment,NVIDIA RTX 6000 Ada,fusion,rzz_backward,production_e2e,rzz-hea,8,8,f64r2_b64r2,,,combined-diagonal,split,4,1.147558154232041,0.004139951699348887,14.7558154232041,1.0008377721847421,0.9886423406704368,1.2400415805117286,production_faster,1,0.0,4.718447854656915e-16,40c2de1256d2d1d2,benchmark/results/structure_policy_paired_raw.csv
structure_and_diagonal_strategy_experiment,NVIDIA RTX 6000 Ada,fusion,rzz_forward,production_e2e,rzz-hea,10,8,f32r2_b32r2_d6,compact:L2R2W0-L4R2W0,compact:L4R2W0-L2R2W0,rx-rz-rzz-fused,split,4,1.033369731683647,0.0017862338821442725,3.3369731683646986,1.1034132009298299,1.0003607515173583,0.9988167082160471,production_faster,1,2.220446049250313e-16,5.551115123125783e-16,eaaa4b6fbc890836,benchmark/results/structure_policy_paired_raw.csv
structure_and_diagonal_strategy_experiment,NVIDIA RTX 6000 Ada,fusion,rzz_forward,production_e2e,rzz-hea,12,8,f32r2_b32r2,,,rx-rz-rzz-fused,split,4,1.0195102930347288,0.003424919777808677,1.9510293034728843,1.0874020956366706,0.9858189432694626,0.990771556272467,near_tie_keep_production,1,2.220446049250313e-16,4.440892098500626e-16,40c2de1256d2d1d2,benchmark/results/structure_policy_paired_raw.csv
structure_and_diagonal_strategy_experiment,NVIDIA RTX 6000 Ada,fusion,rzz_forward,production_e2e,rzz-hea,14,8,f32r2_b32r2,,,rx-rz-rzz-fused,split,4,1.01543444481509,0.0053348725036195255,1.5434444815090043,1.0497057050348793,0.9863550632977267,0.9996066467112499,near_tie_keep_production,1,3.885780586188048e-16,7.771561172376096e-16,40c2de1256d2d1d2,benchmark/results/structure_policy_paired_raw.csv
structure_and_diagonal_strategy_experiment,NVIDIA RTX 6000 Ada,fusion,rzz_forward,production_e2e,rzz-hea,16,8,f64r2_b64r2,,,rx-rz-rzz-fused,split,4,1.0038901635268456,0.0011236259316489416,0.3890163526845569,1.0253230657722048,1.0028316565652042,0.9972540082114993,near_tie_keep_production,1,2.220446049250313e-16,1.1102230246251565e-15,40c2de1256d2d1d2,benchmark/results/structure_policy_paired_raw.csv
structure_and_diagonal_strategy_experiment,NVIDIA RTX 6000 Ada,fusion,rzz_forward,production_e2e,rzz-hea,18,8,f128r2_b128r2,,,rx-rz-rzz-fused,split,4,1.0319457508622383,0.0004487573403277878,3.1945750862238276,1.135822952123478,0.9969980991997439,0.9996541661410852,production_faster,1,1.7763568394002505e-15,1.1102230246251565e-15,40c2de1256d2d1d2,benchmark/results/structure_policy_paired_raw.csv
structure_and_diagonal_strategy_experiment,NVIDIA RTX 6000 Ada,fusion,rzz_forward,production_e2e,rzz-hea,20,8,f128r2_b128r2_d10,,,rx-rz-rzz-fused,split,4,1.043495071289303,0.00044879872523284625,4.349507128930297,1.194148429071007,0.9991653254636303,0.9925111263162536,production_faster,1,4.440892098500626e-16,2.220446049250313e-15,eaaa4b6fbc890836,benchmark/results/structure_policy_paired_raw.csv
structure_and_diagonal_strategy_experiment,NVIDIA RTX 6000 Ada,fusion,rzz_forward,production_e2e,rzz-hea,22,8,f128r2_b128r2,,,rx-rz-rzz-fused,split,4,1.0262574935320423,0.005303817839775626,2.625749353204232,1.1442050525214051,1.0025013955002706,0.9909326452887559,production_faster,1,1.7763568394002505e-15,1.9984014443252818e-15,40c2de1256d2d1d2,benchmark/results/structure_policy_paired_raw.csv
structure_and_diagonal_strategy_experiment,NVIDIA RTX 6000 Ada,fusion,rzz_forward,production_e2e,rzz-hea,24,8,f64r3_b64r4,,,rx-rz-rzz-fused,split,4,1.0613351088226453,0.0009246322903679882,6.133510882264526,1.303165158658449,1.0152825029807522,0.9931606033101557,production_faster,1,3.552713678800501e-15,1.9984014443252818e-15,40c2de1256d2d1d2,benchmark/results/structure_policy_paired_raw.csv
structure_and_diagonal_strategy_experiment,NVIDIA RTX 6000 Ada,fusion,rzz_forward,production_e2e,rzz-hea,26,8,f64r4_b128r3,,,rx-rz-rzz-fused,split,3,1.033364009728997,0.0017500194150583681,3.336400972899689,1.1440147404520815,0.981258320427948,0.9974013314550969,production_faster,1,3.552713678800501e-15,1.9984014443252818e-15,40c2de1256d2d1d2,benchmark/results/structure_policy_paired_raw.csv
structure_and_diagonal_strategy_experiment,NVIDIA RTX 6000 Ada,fusion,rzz_forward,production_e2e,rzz-hea,28,8,f64r4_b128r3,,,rx-rz-rzz-fused,split,3,1.035250507416323,0.002236814228750106,3.5250507416322963,1.13492798133202,1.014077839999045,1.002779455951048,production_faster,1,2.498001805406602e-16,1.7763568394002505e-15,40c2de1256d2d1d2,benchmark/results/structure_policy_paired_raw.csv
structure_and_diagonal_strategy_experiment,NVIDIA RTX 6000 Ada,fusion,rzz_forward,production_e2e,rzz-hea,4,8,f32r2_b32r2,,,rx-rz-rzz-fused,split,4,1.1709374299003157,0.026025070017265173,17.09374299003157,1.670701956619851,0.9820181144119755,1.0030097171374637,production_faster,1,2.220446049250313e-16,1.1102230246251565e-15,40c2de1256d2d1d2,benchmark/results/structure_policy_paired_raw.csv
structure_and_diagonal_strategy_experiment,NVIDIA RTX 6000 Ada,fusion,rzz_forward,production_e2e,rzz-hea,6,8,f32r2_b32r2,,,rx-rz-rzz-fused,split,4,1.1076073211904813,0.003484916064825261,10.760732119048132,1.3565885969870959,0.9776692372902296,1.0108323669411643,production_faster,1,1.1102230246251565e-15,1.4988010832439613e-15,40c2de1256d2d1d2,benchmark/results/structure_policy_paired_raw.csv
structure_and_diagonal_strategy_experiment,NVIDIA RTX 6000 Ada,fusion,rzz_forward,production_e2e,rzz-hea,8,8,f64r2_b64r2,,,rx-rz-rzz-fused,split,4,1.040066060354731,0.004226693909293089,4.006606035473093,1.1076091684624676,0.9792924369614682,0.9921001322444218,production_faster,1,2.7755575615628914e-17,6.938893903907228e-16,40c2de1256d2d1d2,benchmark/results/structure_policy_paired_raw.csv
structure_and_diagonal_strategy_experiment,NVIDIA RTX 6000 Ada,fusion,su2_backward,production_e2e,su2-hea,10,8,f32r2_b32r2,compact:L4R0W0-L5R1W0,compact:L2R2W0-L4R2W0,split,lookup-fused,4,1.0873009350168563,0.0013556045442886244,8.730093501685632,1.0012306564321876,0.9886770829756601,1.1349517020551176,production_faster,1,1.3877787807814457e-17,1.1102230246251565e-16,eaaa4b6fbc890836,benchmark/results/structure_policy_paired_raw.csv
structure_and_diagonal_strategy_experiment,NVIDIA RTX 6000 Ada,fusion,su2_backward,production_e2e,su2-hea,10,8,f32r2_b32r2,compact:L4R0W0-L5R1W0,compact:L2R2W0-L4R2W0,split,phased,4,1.200829223589671,0.001276557308473203,20.082922358967092,1.0003321619927839,0.9942843435335615,1.2979087002192022,production_faster,1,1.3877787807814457e-17,4.163336342344337e-16,eaaa4b6fbc890836,benchmark/results/structure_policy_paired_raw.csv
structure_and_diagonal_strategy_experiment,NVIDIA RTX 6000 Ada,fusion,su2_backward,production_e2e,su2-hea,12,8,f32r2_b32r2,,,split,lookup-fused,4,1.088736702846302,0.00038691493679621214,8.873670284630197,0.9977883418237645,0.9914122955850901,1.1374734480351933,production_faster,1,2.220446049250313e-16,8.326672684688674e-17,40c2de1256d2d1d2,benchmark/results/structure_policy_paired_raw.csv
structure_and_diagonal_strategy_experiment,NVIDIA RTX 6000 Ada,fusion,su2_backward,production_e2e,su2-hea,12,8,f32r2_b32r2,,,split,phased,4,1.2004563772399275,0.003764347478251051,20.045637723992748,0.9999196649951053,0.973196223449025,1.3103421344070159,production_faster,1,5.551115123125783e-17,2.220446049250313e-16,40c2de1256d2d1d2,benchmark/results/structure_policy_paired_raw.csv
structure_and_diagonal_strategy_experiment,NVIDIA RTX 6000 Ada,fusion,su2_backward,production_e2e,su2-hea,14,8,f32r2_b32r2,,,split,lookup-fused,4,1.0990143364598408,0.002646926671828309,9.901433645984081,0.9986259003680149,0.9988791016910432,1.1515752193088826,production_faster,1,1.3877787807814457e-16,1.1102230246251565e-16,40c2de1256d2d1d2,benchmark/results/structure_policy_paired_raw.csv
structure_and_diagonal_strategy_experiment,NVIDIA RTX 6000 Ada,fusion,su2_backward,production_e2e,su2-hea,14,8,f32r2_b32r2,,,split,phased,4,1.2186600450363798,0.0016218583285185773,21.86600450363798,0.9982898061658192,0.9942494481628572,1.343182834548283,production_faster,1,1.1102230246251565e-16,3.8163916471489756e-16,40c2de1256d2d1d2,benchmark/results/structure_policy_paired_raw.csv
structure_and_diagonal_strategy_experiment,NVIDIA RTX 6000 Ada,fusion,su2_backward,production_e2e,su2-hea,16,8,f64r2_b64r2,,,lookup-fused,phased,4,1.2169753511349555,0.002359430674935381,21.697535113495547,1.0003731725047889,1.0020058657610793,1.3052798425856467,production_faster,1,1.0408340855860843e-16,1.5265566588595902e-16,40c2de1256d2d1d2,benchmark/results/structure_policy_paired_raw.csv
structure_and_diagonal_strategy_experiment,NVIDIA RTX 6000 Ada,fusion,su2_backward,production_e2e,su2-hea,16,8,f64r2_b64r2,,,lookup-fused,split,4,1.0240157210463594,0.0005879965036096335,2.4015721046359406,0.9957536980602214,0.9772639770649121,1.0333414024546874,production_faster,1,3.469446951953614e-17,1.1102230246251565e-16,40c2de1256d2d1d2,benchmark/results/structure_policy_paired_raw.csv
structure_and_diagonal_strategy_experiment,NVIDIA RTX 6000 Ada,fusion,su2_backward,production_e2e,su2-hea,18,8,f128r2_b128r2,,,split,lookup-fused,4,1.0426991037266726,0.00046795435650492934,4.269910372667263,0.9985880710173537,1.0003105435738933,1.0569279241981286,production_faster,1,1.249000902703301e-16,2.7755575615628914e-16,40c2de1256d2d1d2,benchmark/results/structure_policy_paired_raw.csv
structure_and_diagonal_strategy_experiment,NVIDIA RTX 6000 Ada,fusion,su2_backward,production_e2e,su2-hea,18,8,f128r2_b128r2,,,split,phased,4,1.3400377026935648,0.0018625147941768727,34.00377026935648,0.9990861077511874,0.9871737501222579,1.4483445248464664,production_faster,1,6.938893903907228e-17,2.498001805406602e-16,40c2de1256d2d1d2,benchmark/results/structure_policy_paired_raw.csv
structure_and_diagonal_strategy_experiment,NVIDIA RTX 6000 Ada,fusion,su2_backward,production_e2e,su2-hea,20,8,f128r2_b128r2,,,split,lookup-fused,4,1.1165843621331555,9.616315566685074e-05,11.658436213315548,0.9907189052397536,0.9991544346500194,1.1523958239783145,production_faster,1,8.326672684688674e-17,3.191891195797325e-16,eaaa4b6fbc890836,benchmark/results/structure_policy_paired_raw.csv
structure_and_diagonal_strategy_experiment,NVIDIA RTX 6000 Ada,fusion,su2_backward,production_e2e,su2-hea,20,8,f128r2_b128r2,,,split,phased,4,1.472735481625332,8.840277544597264e-05,47.273548162533196,1.0004005855198432,1.0007185503085485,1.622795384032917,production_faster,1,1.6653345369377348e-16,3.642919299551295e-16,eaaa4b6fbc890836,benchmark/results/structure_policy_paired_raw.csv
structure_and_diagonal_strategy_experiment,NVIDIA RTX 6000 Ada,fusion,su2_backward,production_e2e,su2-hea,22,8,f128r3_b64r4,,,split,lookup-fused,4,1.0444526305611594,0.00812995253295512,4.4452630561159445,1.0004341541069905,0.9997023434596453,1.055888998958777,production_faster,1,2.7755575615628914e-17,2.914335439641036e-16,40c2de1256d2d1d2,benchmark/results/structure_policy_paired_raw.csv
structure_and_diagonal_strategy_experiment,NVIDIA RTX 6000 Ada,fusion,su2_backward,production_e2e,su2-hea,22,8,f128r3_b64r4,,,split,phased,4,1.4349584097309165,0.012174111177514102,43.495840973091646,1.004654237188618,0.9937821468437806,1.5451623543485749,production_faster,1,2.7755575615628914e-17,3.122502256758253e-16,40c2de1256d2d1d2,benchmark/results/structure_policy_paired_raw.csv
structure_and_diagonal_strategy_experiment,NVIDIA RTX 6000 Ada,fusion,su2_backward,production_e2e,su2-hea,24,8,f128r3_b64r4,,,split,lookup-fused,4,1.0508500538352625,0.0029393435321228845,5.085005383526253,0.9897598391517994,1.0015509618630491,1.069611373682012,production_faster,1,4.85722573273506e-17,7.216449660063518e-16,40c2de1256d2d1d2,benchmark/results/structure_policy_paired_raw.csv
structure_and_diagonal_strategy_experiment,NVIDIA RTX 6000 Ada,fusion,su2_backward,production_e2e,su2-hea,24,8,f128r3_b64r4,,,split,phased,4,1.4100370880427122,0.002521315614091635,41.00370880427122,0.9684227778797767,0.99796765901369,1.5425721207348269,production_faster,1,8.326672684688674e-17,7.355227538141662e-16,40c2de1256d2d1d2,benchmark/results/structure_policy_paired_raw.csv
structure_and_diagonal_strategy_experiment,NVIDIA RTX 6000 Ada,fusion,su2_backward,production_e2e,su2-hea,26,8,f128r3_b64r4,,,split,lookup-fused,3,1.0243630462632516,0.0003544246514910476,2.4363046263251587,0.996428386074515,1.0119053962816338,1.033598269369169,production_faster,1,1.6653345369377348e-16,1.7069679003611782e-15,40c2de1256d2d1d2,benchmark/results/structure_policy_paired_raw.csv
structure_and_diagonal_strategy_experiment,NVIDIA RTX 6000 Ada,fusion,su2_backward,production_e2e,su2-hea,26,8,f128r3_b64r4,,,split,phased,3,1.368909125744512,0.004374490390743668,36.89091257445121,0.9823302665835125,0.9706820946492708,1.4871692302673223,production_faster,1,3.3306690738754696e-16,1.915134717478395e-15,40c2de1256d2d1d2,benchmark/results/structure_policy_paired_raw.csv
structure_and_diagonal_strategy_experiment,NVIDIA RTX 6000 Ada,fusion,su2_backward,production_e2e,su2-hea,28,8,f128r3_b64r4,,,split,lookup-fused,3,1.0503198553419624,0.0001831062547250628,5.031985534196237,1.0067974738884913,0.9856200220655024,1.0648691232580703,production_faster,1,4.85722573273506e-17,2.4424906541753444e-15,40c2de1256d2d1d2,benchmark/results/structure_policy_paired_raw.csv
structure_and_diagonal_strategy_experiment,NVIDIA RTX 6000 Ada,fusion,su2_backward,production_e2e,su2-hea,28,8,f128r3_b64r4,,,split,phased,3,1.4076981184585595,0.0011885675011491514,40.769811845855955,1.0056149945377721,1.0078550800446773,1.5530132037851803,production_faster,1,8.326672684688674e-17,2.5396351688300456e-15,40c2de1256d2d1d2,benchmark/results/structure_policy_paired_raw.csv
structure_and_diagonal_strategy_experiment,NVIDIA RTX 6000 Ada,fusion,su2_backward,production_e2e,su2-hea,4,8,f32r2_b32r2,,,phased,lookup-fused,4,1.0143772220841178,0.0019801709328363115,1.4377222084117847,1.001797129158707,0.9926844904558345,1.0268113548457765,near_tie_keep_production,1,0.0,9.992007221626409e-16,40c2de1256d2d1d2,benchmark/results/structure_policy_paired_raw.csv
structure_and_diagonal_strategy_experiment,NVIDIA RTX 6000 Ada,fusion,su2_backward,production_e2e,su2-hea,4,8,f32r2_b32r2,,,phased,split,4,1.098176669936623,0.010495381126728875,9.81766699366231,0.9907397813060079,1.0059793456614297,1.1668425352505802,production_faster,1,0.0,9.992007221626409e-16,40c2de1256d2d1d2,benchmark/results/structure_policy_paired_raw.csv
structure_and_diagonal_strategy_experiment,NVIDIA RTX 6000 Ada,fusion,su2_backward,production_e2e,su2-hea,6,8,f32r2_b32r2,,,lookup-fused,phased,4,1.0273154923836982,0.005665463925698111,2.7315492383698237,1.0006000486782813,0.9900695783367152,1.041573049858058,production_faster,1,0.0,1.1657341758564144e-15,40c2de1256d2d1d2,benchmark/results/structure_policy_paired_raw.csv
structure_and_diagonal_strategy_experiment,NVIDIA RTX 6000 Ada,fusion,su2_backward,production_e2e,su2-hea,6,8,f32r2_b32r2,,,lookup-fused,split,4,1.029137417864872,0.018497334786394815,2.9137417864872006,0.994741608544033,0.9748845770617239,1.0533859633206306,production_faster,1,0.0,1.8041124150158794e-16,40c2de1256d2d1d2,benchmark/results/structure_policy_paired_raw.csv
structure_and_diagonal_strategy_experiment,NVIDIA RTX 6000 Ada,fusion,su2_backward,production_e2e,su2-hea,8,8,f64r2_b64r2,,,split,lookup-fused,4,1.0693737798471594,0.0024812249483577853,6.937377984715942,1.000293946944383,0.9809808600803478,1.1029881713637288,production_faster,1,0.0,1.1102230246251565e-16,40c2de1256d2d1d2,benchmark/results/structure_policy_paired_raw.csv
structure_and_diagonal_strategy_experiment,NVIDIA RTX 6000 Ada,fusion,su2_backward,production_e2e,su2-hea,8,8,f64r2_b64r2,,,split,phased,4,1.2745373167414071,0.012632016160361248,27.453731674140712,1.0016612936499592,1.0027361637483048,1.4065780236039969,production_faster,1,0.0,5.551115123125783e-16,40c2de1256d2d1d2,benchmark/results/structure_policy_paired_raw.csv
structure_and_diagonal_strategy_experiment,NVIDIA RTX 6000 Ada,fusion,su2_forward,production_e2e,su2-hea,10,8,f32r2_b32r2,compact:L4R0W0-L5R1W0,compact:L2R2W0-L4R2W0,phased,lookup-fused,4,1.0298584485383815,0.0015350961622845327,2.985844853838149,1.1014942606381355,0.9890941723421842,1.0023777537897487,production_faster,1,1.6653345369377348e-16,7.771561172376096e-16,eaaa4b6fbc890836,benchmark/results/structure_policy_paired_raw.csv
structure_and_diagonal_strategy_experiment,NVIDIA RTX 6000 Ada,fusion,su2_forward,production_e2e,su2-hea,10,8,f32r2_b32r2,compact:L4R0W0-L5R1W0,compact:L2R2W0-L4R2W0,phased,split,4,1.0416718740183102,0.0017088119063812801,4.167187401831018,1.1499239191193915,0.9912967388762137,1.0001616638909097,production_faster,1,1.6653345369377348e-16,7.771561172376096e-16,eaaa4b6fbc890836,benchmark/results/structure_policy_paired_raw.csv
structure_and_diagonal_strategy_experiment,NVIDIA RTX 6000 Ada,fusion,su2_forward,production_e2e,su2-hea,12,8,f32r2_b32r2,,,lookup-fused,phased,4,0.9872409160170297,0.008188777967042093,-1.275908398297032,0.9385727716990865,1.007430067734734,1.0029782272958463,near_tie_keep_production,1,2.7755575615628914e-16,3.3306690738754696e-16,40c2de1256d2d1d2,benchmark/results/structure_policy_paired_raw.csv
structure_and_diagonal_strategy_experiment,NVIDIA RTX 6000 Ada,fusion,su2_forward,production_e2e,su2-hea,12,8,f32r2_b32r2,,,lookup-fused,split,4,1.0095131830776158,0.009288603106131554,0.9513183077615839,1.0350582853923993,0.993845101028352,1.0053307511009872,near_tie_keep_production,1,1.1102230246251565e-16,5.551115123125783e-17,40c2de1256d2d1d2,benchmark/results/structure_policy_paired_raw.csv
structure_and_diagonal_strategy_experiment,NVIDIA RTX 6000 Ada,fusion,su2_forward,production_e2e,su2-hea,14,8,f32r2_b32r2,,,lookup-fused,phased,4,0.9830149295916469,0.002224307278244131,-1.6985070408353065,0.9432597528873803,1.005084839899061,0.9998912058898088,near_tie_keep_production,1,1.6653345369377348e-16,4.614364446098307e-16,40c2de1256d2d1d2,benchmark/results/structure_policy_paired_raw.csv
structure_and_diagonal_strategy_experiment,NVIDIA RTX 6000 Ada,fusion,su2_forward,production_e2e,su2-hea,14,8,f32r2_b32r2,,,lookup-fused,split,4,0.9939797606347234,0.00214464514891638,-0.6020239365276625,1.0122093429925458,0.9996546179005004,0.9871153501071541,near_tie_keep_production,1,8.326672684688674e-17,5.551115123125783e-17,40c2de1256d2d1d2,benchmark/results/structure_policy_paired_raw.csv
structure_and_diagonal_strategy_experiment,NVIDIA RTX 6000 Ada,fusion,su2_forward,production_e2e,su2-hea,16,8,f64r2_b64r2,,,lookup-fused,phased,4,1.0419046360866702,0.0007273251587185392,4.190463608667017,1.166211535118401,0.9819113437013495,0.9991813145721193,production_faster,1,2.983724378680108e-16,1.457167719820518e-16,40c2de1256d2d1d2,benchmark/results/structure_policy_paired_raw.csv
structure_and_diagonal_strategy_experiment,NVIDIA RTX 6000 Ada,fusion,su2_forward,production_e2e,su2-hea,16,8,f64r2_b64r2,,,lookup-fused,split,4,1.0141355994316679,0.0015211554038844222,1.4135599431667867,1.0496359405373992,0.9962957574834465,0.9990757202815699,near_tie_keep_production,1,1.3877787807814457e-16,9.71445146547012e-17,40c2de1256d2d1d2,benchmark/results/structure_policy_paired_raw.csv
structure_and_diagonal_strategy_experiment,NVIDIA RTX 6000 Ada,fusion,su2_forward,production_e2e,su2-hea,18,8,f128r2_b128r2,,,lookup-fused,phased,4,1.0848270549113472,0.00013869374821184888,8.482705491134723,1.3951381984469384,0.987066414128309,0.9978937080367694,production_faster,1,2.220446049250313e-16,2.0816681711721685e-16,40c2de1256d2d1d2,benchmark/results/structure_policy_paired_raw.csv
structure_and_diagonal_strategy_experiment,NVIDIA RTX 6000 Ada,fusion,su2_forward,production_e2e,su2-hea,18,8,f128r2_b128r2,,,lookup-fused,split,4,1.0195436192534704,0.0017331481403941584,1.9543619253470368,1.084369799716181,0.9912343566717847,1.0012641138233886,near_tie_keep_production,1,2.7755575615628914e-16,1.1102230246251565e-16,40c2de1256d2d1d2,benchmark/results/structure_policy_paired_raw.csv
structure_and_diagonal_strategy_experiment,NVIDIA RTX 6000 Ada,fusion,su2_forward,production_e2e,su2-hea,20,8,f128r2_b128r2,,,lookup-fused,phased,4,1.1219868564884012,7.273292756782013e-05,12.198685648840124,1.560401830969163,1.0012332444030418,0.9927447127733795,production_faster,1,5.551115123125783e-17,3.95516952522712e-16,eaaa4b6fbc890836,benchmark/results/structure_policy_paired_raw.csv
structure_and_diagonal_strategy_experiment,NVIDIA RTX 6000 Ada,fusion,su2_forward,production_e2e,su2-hea,20,8,f128r2_b128r2,,,lookup-fused,split,4,1.0256185467851828,4.917105166424296e-05,2.5618546785182827,1.1176514521306307,1.0006431704306664,1.0075361590765415,production_faster,1,1.6653345369377348e-16,1.3877787807814457e-16,eaaa4b6fbc890836,benchmark/results/structure_policy_paired_raw.csv
structure_and_diagonal_strategy_experiment,NVIDIA RTX 6000 Ada,fusion,su2_forward,production_e2e,su2-hea,22,8,f128r3_b64r4,,,lookup-fused,phased,4,1.112441657049495,0.005530285188404482,11.244165704949506,1.5668204294769383,0.9889621117645367,0.9973337450603997,production_faster,1,1.3183898417423734e-16,3.0531133177191805e-16,40c2de1256d2d1d2,benchmark/results/structure_policy_paired_raw.csv
structure_and_diagonal_strategy_experiment,NVIDIA RTX 6000 Ada,fusion,su2_forward,production_e2e,su2-hea,22,8,f128r3_b64r4,,,lookup-fused,split,4,1.0260004600581034,0.00022884010678592137,2.6000460058103414,1.1426432653998364,1.0008216826730725,0.996630090759367,production_faster,1,3.122502256758253e-17,1.6653345369377348e-16,40c2de1256d2d1d2,benchmark/results/structure_policy_paired_raw.csv
structure_and_diagonal_strategy_experiment,NVIDIA RTX 6000 Ada,fusion,su2_forward,production_e2e,su2-hea,24,8,f128r3_b64r4,,,lookup-fused,phased,4,1.0833710078326726,0.006055209583685328,8.33710078326726,1.5160343990632186,1.0005924430309918,0.96515424544607,production_faster,1,6.938893903907228e-17,1.6653345369377348e-16,40c2de1256d2d1d2,benchmark/results/structure_policy_paired_raw.csv
structure_and_diagonal_strategy_experiment,NVIDIA RTX 6000 Ada,fusion,su2_forward,production_e2e,su2-hea,24,8,f128r3_b64r4,,,lookup-fused,split,4,1.0521588798501103,0.004105983911456779,5.215887985011025,1.296887971540791,1.0078645883887647,0.9898555098795864,production_faster,1,5.551115123125783e-17,1.7520707107365752e-16,40c2de1256d2d1d2,benchmark/results/structure_policy_paired_raw.csv
structure_and_diagonal_strategy_experiment,NVIDIA RTX 6000 Ada,fusion,su2_forward,production_e2e,su2-hea,26,8,f128r3_b64r4,,,lookup-fused,phased,3,1.0850964622203074,0.005204468583922539,8.509646222030742,1.4404710781536114,0.979605978352238,0.9898288731682378,production_faster,1,1.1102230246251565e-16,2.498001805406602e-16,40c2de1256d2d1d2,benchmark/results/structure_policy_paired_raw.csv
structure_and_diagonal_strategy_experiment,NVIDIA RTX 6000 Ada,fusion,su2_forward,production_e2e,su2-hea,26,8,f128r3_b64r4,,,lookup-fused,split,3,1.0416420045505506,0.002209082336943391,4.164200455055056,1.2249294486610973,0.9980489852406743,0.9917962787727691,production_faster,1,1.1102230246251565e-16,1.3877787807814457e-16,40c2de1256d2d1d2,benchmark/results/structure_policy_paired_raw.csv
structure_and_diagonal_strategy_experiment,NVIDIA RTX 6000 Ada,fusion,su2_forward,production_e2e,su2-hea,28,8,f128r3_b64r4,,,lookup-fused,phased,3,1.0885551985826372,0.0007621437568496869,8.855519858263715,1.3863726890701222,1.0059323138226377,0.9974354550923142,production_faster,1,2.498001805406602e-16,1.8041124150158794e-16,40c2de1256d2d1d2,benchmark/results/structure_policy_paired_raw.csv
structure_and_diagonal_strategy_experiment,NVIDIA RTX 6000 Ada,fusion,su2_forward,production_e2e,su2-hea,28,8,f128r3_b64r4,,,lookup-fused,split,3,1.0323723434307237,0.0006602721812656309,3.2372343430723705,1.128943397450857,1.0190337586983493,1.0024106057911746,production_faster,1,1.3877787807814457e-17,1.3877787807814457e-16,40c2de1256d2d1d2,benchmark/results/structure_policy_paired_raw.csv
structure_and_diagonal_strategy_experiment,NVIDIA RTX 6000 Ada,fusion,su2_forward,production_e2e,su2-hea,4,8,f32r2_b32r2,,,lookup-fused,phased,4,0.9933064995541563,0.0012921545576597415,-0.6693500445843714,0.9821766817294953,0.9987936598845089,0.9983879154922699,near_tie_keep_production,1,5.551115123125783e-16,9.992007221626409e-16,40c2de1256d2d1d2,benchmark/results/structure_policy_paired_raw.csv
structure_and_diagonal_strategy_experiment,NVIDIA RTX 6000 Ada,fusion,su2_forward,production_e2e,su2-hea,4,8,f32r2_b32r2,,,lookup-fused,split,4,1.1401914674252698,0.021684628955417895,14.019146742526978,1.4854491538757366,0.9801777341610094,0.9884615510073222,production_faster,1,0.0,0.0,40c2de1256d2d1d2,benchmark/results/structure_policy_paired_raw.csv
structure_and_diagonal_strategy_experiment,NVIDIA RTX 6000 Ada,fusion,su2_forward,production_e2e,su2-hea,6,8,f32r2_b32r2,,,lookup-fused,phased,4,0.9853569587351033,0.0022214467473663513,-1.4643041264896683,0.9641614248416885,0.9825816598651187,0.9955140453540834,near_tie_keep_production,1,7.216449660063518e-16,1.3322676295501878e-15,40c2de1256d2d1d2,benchmark/results/structure_policy_paired_raw.csv
structure_and_diagonal_strategy_experiment,NVIDIA RTX 6000 Ada,fusion,su2_forward,production_e2e,su2-hea,6,8,f32r2_b32r2,,,lookup-fused,split,4,1.0651170081915233,0.00020562705956339578,6.511700819152333,1.2963759201319847,1.000437553076968,0.9876007636371167,production_faster,1,0.0,0.0,40c2de1256d2d1d2,benchmark/results/structure_policy_paired_raw.csv
structure_and_diagonal_strategy_experiment,NVIDIA RTX 6000 Ada,fusion,su2_forward,production_e2e,su2-hea,8,8,f64r2_b64r2,,,lookup-fused,phased,4,0.9957712250018036,0.004686899690316493,-0.4228774998196405,1.0146758055911596,0.9905489062249164,0.989048500543285,near_tie_keep_production,1,1.6653345369377348e-16,6.938893903907228e-16,40c2de1256d2d1d2,benchmark/results/structure_policy_paired_raw.csv
structure_and_diagonal_strategy_experiment,NVIDIA RTX 6000 Ada,fusion,su2_forward,production_e2e,su2-hea,8,8,f64r2_b64r2,,,lookup-fused,split,4,1.0313472933240557,0.0037908658353011937,3.1347293324055725,1.133609752443466,1.000129829451653,0.9905088252835001,production_faster,1,0.0,0.0,40c2de1256d2d1d2,benchmark/results/structure_policy_paired_raw.csv
